date,symbol,open,close,low,high,volume
1/4/2010,A,31.389999,31.300001,31.13,31.630001,3815500
1/5/2010,A,31.209999,30.960001,30.76,31.220001,4186000
1/6/2010,A,30.850001,30.850001,30.76,31.000001,3243700
1/7/2010,A,30.780001,30.809999,30.5,30.820001,3095100
1/8/2010,A,30.64,30.8,30.399999,30.850001,3733900
1/11/2010,A,30.879999,30.820001,30.670001,31.05,4781500
1/12/2010,A,30.560001,30.450001,30.219999,30.65,2871000
1/13/2010,A,30.469999,30.689999,30.050001,30.780001,3418900
1/14/2010,A,30.589999,31.150001,30.5,31.24,6163700
1/15/2010,A,31.220001,30.43,30.329999,31.359999,4626600
1/19/2010,A,30.359999,30.8,30.35,30.83,3563600
1/20/2010,A,30.53,30.630001,30.190001,30.670001,4589000
1/21/2010,A,31.000001,30.520001,30.179999,31.110001,6081400
1/22/2010,A,30.35,29.17,29.090001,30.35,4263000
1/25/2010,A,29.420001,29.450001,29.230001,29.65,3608500
1/26/2010,A,29.369999,29.29,28.980001,29.5,2696800
1/27/2010,A,29.200001,29.17,28.73,29.29,4362100
1/28/2010,A,29.130001,28.69,28.489999,29.369999,4937100
1/29/2010,A,28.929999,28.03,27.92,29.17,5923000
2/1/2010,A,28.159999,29.130001,28.130001,29.32,5585400
2/2/2010,A,29.219999,29.5,29.090001,29.589999,5884700
2/3/2010,A,29.39,29.54,29.36,29.889999,6085600
2/4/2010,A,29.299999,29.07,28.940001,29.450001,6632300
2/5/2010,A,28.910001,29.17,28.18,29.259999,9546600
2/8/2010,A,29.21,29.200001,29.130001,29.680001,6924100
2/9/2010,A,29.530001,29.409999,29.18,29.72,5150600
2/10/2010,A,29.460001,29.25,28.88,29.490001,3255500
2/11/2010,A,29.25,29.36,28.77,29.61,6982400
2/12/2010,A,30.65,29.98,29.570001,30.740001,11457800
2/16/2010,A,30.24,30.249999,29.970001,30.340001,6559500
2/17/2010,A,30.359999,30.630001,30.13,30.740001,4891100
2/18/2010,A,30.57,30.98,30.439999,31.000001,3313900
2/19/2010,A,30.839999,31.2,30.619999,31.27,4186100
2/22/2010,A,31.290001,31.150001,30.850001,31.290001,4038100
2/23/2010,A,31.09,30.850001,30.53,31.16,4366300
2/24/2010,A,30.970001,31.23,30.860001,31.24,3945800
2/25/2010,A,30.839999,31.09,30.230001,31.13,4778500
2/26/2010,A,31.169999,31.46,30.98,31.520001,4678100
3/1/2010,A,31.429999,32.089999,31.429999,32.129999,4723500
3/2/2010,A,32.000001,32.360001,31.850001,32.539999,6018200
3/3/2010,A,32.419999,32.440001,32.3,32.539999,6419600
3/4/2010,A,32.459999,32.26,31.839999,32.459999,6100100
3/5/2010,A,32.829999,33.159999,32.63,33.250001,7695200
3/8/2010,A,33.11,33,32.82,33.15,7017800
3/9/2010,A,32.93,33.269999,32.869999,33.33,7083300
3/10/2010,A,33.199999,33.66,33.089999,33.749999,4696700
3/11/2010,A,33.379999,33.580001,33.250001,33.599999,3942300
3/12/2010,A,33.62,33.419999,33.33,33.77,4015700
3/15/2010,A,33.320001,33.309999,33.04,33.500001,3619200
3/16/2010,A,33.390001,33.419999,33.22,33.580001,3285900
3/17/2010,A,33.44,33.379999,33.320001,33.639999,3926000
3/18/2010,A,33.3,33.459999,33.159999,33.580001,4494700
3/19/2010,A,33.419999,33.419999,33.130001,33.66,5882500
3/22/2010,A,33.26,33.720001,33.089999,33.830001,3946600
3/23/2010,A,33.78,34.11,33.66,34.21,5195800
3/24/2010,A,33.980001,33.899999,33.859999,34.11,3791500
3/25/2010,A,34.1,34.55,34.07,34.750001,6941300
3/26/2010,A,34.65,34.310001,34.11,34.7,4705800
3/29/2010,A,34.310001,34.4,34.280001,34.7,5377600
3/30/2010,A,34.460001,34.62,34.449999,34.7,5980300
3/31/2010,A,34.55,34.390001,34.29,34.58,5293300
4/1/2010,A,34.54,34.55,34.25,34.870001,3105000
4/5/2010,A,34.589999,34.819999,34.54,34.84,3731900
4/6/2010,A,34.640001,34.559999,34.420001,34.69,3499000
4/7/2010,A,34.47,34.29,34.130001,34.55,3269500
4/8/2010,A,34.1,33.99,33.55,34.149999,4199800
4/9/2010,A,34.039999,34.229999,33.870001,34.229999,3908600
4/12/2010,A,34.21,34.21,34.039999,34.33,4134500
4/13/2010,A,34.149999,33.899999,33.88,34.229999,3616400
4/14/2010,A,33.940001,34.409999,33.940001,34.599999,11638200
4/15/2010,A,34.449999,35.629999,34.22,35.91,12788600
4/16/2010,A,35.54,35.270001,35.069999,35.900001,8066100
4/19/2010,A,35.340001,35.160001,34.65,35.439999,4006300
4/20/2010,A,35.380001,36.289999,35.380001,36.469999,6989800
4/21/2010,A,36.179999,36.13,35.79,36.39,3142400
4/22/2010,A,35.8,36.440001,35.270001,36.480001,4662000
4/23/2010,A,36.39,36.64,36.099999,36.68,3653600
4/26/2010,A,36.670001,36.820001,36.469999,36.989999,3953500
4/27/2010,A,36.6,36.220001,36.13,36.960001,6097300
4/28/2010,A,36.469999,36.64,36.399999,36.850001,4384400
4/29/2010,A,36.930001,37.23,36.86,37.400001,3237300
4/30/2010,A,37.250001,36.260001,36.230001,37.429999,4195600
5/3/2010,A,36.5,36.769999,36.370001,36.890001,2599100
5/4/2010,A,36.359999,35.36,35.120001,36.359999,4539400
5/5/2010,A,34.92,34.76,34.449999,35.310001,4609900
5/6/2010,A,34.519999,33.280001,30.659999,34.819999,9026600
5/7/2010,A,33.089999,31.869999,31.499999,33.280001,11155000
5/10/2010,A,33.18,34.189999,32.990001,34.22,5671800
5/11/2010,A,33.679999,34.07,33.470001,34.519999,4720200
5/12/2010,A,34.160001,34.81,34.130001,34.99,3972800
5/13/2010,A,34.830001,34.779999,34.43,35.289999,6149900
5/14/2010,A,34.390001,33.859999,33.44,34.709999,4725600
5/17/2010,A,34.020001,34.189999,33.59,34.500001,5824700
5/18/2010,A,34,32.070001,31.83,34.050001,16516500
5/19/2010,A,32.01,32.59,32.000001,32.75,7204100
5/20/2010,A,31.729999,31.040001,31.000001,31.94,6588600
5/21/2010,A,30.32,31.34,30.179999,31.79,8263800
5/24/2010,A,31.24,31.400001,30.98,31.619999,5286900
5/25/2010,A,30.5,31.24,29.970001,31.249999,5348100
5/26/2010,A,31.509999,31.49,31.370001,32.250001,5328800
5/27/2010,A,32.210001,32.75,32.110001,32.78,3739000
5/28/2010,A,32.759999,32.360001,32.16,32.85,3430600
6/1/2010,A,32.089999,31.480001,31.42,32.37,3883000
6/2/2010,A,31.700001,32.220001,31.260001,32.220001,3572100
6/3/2010,A,32.34,32.400001,31.949999,32.550001,3770900
6/4/2010,A,31.609999,30.340001,30.21,31.71,6045900
6/7/2010,A,30.53,30.1,30.069999,30.689999,5700600
6/8/2010,A,30.179999,29.84,29.310001,30.370001,8392000
6/9/2010,A,29.98,29.519999,29.4,30.469999,6052000
6/10/2010,A,30.02,30.450001,29.77,30.479999,4699600
6/11/2010,A,30.050001,30.729999,30.050001,30.780001,2706500
6/14/2010,A,31.139999,31.46,30.960001,32.000001,5820900
6/15/2010,A,31.799999,32.199999,31.550001,32.220001,3576500
6/16/2010,A,31.990001,32.63,31.79,32.78,4280800
6/17/2010,A,32.800001,32.470001,32.019999,32.800001,3175100
6/18/2010,A,32.550001,32.609999,32.400001,32.939999,3728300
6/21/2010,A,33.060001,32.430001,32.220001,33.37,4096000
6/22/2010,A,32.41,32.019999,31.990001,32.920001,2854800
6/23/2010,A,32.08,31.97,31.480001,32.330001,3223200
6/24/2010,A,31.729999,30.76,30.64,31.920001,5806400
6/25/2010,A,30.919999,30.689999,30.439999,31.029999,5359700
6/28/2010,A,30.630001,30.579999,30.289999,30.860001,3104300
6/29/2010,A,30.029999,29.21,28.99,30.190001,6626200
6/30/2010,A,29.160001,28.430001,28.320001,29.490001,5267800
7/1/2010,A,28.500001,28.280001,27.44,28.610001,6993400
7/2/2010,A,28.36,27.789999,27.59,28.390001,4633900
7/6/2010,A,28.350001,27.749999,27.529999,28.570001,5281900
7/7/2010,A,27.789999,28.570001,27.719999,28.639999,4614500
7/8/2010,A,28.77,28.81,28.379999,28.95,5118000
7/9/2010,A,28.88,28.650001,28.449999,28.95,3316600
7/12/2010,A,28.51,28.200001,28.03,28.720001,5240100
7/13/2010,A,28.47,28.749999,28.420001,28.95,5721800
7/14/2010,A,28.62,28.69,28.58,29.25,5884400
7/15/2010,A,28.62,28.4,28.130001,28.73,5779000
7/16/2010,A,28.200001,27.030001,26.97,28.29,8874300
7/19/2010,A,27.290001,27.540001,27.070001,27.709999,7919500
7/20/2010,A,27.030001,27.52,26.74,27.55,6096800
7/21/2010,A,27.679999,27.580001,27.41,28.200001,6225100
7/22/2010,A,27.950001,28.720001,27.950001,28.870001,5102000
7/23/2010,A,28.559999,29.299999,28.449999,29.409999,5194100
7/26/2010,A,29.219999,29.640001,29.109999,29.669999,2971700
7/27/2010,A,29.73,28.870001,28.81,29.73,4670800
7/28/2010,A,28.790001,28.779999,28.74,29.270001,4355700
7/29/2010,A,28.969999,28.15,27.78,29.149999,6163200
7/30/2010,A,27.78,27.93,27.66,28.170001,5164700
8/2/2010,A,28.350001,28.819999,28.200001,28.969999,4052300
8/3/2010,A,28.610001,27.840001,27.800001,28.73,5927700
8/4/2010,A,27.859999,28.29,27.749999,28.350001,3288900
8/5/2010,A,28.03,28.460001,27.96,28.629999,2891400
8/6/2010,A,28.18,28.73,28.07,28.749999,4722100
8/9/2010,A,28.92,29.820001,28.870001,29.87,5157200
8/10/2010,A,29.439999,29.460001,29.130001,29.680001,4874400
8/11/2010,A,28.859999,28.22,27.980001,28.900001,3952400
8/12/2010,A,27.650001,27.529999,27.41,27.78,4552800
8/13/2010,A,27.390001,27.349999,27.3,27.85,3420900
8/16/2010,A,27.11,27.159999,27,27.679999,4635900
8/17/2010,A,28.749999,29.28,28.420001,29.530001,10206500
8/18/2010,A,29.329999,29.439999,29.07,29.659999,4255500
8/19/2010,A,29.25,28.540001,28.22,29.259999,4729800
8/20/2010,A,28.26,28.559999,27.990001,28.66,4716700
8/23/2010,A,28.74,27.96,27.92,28.790001,4365600
8/24/2010,A,27.52,27.360001,27.089999,27.67,4102800
8/25/2010,A,27.140001,27.690001,26.679999,27.829999,6108700
8/26/2010,A,27.880001,27.510001,27.489999,28.130001,4125700
8/27/2010,A,27.690001,27.96,27.030001,28.049999,4677700
8/30/2010,A,27.77,27.679999,27.679999,28.18,3624800
8/31/2010,A,27.569999,26.97,26.75,27.599999,7467400
9/1/2010,A,27.45,28.29,27.430001,28.449999,5088500
9/2/2010,A,28.47,29.21,28.350001,29.25,3802900
9/3/2010,A,29.490001,29.849999,29.490001,29.99,3164900
9/7/2010,A,29.69,28.99,28.95,29.710001,3085800
9/8/2010,A,29.079999,28.84,28.790001,29.240001,3923600
9/9/2010,A,29.25,28.929999,28.92,29.39,2937100
9/10/2010,A,28.95,28.910001,28.720001,29.18,2481000
9/13/2010,A,29.230001,29.130001,28.95,29.460001,4135400
9/14/2010,A,29.020001,29.17,28.650001,29.36,3676700
9/15/2010,A,29.149999,29.409999,28.749999,29.61,5233900
9/16/2010,A,29.340001,30.040001,29.259999,30.2,6245200
9/17/2010,A,30.32,30.549999,30.21,30.930001,6663100
9/20/2010,A,30.780001,31.029999,30.57,31.139999,5145400
9/21/2010,A,30.98,31.150001,30.79,31.300001,4078500
9/22/2010,A,30.98,30.76,30.75,31.34,5396500
9/23/2010,A,30.490001,30.560001,30.35,30.91,3913800
9/24/2010,A,30.970001,32.089999,30.970001,32.16,5083900
9/27/2010,A,32.070001,32.000001,31.68,32.140001,3866800
9/28/2010,A,31.960001,32.34,31.71,32.440001,3996700
9/29/2010,A,32.100001,32.580001,32.100001,32.660001,4729000
9/30/2010,A,32.770001,33.37,32.639999,33.540001,8493600
10/1/2010,A,33.690001,33.73,33.390001,34.280001,8238500
10/4/2010,A,33.559999,32.59,32.38,33.610001,6835800
10/5/2010,A,32.950001,33.04,32.86,33.390001,5904700
10/6/2010,A,33.020001,32.67,32.290001,33.119999,4522200
10/7/2010,A,32.93,33.199999,32.840001,33.52,5224600
10/8/2010,A,33.210001,33.800001,32.990001,33.92,4003000
10/11/2010,A,33.77,33.749999,33.55,33.969999,2680200
10/12/2010,A,33.610001,33.679999,33.29,33.92,4812100
10/13/2010,A,33.950001,34.310001,33.899999,34.479999,4471500
10/14/2010,A,34.280001,34.229999,34.03,34.350001,4072500
10/15/2010,A,34.599999,34.479999,34.079999,34.739999,3888800
10/18/2010,A,34.489999,34.66,34.130001,34.77,2889600
10/19/2010,A,34.130001,34.020001,33.559999,34.460001,5580600
10/20/2010,A,34.14,34.66,34.090001,34.849999,3486600
10/21/2010,A,34.790001,34.750001,34.420001,34.999999,4276600
10/22/2010,A,34.739999,34.750001,34.519999,34.92,3521400
10/25/2010,A,35.03,34.900001,34.750001,35.160001,3706000
10/26/2010,A,34.629999,34.8,34.4,34.999999,4473700
10/27/2010,A,34.479999,34.589999,34.170001,34.76,2316200
10/28/2010,A,35.13,34.92,34.420001,35.329999,3349600
10/29/2010,A,34.819999,34.8,34.62,35.010001,2703500
11/1/2010,A,34.940001,34.750001,34.380001,35.120001,2885400
11/2/2010,A,34.980001,35.06,34.779999,35.190001,2930000
11/3/2010,A,35.179999,35.109999,34.559999,35.28,3352800
11/4/2010,A,35.5,35.989999,35.410001,36.040001,3856600
11/5/2010,A,35.970001,36.38,35.849999,36.399999,3263200
11/8/2010,A,36.150001,36.179999,35.84,36.38,2605700
11/9/2010,A,36.179999,35.479999,35.24,36.179999,4461100
11/10/2010,A,35.46,35.259999,34.889999,35.659999,4641200
11/11/2010,A,34.8,35.73,34.479999,35.8,5294900
11/12/2010,A,35.900001,36.359999,35.509999,37.550001,9890500
11/15/2010,A,36.539999,36.2,35.769999,36.619999,6752000
11/16/2010,A,35.809999,35.039999,34.8,35.849999,6894700
11/17/2010,A,34.999999,35.21,34.84,35.35,3886400
11/18/2010,A,35.640001,36.230001,35.519999,36.399999,4135100
11/19/2010,A,36.17,36.46,35.780001,36.469999,2985200
11/22/2010,A,36.150001,36.28,35.8,36.57,3195800
11/23/2010,A,35.860001,35.43,35.120001,35.860001,3200300
11/24/2010,A,35.619999,36.340001,35.54,36.429999,3026500
11/26/2010,A,35.959999,36.35,35.769999,36.440001,1094600
11/29/2010,A,35.95,35.65,35.310001,36.010001,4813000
11/30/2010,A,35.230001,35.02,34.99,35.399999,6086600
12/1/2010,A,35.65,36.120001,35.61,36.150001,5770800
12/2/2010,A,35.98,36.72,35.890001,36.839999,4237300
12/3/2010,A,36.5,37.480001,36.480001,37.590001,4565400
12/6/2010,A,37.3,37.129999,37.05,37.400001,2309200
12/7/2010,A,37.590001,37.579999,37.499999,37.880001,5754700
12/8/2010,A,37.590001,37.660001,37.140001,37.759999,4697100
12/9/2010,A,37.850001,38.049999,37.770001,38.060001,4770300
12/10/2010,A,38,38.540001,38,38.899999,7753300
12/13/2010,A,38.540001,38.7,38.33,39.090001,6566400
12/14/2010,A,38.800001,38.899999,38.78,39.229999,4478000
12/15/2010,A,39.009999,38.48,38.459999,39.189999,4601700
12/16/2010,A,38.609999,39.74,38.48,39.77,6021800
12/17/2010,A,39.760001,40.54,39.59,40.99,9358600
12/20/2010,A,40.1,40.629999,39.460001,40.669999,5625100
12/21/2010,A,40.65,40.830001,40.519999,41.06,5054100
12/22/2010,A,40.66,41.06,40.39,41.06,3849500
12/23/2010,A,40.91,41.069999,40.91,41.32,2290400
12/27/2010,A,40.889999,41.919999,40.889999,42.059999,5207900
12/28/2010,A,41.930001,41.509999,41.39,42.080001,4221900
12/29/2010,A,41.54,41.69,41.509999,42.02,2677000
12/30/2010,A,41.64,41.589999,41.450001,41.850001,2217200
12/31/2010,A,41.43,41.43,41.24,41.699999,2050700
1/3/2011,A,41.560001,41.879999,41.410001,42.139999,4994000
1/4/2011,A,41.989999,41.490001,41.179999,42.099999,5017200
1/5/2011,A,41.260001,41.399999,40.999999,41.729999,4519000
1/6/2011,A,41.370001,41.479999,41.21,41.839999,4699000
1/7/2011,A,41.520001,41.619999,41.040001,41.8,3810900
1/10/2011,A,41.410001,42.220001,41.300001,42.72,4397900
1/11/2011,A,42.520001,42.94,42.38,43.309999,4635000
1/12/2011,A,43.199999,43.129999,42.960001,43.41,3443500
1/13/2011,A,42.880001,42.97,42.869999,43.23,2343700
1/14/2011,A,42.79,43.26,42.759999,43.37,3097500
1/18/2011,A,43.37,44.350001,43.320001,44.449999,4168200
1/19/2011,A,44.22,42.429999,42.27,44.29,6341700
1/20/2011,A,41.949999,42.290001,41.46,42.579999,6814900
1/21/2011,A,42.499999,42.110001,42.029999,43.26,4200400
1/24/2011,A,42.180001,42.770001,42.070001,42.79,2890300
1/25/2011,A,42.770001,42.689999,42.279999,43.52,4379600
1/26/2011,A,42.82,42.57,42.040001,42.97,5490500
1/27/2011,A,42.770001,42.45,42.370001,43.089999,4459200
1/28/2011,A,42.499999,40.98,40.88,42.520001,5074400
1/31/2011,A,41.21,41.83,40.889999,41.83,5160000
2/1/2011,A,42.070001,42.05,41.930001,42.700001,4736800
2/2/2011,A,41.75,41.230001,40.820001,41.91,5551100
2/3/2011,A,40.930001,40.99,40.230001,41.179999,4924800
2/4/2011,A,41.109999,42.990001,40.940001,43.129999,7265100
2/7/2011,A,43.45,44.44,43.37,44.67,6388700
2/8/2011,A,44.650001,44.170001,43.829999,44.709999,5220900
2/9/2011,A,44.009999,43.430001,43.16,44.170001,5283600
2/10/2011,A,43.220001,44,42.57,44.009999,4579500
2/11/2011,A,43.770001,45.020001,43.649999,45.150002,6201600
2/14/2011,A,45.000002,44.790001,44.720001,45.419998,4865300
2/15/2011,A,44.790001,42.649999,42.64,45.000002,10243200
2/16/2011,A,42.9,43.569999,42.700001,43.6,5815400
2/17/2011,A,43.38,43.920001,43.019999,44,3665200
2/18/2011,A,43.85,43.920001,43.649999,44.29,6137600
2/22/2011,A,43.27,42.49,42.389999,43.75,5792800
2/23/2011,A,42.56,40.449999,39.940001,42.75,9889700
2/24/2011,A,40.340001,41.150001,40.18,41.549999,6228700
2/25/2011,A,41.2,42.359999,41.13,42.410001,6007700
2/28/2011,A,42.429999,42.080001,41.359999,42.649999,4292200
3/1/2011,A,41.98,40.680001,40.65,42.49,5719700
3/2/2011,A,40.570001,41.46,40.36,41.57,4721400
3/3/2011,A,42.12,42.82,42.12,43.140001,6092400
3/4/2011,A,43.349999,46.749998,43.349999,46.809999,18664100
3/7/2011,A,46.260002,45.869998,45.380001,46.8,10355400
3/8/2011,A,46.009998,45.970001,45.680001,46.21,5445300
3/9/2011,A,45.649998,46.050001,44.599999,46.050001,4869600
3/10/2011,A,45.359997,44.88,44.720001,45.709999,6788200
3/11/2011,A,45.070003,45.339999,43.899999,45.499998,6208700
3/14/2011,A,45.090001,44.839998,44.11,45.409999,7917800
3/15/2011,A,43.349999,43.82,42.579999,44.170001,9660500
3/16/2011,A,43.59,42.330001,41.860001,43.759999,7049600
3/17/2011,A,43.129999,42.45,41.9,43.48,6082800
3/18/2011,A,43.129999,42.94,42.68,43.679999,5429200
3/21/2011,A,43.52,43.950001,43.470001,44.37,4382300
3/22/2011,A,43.910001,43.19,42.75,43.950001,3381600
3/23/2011,A,42.949999,43.67,42.75,43.85,5258000
3/24/2011,A,44,43.910001,43.45,44.11,3846500
3/25/2011,A,44.009999,44.04,43.730001,44.500001,2914400
3/28/2011,A,44.240001,43.96,43.869999,44.67,4169800
3/29/2011,A,43.939999,44.559999,43.510001,44.62,3209300
3/30/2011,A,44.790001,45.090001,44.650001,45.170001,3514700
3/31/2011,A,44.920003,44.780002,44.459999,45.020001,3068400
4/1/2011,A,44.88,45.139997,44.780002,45.479999,3092700
4/4/2011,A,45.070003,44.829999,44.360001,45.409999,2983100
4/5/2011,A,44.749999,45.339999,44.610001,45.499998,4385200
4/6/2011,A,45.510003,45.290003,44.720001,45.7,3287900
4/7/2011,A,45.230002,44.870001,44.26,45.440002,2939100
4/8/2011,A,45.189999,44.89,44.769998,45.670002,2798000
4/11/2011,A,44.800001,44.989998,44.650001,45.359997,2207100
4/12/2011,A,44.74,44.940001,44.280001,45.4,3874600
4/13/2011,A,45.209998,46.589999,45.199998,46.73,7127400
4/14/2011,A,46.270001,46.630001,45.610001,46.72,6499500
4/15/2011,A,46.609998,47.500002,46.330002,47.98,6851500
4/18/2011,A,46.850001,46.58,45.32,46.850001,6401000
4/19/2011,A,46.710001,46.739999,46.299999,46.8,6125100
4/20/2011,A,47.479999,48.64,47.409998,48.830002,5067700
4/21/2011,A,48.93,49.340002,48.78,49.399998,4284100
4/25/2011,A,49.089999,48.180001,47.97,49.179998,4669000
4/26/2011,A,48.429999,49.399998,48.42,50.240001,6710400
4/27/2011,A,49.459999,50.03,49.22,50.11,3805000
4/28/2011,A,49.839998,50.320001,49.650001,50.540001,3151500
4/29/2011,A,50.300002,49.909998,49.829999,50.680001,3312500
5/2/2011,A,50.25,50.440003,50.020001,50.760001,3657800
5/3/2011,A,50.48,50.600002,50.100001,50.680001,3154300
5/4/2011,A,50.559999,49.500001,49.140001,50.709999,5215200
5/5/2011,A,49.37,49.169999,49.019999,49.950001,4840700
5/6/2011,A,49.989998,49.730001,49.249998,50.530001,3613200
5/9/2011,A,49.850003,49.880001,49.459999,50.03,2830800
5/10/2011,A,50.100001,50.670002,49.580001,50.740002,5826500
5/11/2011,A,50.509998,50.03,49.66,50.649998,4219700
5/12/2011,A,49.839998,50.33,49.389999,50.590002,5065300
5/13/2011,A,54.070001,52.580002,51.720001,55.33,14105600
5/16/2011,A,52.189998,52.32,52.070002,52.999998,7251700
5/17/2011,A,51.700002,51.169998,50.810002,51.910003,6319000
5/18/2011,A,51.130001,51.73,50.999999,51.840002,5553600
5/19/2011,A,51.940001,51.159998,51.050001,51.979998,7214600
5/20/2011,A,51.149999,50.7,50.429998,51.21,4684400
5/23/2011,A,49.81,49.099998,48.499999,49.81,5963500
5/24/2011,A,49.239999,48.690001,48.390002,49.239999,4805200
5/25/2011,A,48.260001,49.019999,48.129999,49.319998,5223200
5/26/2011,A,48.719999,49.389999,48.620001,49.6,4569300
5/27/2011,A,49.399998,49.6,49.169999,49.749999,2993900
5/31/2011,A,49.689998,49.870001,49.22,50.03,3694000
6/1/2011,A,49.790002,47.999998,47.880002,49.790002,5815200
6/2/2011,A,48.170002,48.180001,47.859998,48.63,4654900
6/3/2011,A,47.39,47.430002,46.829998,47.950002,4042000
6/6/2011,A,47.249999,47.060002,46.990002,47.500002,2882100
6/7/2011,A,47.510002,47.699999,47.150001,48.05,5771500
6/8/2011,A,47.520001,47.740001,47.329999,48.069998,6588300
6/9/2011,A,47.839999,48.71,47.709998,49.130002,4587100
6/10/2011,A,48.449998,48.19,48.129999,48.939999,5479300
6/13/2011,A,48.260001,47.53,47.099999,48.400001,5627500
6/14/2011,A,48.349999,48.970003,48.209999,49.89,6710900
6/15/2011,A,48.460002,47.370001,47.24,48.460002,4896400
6/16/2011,A,47.249999,47.060002,46.379998,47.76,4245000
6/17/2011,A,47.68,47.430002,47.300001,48.059999,5989500
6/20/2011,A,47.09,48.380003,46.819998,48.530002,5328300
6/21/2011,A,48.700001,49.82,48.669998,50.320001,4937700
6/22/2011,A,49.570002,48.949999,48.93,49.839998,3200300
6/23/2011,A,48.180001,49.379999,47.440001,49.479998,4860000
6/24/2011,A,49.319998,48.49,48.349999,49.329998,3699500
6/27/2011,A,48.349999,48.850001,47.849998,49.15,4281500
6/28/2011,A,49.029998,50.48,48.750002,50.709999,4629300
6/29/2011,A,50.789999,50.590002,50.370002,51.14,4879400
6/30/2011,A,50.540001,51.110002,50.499998,51.990002,4887200
7/1/2011,A,51.229999,52.000002,50.929999,52.129997,3925000
7/5/2011,A,51.930001,51.66,51.29,52.000002,2608600
7/6/2011,A,51.51,51.819999,51.260002,51.88,3521200
7/7/2011,A,52.430002,52.380001,51.560001,52.619999,3384900
7/8/2011,A,51.050001,50.230002,48.760002,51.759998,11101200
7/11/2011,A,49.45,49.089999,48.93,49.899999,4169600
7/12/2011,A,48.589998,48.069998,47.6,48.649999,5866800
7/13/2011,A,48.250001,48.139999,47.199997,48.690001,7282100
7/14/2011,A,48.27,47.329999,47.039998,48.27,5226500
7/15/2011,A,47.61,47.080001,46.57,47.61,5284800
7/18/2011,A,46.710001,45.460001,44.81,46.760003,9249300
7/19/2011,A,45.760001,46.94,45.709999,47.080001,4987300
7/20/2011,A,46.95,46.920002,46.229998,47.039998,5347700
7/21/2011,A,47.140002,46.920002,46.5,47.300001,5937800
7/22/2011,A,46.95,46.889999,46.519999,47.140002,2894100
7/25/2011,A,46.190001,46.400002,46.100003,46.72,2576600
7/26/2011,A,45.830001,44.839998,44.62,46.06,7169700
7/27/2011,A,44.44,42.46,42.290001,44.44,9148200
7/28/2011,A,42.370001,42.180001,41.879999,42.780001,10474500
7/29/2011,A,41.54,42.16,41.289999,42.880001,5363900
8/1/2011,A,42.619999,40.790001,40.479999,42.780001,7920500
8/2/2011,A,40.350001,38.939999,38.92,41.139999,7940200
8/3/2011,A,39.079999,39.200001,37.9,39.320001,6587200
8/4/2011,A,38.829999,36.909999,36.86,38.829999,8617500
8/5/2011,A,37.6,36.590001,35.369999,37.990001,12583600
8/8/2011,A,35.450001,32.56,32.360001,35.930001,13254000
8/9/2011,A,33.269999,34.21,32.100001,34.240001,11422600
8/10/2011,A,33.320001,31.850001,31.78,33.749999,14205400
8/11/2011,A,32.12,34.51,31.86,34.980001,11281700
8/12/2011,A,34.95,36.209999,34.409999,36.94,13183900
8/15/2011,A,36.72,37.499999,36.440001,37.569999,9078300
8/16/2011,A,36.97,36.630001,36.029999,38.129999,10777100
8/17/2011,A,36.87,35.8,35.179999,37.250001,6578200
8/18/2011,A,34.589999,32.23,32.000001,34.610001,10285300
8/19/2011,A,31.740001,31.080001,31.029999,32.759999,8476400
8/22/2011,A,31.990001,30.5,30.42,32.199999,9511700
8/23/2011,A,30.729999,31.86,30.219999,32.239999,11927800
8/24/2011,A,31.86,33.08,31.56,33.130001,7933300
8/25/2011,A,33.430001,33.030001,32.56,33.88,9486200
8/26/2011,A,32.639999,34.870001,32.110001,34.95,10275300
8/29/2011,A,35.439999,36.72,35.25,36.86,10804800
8/30/2011,A,36.480001,36.619999,35.879999,37.08,5448700
8/31/2011,A,36.76,36.87,36.450001,38.060001,7548600
9/1/2011,A,36.799999,35.84,35.670001,37.349999,6791200
9/2/2011,A,34.900001,34.4,33.99,35.080001,7926600
9/6/2011,A,32.789999,33.92,32.15,34.039999,10573200
9/7/2011,A,34.43,35.69,34.420001,35.900001,8880600
9/8/2011,A,35.410001,34.14,33.89,35.509999,8666000
9/9/2011,A,33.650001,33.360001,33.04,34.530001,6258500
9/12/2011,A,32.679999,33.41,32.08,33.540001,7395800
9/13/2011,A,33.52,34.779999,33.390001,34.999999,7681400
9/14/2011,A,35.120001,36.579999,34.629999,37.239999,9617100
9/15/2011,A,37.12,37.040001,36.080001,37.23,6804400
9/16/2011,A,37.19,36.359999,35.72,37.41,6992500
9/19/2011,A,35.410001,34.959999,33.92,35.410001,8326900
9/20/2011,A,35.35,35.050001,35.039999,36.49,6024200
9/21/2011,A,35.090001,32.250001,32.19,35.1,11669500
9/22/2011,A,31.09,31.290001,30.729999,31.590001,8830600
9/23/2011,A,31.000001,31.68,30.83,32.220001,6071300
9/26/2011,A,32.04,32.389999,31.370001,32.52,7663800
9/27/2011,A,33.41,33.559999,33.15,34.559999,6660400
9/28/2011,A,33.650001,31.64,31.579999,33.7,6491100
9/29/2011,A,32.499999,32.52,31.359999,32.89,6669400
9/30/2011,A,31.83,31.249999,31.05,32.16,5866200
10/3/2011,A,30.9,29.4,29.380001,31.040001,7265200
10/4/2011,A,28.870001,31.01,28.669999,31.029999,7549200
10/5/2011,A,31.13,32.12,30.699999,32.169999,6863400
10/6/2011,A,31.97,33.540001,31.45,33.559999,7000000
10/7/2011,A,32.3,31.370001,30.43,32.639999,11309200
10/10/2011,A,32.140001,33.309999,32.019999,33.449999,5389200
10/11/2011,A,32.869999,33.929999,32.56,34.11,5474000
10/12/2011,A,34.21,33.78,33.4,34.58,10626700
10/13/2011,A,33.33,32.470001,31.890001,33.41,11806500
10/14/2011,A,33.159999,33.339999,33.020001,33.55,8137000
10/17/2011,A,33.020001,33.07,32.759999,33.459999,6988800
10/18/2011,A,33.030001,33.48,32.140001,33.720001,8460100
10/19/2011,A,33.309999,32.990001,32.840001,33.81,4883300
10/20/2011,A,33.130001,33.73,32.48,33.85,6738400
10/21/2011,A,34.280001,35.270001,34.21,35.439999,6025600
10/24/2011,A,35.589999,37.539999,35.439999,37.730001,8540800
10/25/2011,A,36.949999,35.930001,35.820001,37.389999,7371000
10/26/2011,A,35.98,35.79,34.830001,36.06,8705200
10/27/2011,A,37.799999,39.999999,37.059999,40.4,12472800
10/28/2011,A,39.84,40.889999,39.7,41.050001,8831700
10/31/2011,A,39.85,37.070001,37.070001,39.969999,10448500
11/1/2011,A,35.24,35.289999,34.66,36.06,10616600
11/2/2011,A,35.820001,36.16,35.5,36.549999,5647300
11/3/2011,A,36.810001,37.129999,36.040001,37.45,6497400
11/4/2011,A,36.57,36.909999,35.820001,37.059999,4422700
11/7/2011,A,36.799999,37.74,36.450001,37.850001,5491000
11/8/2011,A,38.019999,38.749999,37.550001,38.789999,5024600
11/9/2011,A,37.41,36.069999,35.69,37.64,9209700
11/10/2011,A,36.9,36.86,36.38,37.49,5333600
11/11/2011,A,37.6,37.459999,37.209999,38.199999,5475200
11/14/2011,A,37.129999,37.550001,37.000001,37.810001,3645900
11/15/2011,A,37.960001,38.250001,37.209999,38.569999,5856600
11/16/2011,A,37.34,38.580001,37.19,39.390001,11574100
11/17/2011,A,38.34,37.209999,36.9,38.56,6292100
11/18/2011,A,37.499999,36.810001,36.61,37.499999,5323400
11/21/2011,A,35.809999,35.79,34.88,35.989999,5598800
11/22/2011,A,35.619999,35.58,35.039999,36.120001,3709300
11/23/2011,A,35.010001,33.599999,33.599999,35.120001,5950400
11/25/2011,A,33.419999,33.830001,33.22,34.380001,3196200
11/28/2011,A,35.13,35.160001,34.720001,35.879999,4303000
11/29/2011,A,35.369999,35.02,34.849999,35.640001,3942600
11/30/2011,A,36.579999,37.499999,36.53,37.689999,4678600
12/1/2011,A,37.3,37.82,37.05,38.379999,4444500
12/2/2011,A,38.390001,36.76,36.670001,38.580001,4885300
12/5/2011,A,37.53,37.059999,36.769999,37.880001,4575200
12/6/2011,A,37.129999,36.98,36.480001,37.349999,3471700
12/7/2011,A,36.670001,36.659999,35.61,37.000001,4219000
12/8/2011,A,36.230001,34.420001,34.32,36.39,6042900
12/9/2011,A,34.849999,35.329999,34.449999,35.479999,3554400
12/12/2011,A,34.81,33.73,33.339999,34.92,5470200
12/13/2011,A,34.060001,33.15,32.97,34.4,4265900
12/14/2011,A,33,32.93,32.510001,33.449999,4577700
12/15/2011,A,33.529999,33.449999,33.19,33.78,4477300
12/16/2011,A,33.73,33.459999,33.26,34.240001,4365600
12/19/2011,A,33.63,33.229999,33.140001,33.950001,4984200
12/20/2011,A,33.99,34.58,33.950001,34.779999,5132800
12/21/2011,A,34.43,34.36,33.85,34.65,3751200
12/22/2011,A,33.910001,34.84,33.910001,35.039999,2636400
12/23/2011,A,34.84,35.36,34.69,35.380001,1936900
12/27/2011,A,35.190001,35.25,35.160001,35.57,1954800
12/28/2011,A,35.25,34.11,34.020001,35.35,2566500
12/29/2011,A,34.14,35.06,34.03,35.13,2669200
12/30/2011,A,34.929999,34.929999,34.819999,35.509999,1930900
1/3/2012,A,35.84,36.480001,35.739999,36.989999,4156300
1/4/2012,A,36.150001,36.190001,35.589999,36.359999,4651800
1/5/2012,A,35.879999,37.000001,35.72,37.319999,6842600
1/6/2012,A,37.09,37.400001,36.810001,37.56,4711300
1/9/2012,A,37.620001,38.379999,37.469999,38.419999,4429500
1/10/2012,A,38.82,39.100001,38.609999,39.420001,4459600
1/11/2012,A,38.880001,38.92,38.529999,39.299999,3932500
1/12/2012,A,39.14,39.519999,38.360001,39.58,3973300
1/13/2012,A,39.060001,39.060001,38.499999,39.210001,5058300
1/17/2012,A,39.760001,39.99,39.7,40.39,5812800
1/18/2012,A,39.999999,41.270001,39.85,41.329999,4432700
1/19/2012,A,41.370001,41.850001,41.109999,42.31,4322300
1/20/2012,A,41.769999,40.999999,40.680001,41.9,5461200
1/23/2012,A,40.88,40.999999,40.530001,41.21,4743500
1/24/2012,A,40.919999,42.6,40.8,42.990001,7632600
1/25/2012,A,42.869999,44.049999,42.300001,44.210001,6512700
1/26/2012,A,44.269999,42.660001,42.480001,44.850002,8088400
1/27/2012,A,42.38,42.68,42.27,42.949999,3394300
1/30/2012,A,41.930001,43.16,41.72,43.19,4085900
1/31/2012,A,43.330001,42.469999,42.31,43.539999,4697900
2/1/2012,A,43.08,44.19,42.97,44.419999,5801600
2/2/2012,A,44.210001,43.719999,43.660001,44.500001,3112700
2/3/2012,A,44.4,45.279998,44.210001,45.300002,4875100
2/6/2012,A,44.74,44.66,44.309999,44.920003,4172600
2/7/2012,A,44.759998,44.599999,44.22,44.88,3561200
2/8/2012,A,44.7,44.969999,44.41,45.049999,3033100
2/9/2012,A,45.000002,45.090001,44.3,45.349998,3132900
2/10/2012,A,44.240001,44.140001,43.510001,44.269999,3698800
2/13/2012,A,44.690001,43.840001,43.52,44.7,4791600
2/14/2012,A,43.74,43.78,43.34,44.250001,3659400
2/15/2012,A,44.500001,43.64,43.430001,44.500001,3490500
2/16/2012,A,43.000001,43.829999,41.76,43.950001,9901700
2/17/2012,A,44.04,43.140001,42.979999,44.140001,5687300
2/21/2012,A,43.27,42.609999,42.42,43.38,3963800
2/22/2012,A,42.550001,42.72,42.34,43.290001,3457200
2/23/2012,A,42.729999,43.41,42.499999,43.64,3357000
2/24/2012,A,43.529999,43.019999,42.97,43.990001,4104500
2/27/2012,A,42.71,43.349999,42.45,43.580001,2871300
2/28/2012,A,43.499999,43.63,43.19,43.71,2960500
2/29/2012,A,43.800001,43.620001,43.38,44.29,4183600
3/1/2012,A,43.74,44.159999,43.499999,44.280001,3324800
3/2/2012,A,44.170001,43.719999,43.440001,44.4,2975700
3/5/2012,A,43.6,42.780001,42.550001,43.71,4990800
3/6/2012,A,42.290001,42.279999,41.890001,42.53,5251500
3/7/2012,A,42.469999,43.459999,42.330001,43.67,4884600
3/8/2012,A,43.899999,44.280001,43.16,44.62,5349000
3/9/2012,A,44.240001,44.55,44.240001,45.070003,4278500
3/12/2012,A,44.44,43.620001,43.38,44.66,3690500
3/13/2012,A,43.96,45.11,43.759999,45.170001,3270900
3/14/2012,A,45.139997,44.969999,44.66,45.230002,3831400
3/15/2012,A,45.1,45.859999,44.850002,45.92,2972100
3/16/2012,A,45.929999,45.62,45.349998,45.999999,3186600
3/19/2012,A,45.450002,45.359997,45.160001,45.7,3337400
3/20/2012,A,45.090001,44.829999,44.500001,45.150002,2416700
3/21/2012,A,44.89,44.720001,44.4,45.119999,2198400
3/22/2012,A,43.990001,43.71,43.220001,43.990001,4339100
3/23/2012,A,43.569999,44.3,43.15,44.3,4710400
3/26/2012,A,44.870001,45.049999,44.63,45.119999,4847000
3/27/2012,A,45.049999,45.670002,44.989998,46.28,5318100
3/28/2012,A,45.419998,44.59,44.089999,45.47,4318800
3/29/2012,A,44.100001,44.459999,43.950001,44.529999,3199100
3/30/2012,A,44.759998,44.51,44,44.860002,3246700
4/2/2012,A,44.51,44.870001,44.22,45.11,3161700
4/3/2012,A,44.74,44.829999,44.459999,45.150002,3852700
4/4/2012,A,44.339999,43.74,43.349999,44.449999,3342300
4/5/2012,A,43.660001,44.769998,43.56,44.979998,6933300
4/9/2012,A,44.130001,43.550001,43.539999,44.130001,5182800
4/10/2012,A,43.499999,42.300001,41.949999,43.74,6056600
4/11/2012,A,42.97,42.469999,42.400001,43.059999,3398600
4/12/2012,A,42.619999,43.529999,42.499999,43.679999,2185000
4/13/2012,A,43.210001,42.24,42.190001,43.309999,3344100
4/16/2012,A,42.590001,41.989999,41.8,42.729999,3447100
4/17/2012,A,42.400001,42.649999,42.330001,42.759999,2901100
4/18/2012,A,42.290001,42.319999,42.01,42.590001,2405300
4/19/2012,A,42.410001,41.919999,41.560001,42.590001,3800400
4/20/2012,A,42.169999,42.099999,42.040001,42.880001,2782800
4/23/2012,A,41.359999,41.270001,40.559999,41.399999,3058800
4/24/2012,A,40.380001,39.800001,39.15,40.47,10706400
4/25/2012,A,40.299999,41.179999,40.299999,41.479999,5110800
4/26/2012,A,41.120001,41.989999,41.09,42.070001,3424100
4/27/2012,A,42.2,42.56,41.560001,42.67,4121100
4/30/2012,A,42.509999,42.180001,41.98,42.740001,2605700
5/1/2012,A,42.029999,42.97,41.8,43.27,3615500
5/2/2012,A,42.700001,43.04,42.300001,43.100001,3348000
5/3/2012,A,43.15,42.209999,42.180001,43.15,2398100
5/4/2012,A,42.150001,41.010001,40.959999,42.290001,3070200
5/7/2012,A,40.669999,40.860001,40.270001,41.09,3658000
5/8/2012,A,40.65,40.270001,39.519999,40.72,5999000
5/9/2012,A,39.66,39.929999,39.500001,40.380001,6024900
5/10/2012,A,40.61,39.74,39.680001,40.900001,3291700
5/11/2012,A,39.529999,39.449999,39.4,40.29,5398700
5/14/2012,A,38.870001,38.899999,38.44,39.44,5526500
5/15/2012,A,40.91,40.51,40.409999,41.57,9783000
5/16/2012,A,40.669999,39.760001,39.7,40.999999,4976300
5/17/2012,A,41.9,39.629999,39.62,41.91,6900200
5/18/2012,A,39.999999,38.730001,38.620001,40.230001,7216000
5/21/2012,A,38.829999,39.99,38.800001,40.120001,3890200
5/22/2012,A,40.06,40.490001,39.62,41.2,6180100
5/23/2012,A,40.03,40.77,39.390001,41.02,4817700
5/24/2012,A,40.84,41.02,40.449999,41.150001,3591100
5/25/2012,A,41.02,41.010001,40.790001,41.46,2633500
5/29/2012,A,41.469999,42.180001,41.43,42.249999,5696500
5/30/2012,A,41.64,41.35,40.8,41.64,4297800
5/31/2012,A,41.46,40.66,40.270001,41.619999,5887200
6/1/2012,A,39.200001,38.22,38.060001,39.44,7578600
6/4/2012,A,38.349999,37.840001,36.960001,38.63,7212400
6/5/2012,A,37.609999,38.290001,37.41,38.59,5202500
6/6/2012,A,38.730001,39.77,38.379999,39.77,5167900
6/7/2012,A,40.549999,39.96,39.720001,40.559999,6334700
6/8/2012,A,39.62,39.599999,39.430001,39.85,4244600
6/11/2012,A,40.050001,38.980001,38.92,40.149999,2853000
6/12/2012,A,38.939999,39.47,38.55,39.519999,2518900
6/13/2012,A,39.200001,39,38.82,39.830001,2873400
6/14/2012,A,39.090001,39.350001,38.870001,39.66,3236200
6/15/2012,A,39.669999,40.010001,39.47,40.050001,4036700
6/18/2012,A,39.85,40.149999,39.460001,40.189999,3669600
6/19/2012,A,40.47,41.150001,40.39,41.32,4213800
6/20/2012,A,41.179999,40.640001,40.259999,41.450001,4499600
6/21/2012,A,40.69,39.119999,39.03,41.080001,4337800
6/22/2012,A,39.48,39.03,38.37,39.570001,5137600
6/25/2012,A,38.44,37.660001,37.38,38.55,4170700
6/26/2012,A,38,37.990001,37.620001,38.250001,3521800
6/27/2012,A,38.44,38.349999,38.15,38.679999,2155400
6/28/2012,A,38.049999,37.719999,37.180001,38.140001,2798000
6/29/2012,A,38.349999,39.240001,38.349999,39.299999,3698800
7/2/2012,A,39.529999,38.910001,38.499999,39.610001,2429000
7/3/2012,A,38.82,39.540001,38.82,39.73,1357000
7/5/2012,A,39.26,39.37,39,39.84,2244400
7/6/2012,A,38.800001,37.97,37.579999,38.829999,4664200
7/9/2012,A,37.950001,37.620001,37.400001,38.26,3173400
7/10/2012,A,38.170001,37.49,37.110001,38.59,3077800
7/11/2012,A,37.45,37.19,36.820001,37.620001,2699200
7/12/2012,A,36.890001,36.520001,36.249999,36.909999,4050100
7/13/2012,A,36.549999,37.040001,36.359999,37.440001,4727400
7/16/2012,A,36.820001,36.83,36.579999,37.09,2448400
7/17/2012,A,36.879999,37.34,36.5,37.41,2887500
7/18/2012,A,37.129999,38.360001,37.129999,38.789999,3921200
7/19/2012,A,38.159999,38.459999,37.960001,38.599999,2968500
7/20/2012,A,38.210001,37.56,37.440001,38.210001,2571700
7/23/2012,A,36.820001,36.689999,36.27,36.86,3074200
7/24/2012,A,36.6,35.61,35.32,36.670001,5394100
7/25/2012,A,35.919999,36.139999,35.76,36.539999,2485900
7/26/2012,A,36.94,36.61,36.399999,37.499999,4271400
7/27/2012,A,36.850001,37.939999,36.689999,38.140001,4033700
7/30/2012,A,37.920001,38.180001,37.689999,38.3,4587200
7/31/2012,A,38.030001,38.290001,38.019999,38.71,3054300
8/1/2012,A,38.730001,38.180001,37.920001,38.730001,2653900
8/2/2012,A,37.9,37.75,37.05,38.23,3109400
8/3/2012,A,38.540001,39.11,38.510001,39.48,2551200
8/6/2012,A,39.73,39.229999,39.200001,39.900001,2807000
8/7/2012,A,39.350001,40.25,39.25,40.570001,3077400
8/8/2012,A,40.29,40.66,40.109999,40.739999,2704500
8/9/2012,A,40.559999,40.8,40.439999,40.970001,3063200
8/10/2012,A,40.43,40.530001,39.830001,40.549999,2739500
8/13/2012,A,40.270001,40.380001,40.149999,40.699999,2601300
8/14/2012,A,40.62,40.490001,40.25,40.95,2788100
8/15/2012,A,40.329999,40.479999,39.800001,40.849999,3967900
8/16/2012,A,37.499999,37.150001,36.76,38.170001,17888900
8/17/2012,A,37.23,37.220001,36.810001,37.290001,7518000
8/20/2012,A,37.019999,36.68,36.549999,37.180001,5554200
8/21/2012,A,36.9,37.129999,36.659999,37.209999,7515500
8/22/2012,A,37.05,37.459999,36.79,37.480001,6128200
8/23/2012,A,37.23,37.469999,37.070001,37.56,6280000
8/24/2012,A,37.260001,37.850001,37.2,38.01,4022400
8/27/2012,A,37.82,37.440001,37.290001,37.82,4275200
8/28/2012,A,37.38,36.949999,36.9,37.459999,6934900
8/29/2012,A,37.070001,37.16,36.930001,37.31,7025500
8/30/2012,A,36.960001,37.040001,36.909999,37.23,3380200
8/31/2012,A,37.330001,37.16,36.86,37.499999,3210300
9/4/2012,A,36.97,37.05,36.71,37.469999,5382300
9/5/2012,A,37.059999,36.740001,36.619999,37.2,5695000
9/6/2012,A,37.110001,37.480001,36.71,37.539999,6688500
9/7/2012,A,37.480001,38.419999,37.27,38.580001,5579800
9/10/2012,A,38.320001,38.26,38.04,38.730001,4021600
9/11/2012,A,38.239999,37.829999,37.829999,38.280001,4093900
9/12/2012,A,37.920001,37.49,37.49,38.22,6568900
9/13/2012,A,37.459999,38.379999,37.180001,38.48,7529900
9/14/2012,A,38.44,39.73,38.400001,40.14,9415600
9/17/2012,A,39.460001,39.629999,39.240001,39.819999,5097800
9/18/2012,A,39.559999,39.55,39.449999,39.859999,5024200
9/19/2012,A,39.529999,39.88,39.36,40.010001,4122400
9/20/2012,A,39.55,39.229999,38.77,39.749999,6211700
9/21/2012,A,39.529999,39,39,39.819999,4927900
9/24/2012,A,38.870001,38.690001,38.37,39,2860100
9/25/2012,A,38.859999,38.320001,38.309999,38.93,4954000
9/26/2012,A,38.48,38.269999,37.880001,38.48,5228500
9/27/2012,A,38.489999,38.580001,38.239999,38.829999,4773700
9/28/2012,A,38.48,38.45,37.799999,38.620001,6803300
10/1/2012,A,38.499999,38.859999,38.379999,39.519999,5903600
10/2/2012,A,39.079999,38.870001,38.540001,39.390001,4474000
10/3/2012,A,39,38.980001,38.620001,39.299999,3500100
10/4/2012,A,39.22,39.200001,38.870001,39.639999,7781900
10/5/2012,A,39.449999,38.859999,38.71,39.58,3912100
10/8/2012,A,38.59,38.66,38.499999,38.910001,3770400
10/9/2012,A,38.66,38.15,38.129999,39.119999,4252000
10/10/2012,A,38.180001,37.41,37.220001,38.239999,4210300
10/11/2012,A,37.770001,37.63,37.63,38.180001,4202500
10/12/2012,A,37.689999,37.220001,37.12,37.78,3731600
10/15/2012,A,37.319999,37.180001,36.989999,37.649999,3697700
10/16/2012,A,37.469999,37.909999,37.45,37.979999,3280400
10/17/2012,A,37.990001,38.060001,37.700001,38.250001,5400300
10/18/2012,A,37.590001,36.64,36.450001,37.6,9045300
10/19/2012,A,36.469999,35.750001,35.640001,36.480001,5577000
10/22/2012,A,35.659999,36.000001,35.530001,36.099999,3406700
10/23/2012,A,35.380001,35.509999,35.380001,35.73,4611300
10/24/2012,A,35.640001,35.849999,35.439999,35.970001,5719400
10/25/2012,A,36.190001,36.110001,35.750001,36.220001,4598000
10/26/2012,A,36.17,35.94,35.699999,36.300001,5215200
10/31/2012,A,36.000001,35.989999,35.860001,36.35,4775900
11/1/2012,A,36.040001,37.099999,35.95,37.150001,4462900
11/2/2012,A,37.370001,37.000001,36.729999,37.370001,4685500
11/5/2012,A,37.000001,37.609999,36.850001,37.71,3789400
11/6/2012,A,37.63,38.280001,37.550001,38.48,5208300
11/7/2012,A,37.78,37.579999,37.239999,37.920001,4515200
11/8/2012,A,37.579999,36.879999,36.839999,37.649999,4281600
11/9/2012,A,36.630001,36.909999,36.560001,37.150001,5475100
11/12/2012,A,37.059999,36.820001,36.75,37.150001,2898600
11/13/2012,A,36.659999,36.330001,36.289999,36.850001,4949700
11/14/2012,A,36.42,36.139999,36.099999,36.75,4431100
11/15/2012,A,36.139999,35.750001,35.69,36.64,7306000
11/16/2012,A,35.79,35.809999,35.450001,35.849999,9231100
11/19/2012,A,37.01,37.510001,37.01,37.979999,7159400
11/20/2012,A,35.94,36.28,35.8,36.920001,14707900
11/21/2012,A,36.319999,35.84,35.640001,36.469999,5597400
11/23/2012,A,36.16,36.879999,36.010001,36.909999,3140300
11/26/2012,A,36.689999,37.469999,36.590001,37.469999,4589600
11/27/2012,A,37.360001,37.34,36.98,37.649999,4802600
11/28/2012,A,37.12,37.97,36.930001,38.019999,4828600
11/29/2012,A,38.089999,38.34,38.01,38.580001,5551100
11/30/2012,A,38.37,38.290001,37.990001,38.48,3363800
12/3/2012,A,38.599999,37.920001,37.880001,38.899999,3794800
12/4/2012,A,37.950001,38.129999,37.689999,38.22,3059300
12/5/2012,A,38.140001,38.66,38.089999,38.950001,5490600
12/6/2012,A,38.540001,38.320001,38.12,38.749999,4989000
12/7/2012,A,38.499999,37.810001,37.78,38.510001,4650300
12/10/2012,A,37.799999,38.56,37.71,38.650001,4262200
12/11/2012,A,38.749999,39.7,38.730001,39.940001,6233800
12/12/2012,A,39.800001,40.51,39.7,40.84,8645900
12/13/2012,A,40.39,39.800001,39.639999,40.420001,4854800
12/14/2012,A,39.720001,39.85,39.7,40.270001,3679300
12/17/2012,A,39.980001,40.739999,39.77,40.790001,4829500
12/18/2012,A,40.76,41.39,40.65,41.740001,6499000
12/19/2012,A,41.479999,40.589999,40.58,41.5,6632500
12/20/2012,A,40.58,41.359999,40.420001,41.39,5324500
12/21/2012,A,40.680001,41.050001,39.66,41.050001,6592600
12/24/2012,A,40.889999,41.069999,40.779999,41.17,1560000
12/26/2012,A,41.109999,40.889999,40.77,41.230001,3578300
12/27/2012,A,40.820001,40.640001,40.010001,40.889999,2823600
12/28/2012,A,40.219999,39.830001,39.800001,40.39,3250400
12/31/2012,A,39.69,40.940001,39.639999,40.970001,4707900
1/2/2013,A,42.169999,41.879999,41.150001,42.169999,8790200
1/3/2013,A,41.94,42.029999,41.579999,42.139999,5751700
1/4/2013,A,42.139999,42.86,41.860001,42.949999,6432800
1/7/2013,A,42.6,42.550001,42.38,42.799999,3589500
1/8/2013,A,42.469999,42.209999,42.099999,42.780001,3896900
1/9/2013,A,43.000001,43.349999,42.689999,43.45,5737900
1/10/2013,A,43.64,43.67,43.330001,44.119999,5520800
1/11/2013,A,43.660001,43.430001,43.360001,43.990001,3244700
1/14/2013,A,43.430001,43.539999,42.890001,43.539999,3229100
1/15/2013,A,43.15,43.239999,42.83,43.38,4768800
1/16/2013,A,43.15,43.05,42.869999,43.239999,3019500
1/17/2013,A,43.64,43.869999,43.52,44.430001,6639300
1/18/2013,A,44.049999,44.15,43.59,44.159999,3335000
1/22/2013,A,43.96,44.639999,43.85,44.650001,3164200
1/23/2013,A,44.540001,44.3,44.119999,44.62,3741000
1/24/2013,A,44.559999,44.66,44.430001,45.199998,4350500
1/25/2013,A,44.73,45.290003,44.67,45.55,4427800
1/28/2013,A,45.189999,45.18,44.920003,45.429998,3315000
1/29/2013,A,44.96,44.639999,44.500001,44.979998,4125900
1/30/2013,A,44.580001,44.4,44.170001,44.89,4113800
1/31/2013,A,44.350001,44.780002,44.309999,44.870001,4729800
2/1/2013,A,45.080002,45.290003,44.540001,45.660002,3953200
2/4/2013,A,44.800001,44.26,43.880001,44.969999,4852400
2/5/2013,A,44.559999,45.000002,44.350001,45.059998,3020300
2/6/2013,A,44.720001,45.090001,44.51,45.129998,3853400
2/7/2013,A,44.899999,45.010002,44.430001,45.059998,4393000
2/8/2013,A,45.070003,45.080002,45.000002,45.349998,2551000
2/11/2013,A,45.170001,44.599999,44.449999,45.18,4075800
2/12/2013,A,44.81,44.62,44.500001,44.950001,3318500
2/13/2013,A,44.81,44.749999,44.679999,45.240001,2869200
2/14/2013,A,44.720001,44.580001,44.360001,44.780002,5376200
2/15/2013,A,43.48,42.249999,42.209999,44.240001,20489900
2/19/2013,A,42.209999,43.01,42.209999,43.12,5754400
2/20/2013,A,42.839999,42.24,42.220001,42.850001,5410200
2/21/2013,A,42.139999,41.630001,41.469999,42.139999,4774400
2/22/2013,A,41.83,41.8,41.579999,42.070001,4690100
2/25/2013,A,42.09,41.289999,41.289999,42.220001,5064200
2/26/2013,A,40.62,40.970001,40.189999,41.289999,8647800
2/27/2013,A,40.99,41.729999,40.830001,41.9,4982700
2/28/2013,A,41.780001,41.479999,41.450001,42.059999,4835900
3/1/2013,A,41.179999,41.930001,40.73,41.98,4318900
3/4/2013,A,41.75,42.029999,41.520001,42.180001,3404200
3/5/2013,A,42.35,42.660001,42.34,43.19,4598000
3/6/2013,A,43.000001,43.239999,42.9,43.52,4189800
3/7/2013,A,43.3,43.250001,42.810001,43.48,3375000
3/8/2013,A,43.499999,43.030001,43.019999,43.52,4552300
3/11/2013,A,42.990001,42.810001,41.729999,43.01,7650800
3/12/2013,A,42.799999,42.619999,42.590001,43.000001,5267200
3/13/2013,A,42.56,43.000001,42.400001,43.05,3133000
3/14/2013,A,43.030001,43.320001,43.000001,43.38,3970100
3/15/2013,A,43.100001,43.01,42.880001,43.220001,3606200
3/18/2013,A,42.46,42.550001,42.180001,42.700001,2582900
3/19/2013,A,42.68,42.000001,41.589999,42.82,8732600
3/20/2013,A,42.249999,42.700001,42.220001,42.79,4530000
3/21/2013,A,42.45,41.65,41.630001,42.759999,6163900
3/22/2013,A,41.79,41.249999,40.91,41.79,7615400
3/25/2013,A,41.490001,41.13,40.790001,41.65,3911000
3/26/2013,A,41.399999,41.820001,41.32,41.820001,3511400
3/27/2013,A,41.399999,42.09,41.21,42.190001,4711100
3/28/2013,A,42.080001,41.970001,41.5,42.080001,3002900
4/1/2013,A,41.83,40.930001,40.790001,41.98,3552100
4/2/2013,A,41.120001,40.66,40.589999,41.359999,3291400
4/3/2013,A,40.629999,40.519999,40.32,40.99,7380000
4/4/2013,A,40.54,41.410001,40.54,41.469999,5478300
4/5/2013,A,40.73,41.54,40.669999,41.850001,6932500
4/8/2013,A,41.439999,41.659999,41.17,41.740001,3348600
4/9/2013,A,41.729999,41.65,41.53,42.13,2319900
4/10/2013,A,41.729999,42.260001,41.670001,42.370001,3032600
4/11/2013,A,42.35,43.86,42.330001,43.93,7865700
4/12/2013,A,43.539999,44.749999,43.430001,44.790001,8504000
4/15/2013,A,44.500001,43.04,42.949999,44.540001,10833900
4/16/2013,A,43.459999,43.389999,42.839999,43.75,6298200
4/17/2013,A,43.08,42.190001,41.930001,43.110001,6281200
4/18/2013,A,41.769999,41.83,41.479999,42.249999,5559700
4/19/2013,A,41.890001,42.000001,41.65,42.220001,4297500
4/22/2013,A,42.029999,41.850001,41.340001,42.249999,3272000
4/23/2013,A,42.209999,42.609999,42.13,42.839999,4924400
4/24/2013,A,42.72,42.850001,42.370001,43.04,4222700
4/25/2013,A,43.05,42.729999,42.660001,43.250001,2963600
4/26/2013,A,42.440001,41.300001,40.69,42.57,7383300
4/29/2013,A,41.64,41.46,41.050001,41.68,3552100
4/30/2013,A,41.2,41.439999,40.95,41.659999,4825000
5/1/2013,A,41.42,41.31,41.260001,41.740001,3811300
5/2/2013,A,41.490001,41.479999,41.24,41.72,4805900
5/3/2013,A,41.930001,41.549999,41.54,42.550001,6626600
5/6/2013,A,41.439999,42.000001,41.39,42.12,3941500
5/7/2013,A,42.180001,42.400001,41.9,42.410001,4926600
5/8/2013,A,42.400001,42.94,42.300001,42.949999,2963400
5/9/2013,A,42.97,43.16,42.630001,43.199999,4415800
5/10/2013,A,43.12,43.63,43.04,43.85,6517600
5/13/2013,A,43.430001,43.04,42.72,43.56,5951800
5/14/2013,A,42.979999,43.97,42.880001,44.060001,8503600
5/15/2013,A,44.899999,45.680001,44.89,46.490001,14384000
5/16/2013,A,45.429998,44.989998,44.969999,45.84,6837600
5/17/2013,A,45.020001,45.559999,44.989998,45.830001,4540500
5/20/2013,A,45.479999,46.340001,45.390001,47.450001,7966300
5/21/2013,A,46.299999,46.749998,46.21,46.959999,5620900
5/22/2013,A,46.72,46.239998,46.069999,47.469999,7579100
5/23/2013,A,45.7,45.740002,45.199998,45.929999,5280900
5/24/2013,A,45.359997,45.590002,45.25,45.69,3111100
5/28/2013,A,46.089998,46.43,46.089998,46.94,6701800
5/29/2013,A,45.980001,46.050001,45.4,46.35,5062400
5/30/2013,A,46.21,46.050001,46.009998,47.049998,4321000
5/31/2013,A,45.91,45.450002,45.429998,46.470002,6442500
6/3/2013,A,45.649998,45.510003,45.039999,45.84,5158200
6/4/2013,A,46.180002,45.419998,45.380001,46.449998,4703100
6/5/2013,A,45.32,44.529999,44.500001,45.380001,3488100
6/6/2013,A,44.500001,45.010002,44.210001,45.010002,5284500
6/7/2013,A,45.160001,45.150002,44.940001,45.92,3888500
6/10/2013,A,45.349998,44.73,44.489999,45.349998,3817600
6/11/2013,A,44.22,44.4,44,44.63,5472300
6/12/2013,A,44.780002,43.920001,43.789999,44.829999,3817500
6/13/2013,A,43.869999,44.489999,43.660001,44.559999,3627300
6/14/2013,A,44.339999,44,43.85,44.569999,2345400
6/17/2013,A,44.379999,44.379999,44.19,44.870001,2796200
6/18/2013,A,44.379999,44.800001,44.269999,44.81,3524600
6/19/2013,A,44.74,43.52,43.499999,44.88,8116600
6/20/2013,A,43.110001,42.319999,41.850001,43.110001,8818400
6/21/2013,A,42.6,42.979999,42.370001,43.23,5107700
6/24/2013,A,42.440001,42.31,42.070001,42.75,4013900
6/25/2013,A,42.01,42.480001,42.01,42.82,4104100
6/26/2013,A,43.100001,42.34,42.279999,43.290001,5163900
6/27/2013,A,42.56,43.08,42.520001,43.290001,4816200
6/28/2013,A,43.000001,42.759999,42.729999,43.309999,7767700
7/1/2013,A,43.05,43.59,42.909999,43.770001,5988400
7/2/2013,A,43.499999,43.089999,42.949999,43.89,4175100
7/3/2013,A,42.82,43.169999,42.72,43.459999,2712900
7/5/2013,A,43.459999,44.229999,43.400001,44.29,2932700
7/8/2013,A,44.379999,44.360001,44.119999,44.67,3592900
7/9/2013,A,44.599999,44.599999,44.339999,44.96,4859700
7/10/2013,A,44.639999,45.310001,44.51,45.649998,4582000
7/11/2013,A,45.69,45.719998,45.429998,45.980001,2979800
7/12/2013,A,45.779999,45.750001,45.579998,45.949997,2766200
7/15/2013,A,45.7,46.110002,45.680001,46.28,3401000
7/16/2013,A,46.089998,45.91,45.779999,46.470002,2833400
7/17/2013,A,45.949997,45.610001,45.569998,46.100003,1671300
7/18/2013,A,45.660002,45.900001,45.55,46.050001,2793400
7/19/2013,A,45.830001,46.200001,45.69,46.28,1648800
7/22/2013,A,46.229998,46.8,46.100003,46.850001,2565000
7/23/2013,A,46.309998,46.470002,46.309998,46.840002,4099200
7/24/2013,A,46.669999,46.760003,46.490001,46.809999,2560400
7/25/2013,A,46.620002,46.659999,46.389998,46.899998,1985500
7/26/2013,A,46.309998,45.600001,45.429998,46.560001,5161800
7/29/2013,A,45.590002,45.339999,44.979998,45.7,2743000
7/30/2013,A,45.55,44.850002,44.819999,45.600001,3903000
7/31/2013,A,45.039999,44.73,44.66,45.300002,3924700
8/1/2013,A,45.510003,46.040002,45.32,46.200001,3827000
8/2/2013,A,46.06,46.379998,45.99,46.509999,3354000
8/5/2013,A,46.260002,45.939998,45.799998,46.400002,2621800
8/6/2013,A,45.929999,46.079999,45.610001,46.219999,3188600
8/7/2013,A,45.880002,46.28,45.62,46.459998,2379500
8/8/2013,A,46.5,45.849999,45.639999,46.550002,2379900
8/9/2013,A,45.849999,46.219999,45.810002,46.459998,2737800
8/12/2013,A,45.890002,46.449998,45.719998,46.509999,1743500
8/13/2013,A,46.449998,46.920002,46.239998,46.979997,2905300
8/14/2013,A,46.770002,46.509999,46.369999,47.000001,2778500
8/15/2013,A,47.590001,46.959999,46.850001,48.170002,9378200
8/16/2013,A,46.809999,46.790001,46.519999,47.220001,5067300
8/19/2013,A,46.630001,46.439999,46.420001,46.94,2415100
8/20/2013,A,46.43,47.029999,46.169997,47.269998,3207400
8/21/2013,A,46.930001,46.889999,46.640001,47.24,2724800
8/22/2013,A,46.889999,47.97,46.8,48.330001,4400900
8/23/2013,A,47.960001,47.68,47.539999,47.999998,2377900
8/26/2013,A,47.639998,47.6,47.39,48.2,2813000
8/27/2013,A,47.080001,46.969998,46.8,47.39,2982200
8/28/2013,A,46.879999,46.739999,46.509999,46.969998,2223300
8/29/2013,A,46.630001,46.8,46.420001,47.029999,2657100
8/30/2013,A,46.889999,46.640001,46.369999,46.979997,1899300
9/3/2013,A,47.039998,46.930001,46.620002,47.510002,2188700
9/4/2013,A,46.930001,47.870002,46.739999,47.960001,3525700
9/5/2013,A,47.820001,47.68,47.580002,48.090002,1835800
9/6/2013,A,47.709998,47.430002,47.130003,47.790003,1863300
9/9/2013,A,47.590001,47.950002,47.290002,48.05,2333100
9/10/2013,A,48.040001,48.550001,48.040001,48.669998,2546100
9/11/2013,A,48.600003,48.959998,48.219998,49.019999,2493100
9/12/2013,A,48.900002,48.620001,48.49,48.939999,2052900
9/13/2013,A,48.600003,48.460002,48.229997,48.620001,2993200
9/16/2013,A,49.060001,48.739998,48.579999,49.179998,2600100
9/17/2013,A,48.729999,48.869999,48.620001,49.319998,2206600
9/18/2013,A,48.770001,49.319998,48.289998,49.350002,2857700
9/19/2013,A,52.919999,50.980001,50.750001,53.470002,25368600
9/20/2013,A,51.030003,52.150001,50.980001,52.39,14947200
9/23/2013,A,51.910003,51.669999,51.379998,52.24,3798200
9/24/2013,A,51.609998,51.599999,51.200001,51.920002,3080900
9/25/2013,A,51.589999,51.829998,51.439999,52.129997,4005400
9/26/2013,A,51.959999,52.09,51.459998,52.119998,3747000
9/27/2013,A,51.840002,51.630002,51.400002,52.1,2949900
9/30/2013,A,51.019998,51.250003,50.750001,51.620002,3704700
10/1/2013,A,50.7,51.899998,50.7,52.080001,4189800
10/2/2013,A,51.589999,51.570001,51.149999,51.710001,2825000
10/3/2013,A,51.560001,51.06,50.910001,51.570001,2626100
10/4/2013,A,51.169998,51.780001,51.07,51.860001,2611300
10/7/2013,A,51.340001,51.130001,51.07,51.589999,1932100
10/8/2013,A,51.180002,50.129998,49.89,51.330002,3367200
10/9/2013,A,50.230002,49.950001,49.389999,50.380002,3397900
10/10/2013,A,50.289997,50.99,50.289997,51.200001,3391900
10/11/2013,A,50.880003,51.459998,50.660003,51.669999,2098200
10/14/2013,A,51.200001,51.36,50.509998,51.43,2950400
10/15/2013,A,51.079999,50.880003,50.600002,51.190002,2742700
10/16/2013,A,51.219999,51.560001,50.939998,51.990002,3478200
10/17/2013,A,51.250003,52.650002,51.130001,52.699999,4960600
10/18/2013,A,52.929998,52.989999,52.629999,53.240002,4027400
10/21/2013,A,53.040001,51.990002,51.899998,53.139999,3573800
10/22/2013,A,52.1,51.019998,50.84,52.199998,5984100
10/23/2013,A,50.760001,50.649998,50.300002,50.880003,3283300
10/24/2013,A,50.670002,51.120001,50.670002,51.219999,2496600
10/25/2013,A,51.340001,51.87,51.089998,51.910003,3352800
10/28/2013,A,51.790001,51.490001,51.120001,51.979998,2486600
10/29/2013,A,51.519999,51.700002,51.229999,51.899998,1669200
10/30/2013,A,51.759998,51.149999,50.859999,51.819999,1901200
10/31/2013,A,51.149999,50.760001,50.450002,51.330002,2649900
11/1/2013,A,50.92,51.099997,50.84,51.58,2699500
11/4/2013,A,51.389998,51.21,50.949998,51.459998,1971000
11/5/2013,A,51.180002,51.21,50.85,51.36,2206100
11/6/2013,A,51.190002,51.040002,50.799998,51.319997,1997300
11/7/2013,A,51.079999,50.049999,49.839998,51.200001,4961200
11/8/2013,A,50.139998,50.779999,50.010002,50.939998,2601100
11/11/2013,A,50.63,51.299999,50.520002,51.410002,2774300
11/12/2013,A,51.200001,51.200001,50.760001,51.400002,3295300
11/13/2013,A,50.890002,51.200001,50.660003,51.299999,2949900
11/14/2013,A,51.200001,50.540001,50.359998,51.200001,3963100
11/15/2013,A,54.029998,54.930003,53.690002,55.740002,15397900
11/18/2013,A,54.45,54.050002,53.669998,54.979999,5775800
11/19/2013,A,53.669998,53.819998,53.550001,54.189997,3457200
11/20/2013,A,53.830002,53.530003,53.470002,54.259998,3245400
11/21/2013,A,53.799999,54.099999,53.700001,54.549998,3379800
11/22/2013,A,54.099999,53.850001,53.750003,54.340003,2671200
11/25/2013,A,54.109998,53.110001,53.020002,54.130002,2446700
11/26/2013,A,53.260001,53.649999,53.229998,53.93,4468400
11/27/2013,A,53.780001,53.809998,53.64,54.000001,1663300
11/29/2013,A,53.850001,53.57,53.460002,53.969997,1216800
12/2/2013,A,53.470002,53.209999,53.110001,53.669998,2039900
12/3/2013,A,52.919999,52.929998,52.559998,53.170002,3462700
12/4/2013,A,52.839999,53.579999,52.720003,53.830002,3377200
12/5/2013,A,53.35,53.499999,53.12,53.799999,2530900
12/6/2013,A,53.760002,54.829999,53.760002,54.930003,4268500
12/9/2013,A,54.800001,55.059998,54.74,55.429998,2961600
12/10/2013,A,54.909999,55.339999,54.629998,55.460001,3253000
12/11/2013,A,55.349999,54.839998,54.679999,55.690001,3277700
12/12/2013,A,54.629998,55.26,54.3,55.520002,3794500
12/13/2013,A,55.359998,55.160002,54.899999,55.900002,2827500
12/16/2013,A,55.250001,55.240001,55.069998,55.789999,2356300
12/17/2013,A,55.960003,56.369999,55.810003,57.290002,4484700
12/18/2013,A,56.500001,57.890001,56.369999,57.939998,5782500
12/19/2013,A,57.569998,57.380001,57.070002,57.83,2646600
12/20/2013,A,57.47,56.959999,56.909998,57.670001,4129600
12/23/2013,A,57.450001,57.54,57.119998,57.660002,2206700
12/24/2013,A,57.499998,57.230001,57.17,57.61,1090000
12/26/2013,A,57.24,57.46,57.24,57.709998,998700
12/27/2013,A,57.230001,57.17,57.119998,57.419998,913000
12/30/2013,A,57.049998,57.32,56.920002,57.46,1576900
12/31/2013,A,57.450001,57.189999,57.080001,57.549999,1316000
1/2/2014,A,57.1,56.21,56.149999,57.1,2678800
1/3/2014,A,56.389998,56.920002,56.260002,57.349998,2609600
1/6/2014,A,57.399999,56.640001,56.560002,57.699999,2484600
1/7/2014,A,56.95,57.450001,56.930002,57.629999,2045500
1/8/2014,A,57.329999,58.390002,57.17,58.540002,3717900
1/9/2014,A,58.400002,58.410001,57.870003,58.680003,2457100
1/10/2014,A,58.509999,58.930001,58.139999,59.01,2269200
1/13/2014,A,58.770001,58.930001,58.599998,59.099999,4119400
1/14/2014,A,59.16,59.880001,59.019999,59.950001,3581900
1/15/2014,A,59.82,60.34,59.590001,60.369998,3264600
1/16/2014,A,60.240002,60.499999,60.04,60.499999,2566700
1/17/2014,A,60.830002,60.71,60.33,60.830002,2375900
1/21/2014,A,60.690001,60.85,59.860002,60.879998,4205800
1/22/2014,A,60.820002,60.93,60.71,61.22,3871600
1/23/2014,A,60.48,59.469999,59.409998,60.509998,4282700
1/24/2014,A,59.220001,57.870003,57.709998,59.459999,3713500
1/27/2014,A,57.900001,58.299998,56.979998,58.369998,6527200
1/28/2014,A,58.5,58.100002,57.91,58.879999,3545300
1/29/2014,A,57.670001,57.650003,57.409999,58.219999,3023800
1/30/2014,A,58.42,59.510001,58.42,60.11,5232900
1/31/2014,A,58.610002,58.149998,58.05,59.150001,4804200
2/3/2014,A,58.149998,56.149999,56.079999,58.480001,4095100
2/4/2014,A,56.319998,57.810002,56.089998,57.880002,4070800
2/5/2014,A,57.580002,57.430003,56.959999,57.699999,3192800
2/6/2014,A,57.510002,58.289999,57.46,58.35,2250000
2/7/2014,A,58.460003,59.420002,58.13,59.469999,2749500
2/10/2014,A,59.270003,59.01,58.289999,59.440001,2461100
2/11/2014,A,59.000001,59.730001,58.879999,59.999998,2985800
2/12/2014,A,59.999998,59.89,59.67,60.460002,3280800
2/13/2014,A,59.45,60.080003,59.370001,60.380002,4323500
2/14/2014,A,57.150002,55.250001,54.870002,57.769999,24946800
2/18/2014,A,55.380002,55.150003,54.96,56.040002,9161500
2/19/2014,A,55.010002,55.939999,54.899999,56.65,6764600
2/20/2014,A,56.14,57.290002,56.050001,57.54,6471400
2/21/2014,A,57.25,56.340002,56.319998,57.399999,3365200
2/24/2014,A,56.449999,56.749999,56.400003,56.979998,3345100
2/25/2014,A,56.8,56.889999,56.749999,57.569998,4718300
2/26/2014,A,56.979998,57.1,56.749999,57.62,3356400
2/27/2014,A,57.02,56.36,56.190002,57.279997,4367000
2/28/2014,A,56.449999,56.930002,56.400003,57.109999,3998000
3/3/2014,A,56.120002,56.710001,55.789999,57.119998,3478700
3/4/2014,A,57.220002,57.779999,56.979998,57.999999,3972900
3/5/2014,A,57.709998,57.800002,57.559999,57.999999,4352600
3/6/2014,A,58.390002,58.770001,58.139999,59.319999,7239900
3/7/2014,A,59.060002,58.42,57.520001,59.200002,4539500
3/10/2014,A,58.289999,58.149998,57.600001,58.340001,3583600
3/11/2014,A,58.229998,56.860001,56.500001,58.299998,4783500
3/12/2014,A,56.519999,57.059997,56.009999,57.080001,2309900
3/13/2014,A,57.160001,55.85,55.77,57.399999,3241600
3/14/2014,A,55.610001,55.439998,55.230002,55.980001,2439700
3/17/2014,A,55.680001,55.799998,55.48,56.410002,2009600
3/18/2014,A,55.970002,56.790001,55.840001,56.81,1809900
3/19/2014,A,56.720001,56.630002,56.180003,57.150002,2522500
3/20/2014,A,56.539998,56.700002,56.159999,56.930002,2528100
3/21/2014,A,57.179999,56.089998,55.960003,57.779999,3862500
3/24/2014,A,56.079999,55.26,54.660001,56.229999,2776000
3/25/2014,A,55.499999,55.160002,54.979999,56.21,2414700
3/26/2014,A,55.4,55.170001,55.160002,55.99,3579800
3/27/2014,A,55.600002,54.689999,54.220001,55.600002,4151700
3/28/2014,A,54.849998,54.689999,54.420002,55.250001,2805600
3/31/2014,A,54.97,55.92,54.570002,56.050001,3062700
4/1/2014,A,56.200001,56.36,55.840001,56.620003,2922700
4/2/2014,A,56.420001,56.669999,56.200001,56.700002,2683400
4/3/2014,A,56.770002,56.599999,56.270001,57.140002,2240900
4/4/2014,A,57.1,55.569999,55.55,57.24,3226100
4/7/2014,A,55.56,54.350002,53.94,55.659998,3613100
4/8/2014,A,54.210001,54.660001,53.819998,54.999997,2575800
4/9/2014,A,55.439998,55.569999,54.38,55.610001,2820400
4/10/2014,A,55.569999,54.050002,53.900002,55.639999,2749000
4/11/2014,A,53.690002,52.769999,52.650002,54.050002,3623600
4/14/2014,A,53.190001,52.650002,52.31,53.250002,3971100
4/15/2014,A,52.839999,53.110001,51.959999,53.359999,3037100
4/16/2014,A,53.550001,53.680002,53.250002,53.770001,1738400
4/17/2014,A,53.739998,54.650001,53.610002,54.89,2882600
4/21/2014,A,54.609999,54.689999,54.329998,54.800001,1657800
4/22/2014,A,54.699998,54.97,54.529999,55.600002,2062700
4/23/2014,A,54.849998,55.010002,54.570002,55.199999,1250000
4/24/2014,A,55.230002,55.279998,54.560003,55.520002,2525300
4/25/2014,A,55.250001,54.389999,54.070001,55.250001,2209500
4/28/2014,A,54.849998,53.729999,52.859998,54.930003,4206500
4/29/2014,A,53.289999,53.299998,51.969998,53.550001,4688600
4/30/2014,A,53.429999,54.039998,53.020002,54.070001,2346600
5/1/2014,A,53.94,54.469999,53.659999,54.870002,2058400
5/2/2014,A,54.500002,54.539999,54.089999,54.989998,2909000
5/5/2014,A,54.309999,55.33,53.889998,55.349999,2918000
5/6/2014,A,55.080002,55.010002,54.459999,55.450002,3109400
5/7/2014,A,55.129999,55.030001,54.270002,55.129999,3102400
5/8/2014,A,55.030001,55.300002,54.689999,56.14,3088300
5/9/2014,A,55.26,55.390001,54.810001,55.63,1800400
5/12/2014,A,55.579998,56.410002,55.470001,56.620003,2854800
5/13/2014,A,56.630002,56.829998,56.400003,56.979998,2048700
5/14/2014,A,56.780002,55.85,55.7,56.790001,3622000
5/15/2014,A,54.6,54.490002,53.750003,56.149999,8024700
5/16/2014,A,54.389999,55.030001,53.920001,55.129999,3363300
5/19/2014,A,54.899999,54.97,54.699998,55.230002,3833400
5/20/2014,A,54.870002,54.309999,54.210001,54.96,2572400
5/21/2014,A,54.580001,54.989998,54.440001,55.139998,1541000
5/22/2014,A,54.999997,55.540001,54.89,55.709999,2357100
5/23/2014,A,55.649998,56.180003,55.18,56.22,4907800
5/27/2014,A,56.309998,56.280001,56.029997,56.500001,1664400
5/28/2014,A,56.410002,57.109999,56.309998,57.230001,2518700
5/29/2014,A,57.179999,56.959999,56.640001,57.380001,2179000
5/30/2014,A,56.870001,56.940001,56.239998,57.109999,3560900
6/2/2014,A,56.959999,56.889999,56.299999,56.990003,1782100
6/3/2014,A,56.73,57.220002,56.679998,57.489998,2575500
6/4/2014,A,57.02,57.450001,56.959999,57.479999,1597700
6/5/2014,A,57.450001,58.599998,57.409999,58.749998,2562600
6/6/2014,A,58.579999,59.01,58.369998,59.280002,1797500
6/9/2014,A,59.000001,59.280002,58.700001,59.580001,1661900
6/10/2014,A,59.16,58.889998,58.579999,59.249999,1772300
6/11/2014,A,58.330001,58.910002,58.309998,59.130002,1972000
6/12/2014,A,58.900003,58.400002,58.2,59.000001,2345800
6/13/2014,A,58.529998,58.5,58.180002,58.87,1474700
6/16/2014,A,58.57,58.320002,58.149998,58.86,1641800
6/17/2014,A,58.27,58.87,58.190001,59.200002,1857200
6/18/2014,A,58.86,59.270003,58.529998,59.319999,1558300
6/19/2014,A,59.200002,58.620002,58.149998,59.539999,4403000
6/20/2014,A,57.84,58.770001,57.84,59.060002,2837100
6/23/2014,A,58.710001,58.110001,57.970001,58.86,2006900
6/24/2014,A,58.030002,57.650003,57.580002,58.49,1573800
6/25/2014,A,57.61,57.970001,57.409999,58.100002,1482500
6/26/2014,A,57.989999,57.820001,57.399999,58.06,1541100
6/27/2014,A,57.520001,57.499998,57.179999,58.139999,2123500
6/30/2014,A,57.499998,57.440002,57.179999,57.76,1837500
7/1/2014,A,57.740001,58.250002,57.380001,58.439999,2811000
7/2/2014,A,58.13,58.05,57.779999,58.589999,1978100
7/3/2014,A,58.190001,58.460003,58.020003,58.540002,839700
7/7/2014,A,58.2,58.120001,57.849999,58.250002,1326900
7/8/2014,A,57.84,57.150002,56.920002,57.929998,2259000
7/9/2014,A,57.049998,56.899998,56.519999,57.080001,1787300
7/10/2014,A,56.410002,56.490001,56.009999,56.630002,1662600
7/11/2014,A,56.330002,56.599999,56.149999,56.739999,1654200
7/14/2014,A,56.920002,56.819999,56.620003,57.070002,2079900
7/15/2014,A,56.700002,56.66,56.149999,56.88,2928100
7/16/2014,A,56.88,56.959999,56.829998,57.1,2612100
7/17/2014,A,56.469998,55.150003,55.139998,56.500001,6156900
7/18/2014,A,55.419999,56.149999,55.289998,56.249997,2385200
7/21/2014,A,55.859999,56.710001,55.789999,56.95,2773400
7/22/2014,A,57.000002,57.719998,56.95,58.170002,3371500
7/23/2014,A,58.110001,57.47,57.450001,58.309998,2032100
7/24/2014,A,57.600001,56.840003,56.710001,57.740001,3543000
7/25/2014,A,56.519999,56.529999,56.350001,56.739999,2404000
7/28/2014,A,56.490001,56.29,55.890002,56.529999,2111200
7/29/2014,A,56.29,56.029997,55.879998,56.36,2800300
7/30/2014,A,56.22,56.780002,56.019998,56.81,1917000
7/31/2014,A,56.22,56.089998,55.830001,56.58,3785900
8/1/2014,A,55.77,56.07,55.569999,56.400003,2238700
8/4/2014,A,56.190002,56.260002,55.590003,56.400003,1338700
8/5/2014,A,55.900002,55.240001,55.100001,56.110002,2422500
8/6/2014,A,55.230002,55.590003,54.899999,55.719999,2193100
8/7/2014,A,55.980001,55.049999,54.979999,56,2276600
8/8/2014,A,55.310002,55.240001,54.860002,55.320001,2468800
8/11/2014,A,55.439998,55.199999,55.059998,55.649998,1751200
8/12/2014,A,54.989998,54.340003,54.3,55.069998,3693600
8/13/2014,A,54.479998,54.780003,54.189997,54.97,2406300
8/14/2014,A,54.780003,55.62,54.45,55.63,4862900
8/15/2014,A,58.949999,57.580002,57.349998,59.060002,7799100
8/18/2014,A,57.750001,58.519998,57.349998,58.620002,3860700
8/19/2014,A,58.519998,58.560001,58.159998,58.749998,1667800
8/20/2014,A,58.320002,58.330001,57.939998,58.410001,2581500
8/21/2014,A,58.359999,57.989999,57.970001,58.480001,1717300
8/22/2014,A,57.900001,57.639998,57.479999,58.040001,2012500
8/25/2014,A,57.880002,57.740001,57.580002,58.149998,1352000
8/26/2014,A,57.750001,57.849999,57.54,57.900001,1237600
8/27/2014,A,57.999999,57.380001,57.290002,57.999999,1667800
8/28/2014,A,57.140002,57.150002,56.979998,57.530001,1950700
8/29/2014,A,57.329999,57.160001,57.080001,57.499998,2767900
9/2/2014,A,57.230001,58.069999,57.230001,58.100002,2817800
9/3/2014,A,58.209999,58.06,57.880002,58.460003,2066200
9/4/2014,A,58.120001,57.69,57.600001,58.49,1105200
9/5/2014,A,57.580002,57.919999,57.300001,58.05,1268400
9/8/2014,A,57.719998,57.650003,57.499998,57.960002,1881400
9/9/2014,A,57.69,57.450001,57.450001,57.800002,1797900
9/10/2014,A,57.600001,57.69,57.179999,57.83,2066100
9/11/2014,A,57.520001,57.590002,57.409999,57.719998,1392200
9/12/2014,A,57.61,58.599998,57.61,58.630001,3621300
9/15/2014,A,58.5,57.919999,57.740001,58.5,2266200
9/16/2014,A,57.820001,57.91,57.370002,58.110001,1928900
9/17/2014,A,57.999999,58.889998,57.919999,58.990002,3788400
9/18/2014,A,59.200002,58.400002,58.309998,59.399999,4008000
9/19/2014,A,58.819998,58.250002,58.100002,58.980002,3039200
9/22/2014,A,58.13,57.549999,57.269998,58.190001,2357800
9/23/2014,A,57.25,56.979998,56.909998,57.479999,2281900
9/24/2014,A,56.88,57.960002,56.780002,58.040001,2307300
9/25/2014,A,57.859998,56.889999,56.889999,57.989999,2278100
9/26/2014,A,56.790001,56.500001,56.07,56.940001,3101300
9/29/2014,A,56.040002,57.150002,55.92,57.179999,2273900
9/30/2014,A,57.210003,56.979998,56.819999,57.399999,2964500
10/1/2014,A,56.850002,56.200001,56.180003,56.930002,3468800
10/2/2014,A,56.130001,55.830001,55.289998,56.239998,2387900
10/3/2014,A,56.229999,56.909998,56.159999,57.010001,2205000
10/6/2014,A,57.059997,56.570001,56.43,57.160001,1618000
10/7/2014,A,56.249997,54.999997,54.999997,56.330002,2117200
10/8/2014,A,55.059998,56.459998,54.800001,56.519999,2970300
10/9/2014,A,56.280001,55.030001,55.030001,56.280001,3531700
10/10/2014,A,54.909999,53.64,53.42,55.020001,7176700
10/13/2014,A,53.729999,52.789998,52.730002,54.23,3533100
10/14/2014,A,53.040001,51.790001,51.770002,53.390002,5554100
10/15/2014,A,50.869998,51.790001,49.800001,51.88,6604000
10/16/2014,A,50.779999,51.710001,50.55,52.119998,7496200
10/17/2014,A,52.17,52.269998,52.02,53.410001,5327400
10/20/2014,A,52.070002,52.349998,50.859999,52.380001,6909100
10/21/2014,A,52.859998,54.000001,52.859998,54.029998,3120100
10/22/2014,A,53.770001,53.05,52.989999,53.86,3021200
10/23/2014,A,53.589998,53.71,53.589998,54.210001,2453000
10/24/2014,A,53.700001,54.050002,53.509999,54.109998,2108400
10/27/2014,A,53.94,53.990001,53.599998,54.109998,1545200
10/28/2014,A,54.120003,54.660001,53.879999,54.67,2394700
10/29/2014,A,54.59,54.500002,54.130002,54.679999,2074200
10/30/2014,A,53.910002,54.319999,53.750003,54.38,2883700
10/31/2014,A,55.209998,55.279998,54.849998,55.41,2918700
11/3/2014,A,39.900002,40.84,39.490002,41.240002,4559800
11/4/2014,A,40.259998,40.18,39.84,40.830002,5765200
11/5/2014,A,40.610001,40.130001,39.98,40.669998,2341400
11/6/2014,A,40.389999,41.369999,40.259998,41.41,2968300
11/7/2014,A,41.389999,40.93,40.860001,41.48,2458700
11/10/2014,A,40.98,41.529999,40.880001,41.549999,2583900
11/11/2014,A,41.52,41.66,41.34,42.110001,2163800
11/12/2014,A,41.299999,41.450001,41.02,41.540001,2504300
11/13/2014,A,41.549999,41.450001,41.259998,41.740002,1805500
11/14/2014,A,41.360001,41.57,41.290001,41.650002,1331300
11/17/2014,A,41.57,41.240002,41.209999,41.700001,2697200
11/18/2014,A,40.25,40.799999,40.049999,41.16,5891400
11/19/2014,A,40.82,40.799999,40.700001,41.330002,4012100
11/20/2014,A,40.560001,41.259998,40.560001,41.43,2303800
11/21/2014,A,41.75,42.25,41.700001,42.380001,5306200
11/24/2014,A,42.439999,42.25,41.990002,42.5,2122400
11/25/2014,A,42.330002,42.709999,42.310001,42.869999,2713900
11/26/2014,A,42.68,42.740002,42.529999,42.869999,1752700
11/28/2014,A,42.740002,42.740002,42.59,42.990002,1091800
12/1/2014,A,42.689999,41.59,41.580002,42.73,4411200
12/2/2014,A,41.599998,41.98,41.549999,42.099998,2014400
12/3/2014,A,41.98,42.23,41.82,42.369999,2250300
12/4/2014,A,42.150002,42.27,42.02,42.68,1345000
12/5/2014,A,42.23,42.299999,42.080002,42.490002,1019500
12/8/2014,A,42.23,41.509998,41.419998,42.509998,1425800
12/9/2014,A,40.990002,41.400002,40.98,41.43,1798100
12/10/2014,A,41.360001,40.34,40.310001,41.360001,2650000
12/11/2014,A,40.5,40.619999,40.490002,41.18,1640900
12/12/2014,A,40.200001,39.720001,39.709999,40.619999,2333400
12/15/2014,A,40.07,38.68,38.650002,40.169998,4507400
12/16/2014,A,38.299999,38.470001,38.099998,39.48,3842600
12/17/2014,A,38.34,39.759998,38.09,39.990002,3502700
12/18/2014,A,40.48,40.700001,40.110001,40.799999,3104100
12/19/2014,A,40.900002,41.380001,40.860001,41.43,3736300
12/22/2014,A,41.380001,41.880001,41.380001,41.880001,1585900
12/23/2014,A,41.98,41.369999,41.360001,42.009998,1867200
12/24/2014,A,41.419998,41.130001,40.959999,41.529999,1426900
12/26/2014,A,41.34,41.380001,41.290001,41.57,588000
12/29/2014,A,41.360001,41.330002,41.310001,41.57,975900
12/30/2014,A,41.209999,41.369999,41.139999,41.59,1323500
12/31/2014,A,41.389999,40.939999,40.900002,41.790001,1421100
1/2/2015,A,41.18,40.560001,40.369999,41.310001,1529200
1/5/2015,A,40.32,39.799999,39.700001,40.459999,2041800
1/6/2015,A,39.810001,39.18,39.02,40.02,2080600
1/7/2015,A,39.52,39.700001,39.290001,39.810001,3359700
1/8/2015,A,40.240002,40.889999,40.18,40.98,2116300
1/9/2015,A,41,40.59,40.290001,41,1644900
1/12/2015,A,40.610001,40.110001,39.950001,40.720001,2770800
1/13/2015,A,40.470001,39.549999,39.330002,40.700001,2013100
1/14/2015,A,39.029999,39.060001,38.209999,39.099998,5133300
1/15/2015,A,39.330002,38.009998,37.990002,39.41,2628900
1/16/2015,A,37.830002,38.25,37.759998,38.459999,3004000
1/20/2015,A,38.43,37.93,37.759998,38.66,5033600
1/21/2015,A,37.75,38.16,37.68,38.41,2721600
1/22/2015,A,38.509998,39.650002,38.119999,39.860001,4856600
1/23/2015,A,39.599998,38.810001,38.759998,39.599998,1519300
1/26/2015,A,38.790001,39.150002,38.470001,39.169998,1510900
1/27/2015,A,38.700001,38.75,38.580002,39.25,1703500
1/28/2015,A,39.009998,38,37.959999,39.049999,2033500
1/29/2015,A,38,38.459999,37.689999,38.470001,2330000
1/30/2015,A,38.009998,37.77,37.709999,38.32,3054300
2/2/2015,A,37.900002,38.689999,37.709999,38.759998,2508500
2/3/2015,A,39.040001,39.619999,38.919998,39.630001,2950400
2/4/2015,A,39.330002,39.110001,38.82,39.459999,2567400
2/5/2015,A,39.220001,39.529999,39.220001,39.82,1826300
2/6/2015,A,39.540001,39.34,39.23,39.810001,2697200
2/9/2015,A,39.23,39.040001,38.950001,39.43,3586100
2/10/2015,A,39.310001,39.669998,38.779999,39.759998,1408600
2/11/2015,A,39.639999,39.330002,39.23,39.810001,3336800
2/12/2015,A,39.580002,40.02,39.529999,40.060001,1317700
2/13/2015,A,39.970001,40.150002,39.91,40.310001,2211900
2/17/2015,A,40.009998,40.52,39.759998,40.529999,2875800
2/18/2015,A,41.119999,41.540001,40.91,42.200001,9007200
2/19/2015,A,41.400002,41.150002,41.040001,41.57,3737300
2/20/2015,A,41.09,41.950001,40.880001,42.110001,2971900
2/23/2015,A,41.889999,41.73,41.490002,41.959999,1967900
2/24/2015,A,41.619999,42.060001,41.599998,42.110001,1922100
2/25/2015,A,42.34,42.200001,42.09,42.490002,2343500
2/26/2015,A,42.23,42.360001,42,42.380001,1505300
2/27/2015,A,42.299999,42.209999,42.049999,42.360001,1676400
3/2/2015,A,42.34,42.700001,42.34,42.740002,1847100
3/3/2015,A,42.450001,42.259998,42.139999,42.57,1635400
3/4/2015,A,41.950001,42,41.73,42.16,1306000
3/5/2015,A,41.990002,42.220001,41.84,42.240002,1376500
3/6/2015,A,41.950001,41.529999,41.490002,42.049999,1528600
3/9/2015,A,41.540001,41.740002,41.439999,41.889999,1492400
3/10/2015,A,41.220001,40.630001,40.630001,41.27,1961300
3/11/2015,A,40.790001,40.849998,40.669998,41.130001,2064400
3/12/2015,A,40.990002,41.099998,40.970001,41.240002,2719900
3/13/2015,A,40.959999,40.869999,40.52,41.459999,4704600
3/16/2015,A,41.16,41.810001,41.110001,41.830002,2551400
3/17/2015,A,41.52,41.580002,41.060001,41.689999,1504900
3/18/2015,A,41.450001,42.119999,41.169998,42.380001,1295600
3/19/2015,A,42.049999,42.209999,41.82,42.25,1085700
3/20/2015,A,42.389999,42.209999,42.200001,42.529999,2315500
3/23/2015,A,42.119999,42.200001,42,42.439999,1835400
3/24/2015,A,42.130001,41.09,41.009998,42.130001,3626000
3/25/2015,A,41.169998,40.810001,40.790001,41.700001,2776200
3/26/2015,A,40.68,40.700001,40.369999,40.970001,1573400
3/27/2015,A,40.599998,41.110001,40.580002,41.18,1932700
3/30/2015,A,41.52,41.720001,41.32,41.860001,2064200
3/31/2015,A,41.279999,41.549999,41.099998,41.779999,1659200
4/1/2015,A,41.459999,41.389999,40.720001,41.52,2170300
4/2/2015,A,41.470001,42.049999,41.330002,42.130001,2135900
4/6/2015,A,41.68,41.93,41.509998,42.200001,2379800
4/7/2015,A,41.939999,42.439999,41.869999,42.52,3072400
4/8/2015,A,42.43,42.259998,42.029999,42.59,2442800
4/9/2015,A,42.16,42.490002,42.07,42.59,1332300
4/10/2015,A,42.799999,43.549999,42.57,43.560001,3370600
4/13/2015,A,43.59,43.040001,42.990002,43.59,3708600
4/14/2015,A,42.959999,43.07,42.580002,43.200001,1777700
4/15/2015,A,43.279999,43.380001,43.18,43.560001,1445600
4/16/2015,A,43.139999,43.130001,43.060001,43.360001,1070200
4/17/2015,A,42.740002,42.98,42.599998,43.049999,2332500
4/20/2015,A,43.330002,43.189999,43.150002,43.439999,1410600
4/21/2015,A,43.419998,42.889999,42.869999,43.5,1719700
4/22/2015,A,42.720001,42.709999,42.369999,42.84,2726100
4/23/2015,A,42.419998,42.619999,42.240002,42.860001,3972800
4/24/2015,A,42.709999,42.490002,42.419998,42.810001,2200200
4/27/2015,A,42.740002,41.98,41.970001,42.77,2297800
4/28/2015,A,41.869999,42.18,41.57,42.310001,1803500
4/29/2015,A,42.040001,41.959999,41.439999,42.200001,2161000
4/30/2015,A,41.830002,41.369999,41.110001,41.939999,1726300
5/1/2015,A,41.41,41.830002,41.240002,41.93,1880200
5/4/2015,A,41.880001,41.939999,41.700001,42.080002,1073800
5/5/2015,A,41.720001,41.59,41.459999,41.849998,1254800
5/6/2015,A,41.860001,41.59,41.360001,41.860001,934600
5/7/2015,A,41.59,41.799999,41.310001,41.849998,999700
5/8/2015,A,42.23,42.5,42.209999,42.529999,1033800
5/11/2015,A,42.389999,42.619999,42.389999,42.830002,975500
5/12/2015,A,42.360001,41.91,41.5,42.5,2617800
5/13/2015,A,42.049999,41.810001,41.709999,42.389999,1992800
5/14/2015,A,42.18,42.049999,41.869999,42.23,2883700
5/15/2015,A,42.139999,42.040001,41.990002,42.259998,2147400
5/18/2015,A,42.049999,42.630001,41.98,42.700001,1966100
5/19/2015,A,41.57,42.369999,41.5,42.830002,5277300
5/20/2015,A,42.5,42.610001,42.43,42.84,2652300
5/21/2015,A,42.57,42.32,42.200001,42.73,2126300
5/22/2015,A,42.27,42.5,42.07,42.669998,1484800
5/26/2015,A,42.48,42.060001,41.990002,42.630001,1919600
5/27/2015,A,42.27,42.610001,42.099998,42.93,2506300
5/28/2015,A,42.450001,41.75,41.349998,42.709999,3347400
5/29/2015,A,41.790001,41.189999,40.82,41.830002,5022600
6/1/2015,A,41.43,40.919998,40.849998,41.43,2440000
6/2/2015,A,40.939999,41.110001,40.669998,41.139999,2947500
6/3/2015,A,41.310001,41.099998,40.939999,41.360001,2722100
6/4/2015,A,40.889999,40.540001,40.009998,41.080002,4091900
6/5/2015,A,40.540001,40.310001,40.200001,40.669998,1760300
6/8/2015,A,40.259998,39.950001,39.91,40.349998,1353000
6/9/2015,A,39.93,40.119999,39.830002,40.330002,1439000
6/10/2015,A,40.400002,40.52,40.27,40.59,1789300
6/11/2015,A,40.57,40.529999,40.290001,40.599998,1577000
6/12/2015,A,40.330002,39.84,39.740002,40.490002,2769600
6/15/2015,A,39.630001,39.52,39.25,39.630001,2361900
6/16/2015,A,39.59,39.790001,39.380001,39.810001,1422600
6/17/2015,A,39.759998,39.599998,39.32,39.799999,1519400
6/18/2015,A,39.799999,39.900002,39.720001,40.060001,1865000
6/19/2015,A,39.799999,39.490002,39.490002,39.939999,2658800
6/22/2015,A,39.810001,39.810001,39.73,40.009998,3909300
6/23/2015,A,39.889999,39.599998,39.419998,39.950001,2053600
6/24/2015,A,39.470001,40.189999,39.029999,40.450001,6127700
6/25/2015,A,39.799999,40.049999,39.380001,40.52,5265800
6/26/2015,A,40,40.02,39.779999,40.169998,3350500
6/29/2015,A,39.599998,38.740002,38.740002,39.799999,2516400
6/30/2015,A,39.080002,38.580002,38.48,39.189999,3037400
7/1/2015,A,38.889999,39.259998,38.75,39.299999,4486400
7/2/2015,A,39.360001,39.580002,39.150002,39.639999,2160800
7/6/2015,A,39.110001,39.360001,39.080002,39.66,2509400
7/7/2015,A,39.529999,39.790001,39.139999,39.790001,2927800
7/8/2015,A,39.48,38.75,38.709999,39.48,3391000
7/9/2015,A,39.27,38.919998,38.91,39.330002,2237900
7/10/2015,A,39.290001,39.400002,39.16,39.439999,2107100
7/13/2015,A,39.720001,39.959999,39.540001,40,1579700
7/14/2015,A,40.049999,40.490002,39.889999,40.66,2800900
7/15/2015,A,40.419998,40.130001,40.02,40.52,2247700
7/16/2015,A,40.360001,40.34,40.119999,40.439999,1826300
7/17/2015,A,40.200001,39.950001,39.84,40.330002,2412400
7/20/2015,A,40.060001,40.060001,39.950001,40.130001,1155200
7/21/2015,A,39.970001,39.57,39.540001,40.009998,1160900
7/22/2015,A,39.290001,40.330002,39.290001,40.419998,2949400
7/23/2015,A,40.369999,40.25,40.009998,40.369999,1708800
7/24/2015,A,40.110001,39.310001,39.220001,40.169998,1844900
7/27/2015,A,39.040001,39.610001,38.610001,39.650002,5261300
7/28/2015,A,40,40.450001,39.5,40.470001,2768200
7/29/2015,A,40.5,40.400002,40.240002,40.73,2014100
7/30/2015,A,40.259998,40.970001,40.07,41.049999,2440400
7/31/2015,A,41.049999,40.950001,40.779999,41.139999,2247700
8/3/2015,A,40.919998,41,40.580002,41.130001,2104200
8/4/2015,A,40.939999,40.619999,40.549999,41.349998,1448100
8/5/2015,A,40.939999,40.720001,40.689999,41.189999,949500
8/6/2015,A,40.950001,40.119999,39.91,40.959999,1932000
8/7/2015,A,40.139999,39.990002,39.630001,40.209999,1513100
8/10/2015,A,40.240002,40.470001,40.16,40.639999,1554500
8/11/2015,A,40.189999,39.419998,39.299999,40.189999,1575700
8/12/2015,A,39.049999,38.889999,38.27,39.110001,3431000
8/13/2015,A,38.939999,38.560001,38.459999,38.939999,2848900
8/14/2015,A,38.619999,38.650002,38.32,38.73,2632700
8/17/2015,A,38.360001,38.82,38.119999,39.02,3302100
8/18/2015,A,39.110001,39.02,39,40.349998,6416900
8/19/2015,A,38.689999,38.400002,38.299999,38.810001,2729000
8/20/2015,A,38.009998,37.509998,37.5,38.310001,2144600
8/21/2015,A,37.130001,36.23,36.169998,37.490002,3827500
8/24/2015,A,33.869999,34.68,33.57,36.009998,4115000
8/25/2015,A,35.68,34.360001,34.299999,36.169998,3802700
8/26/2015,A,35.360001,35.619999,34.470001,35.700001,3233800
8/27/2015,A,36.169998,36.639999,35.889999,36.669998,2406300
8/28/2015,A,36.450001,36.509998,36.150002,36.66,1783600
8/31/2015,A,36.439999,36.310001,35.950001,36.549999,2554700
9/1/2015,A,35.299999,34.75,34.57,35.580002,2953900
9/2/2015,A,35.330002,35.529999,34.880001,35.529999,2118300
9/3/2015,A,35.610001,35.75,35.529999,36.119999,2140400
9/4/2015,A,35.040001,35.060001,34.900002,35.509998,2819000
9/8/2015,A,35.82,36.209999,35.509998,36.25,1787400
9/9/2015,A,36.5,35.540001,35.439999,36.799999,1885300
9/10/2015,A,35.610001,35.860001,35.439999,36.040001,1628700
9/11/2015,A,35.66,35.959999,35.439999,35.959999,1443300
9/14/2015,A,35.919998,35.549999,35.32,36.09,2223300
9/15/2015,A,35.75,36.150002,35.509998,36.299999,1752700
9/16/2015,A,36.150002,36.52,36.060001,36.869999,2130100
9/17/2015,A,36.630001,36.400002,36.290001,36.990002,1819100
9/18/2015,A,35.860001,35.740002,35.59,36.220001,3352300
9/21/2015,A,35.959999,35.689999,35.41,36.07,2640200
9/22/2015,A,35.189999,35.049999,34.939999,35.330002,2283300
9/23/2015,A,35.099998,34.950001,34.810001,35.240002,1962600
9/24/2015,A,34.560001,34.549999,34.150002,34.639999,2028900
9/25/2015,A,34.700001,34.450001,34.099998,35.02,2730700
9/28/2015,A,34.130001,33.369999,33.32,34.27,2615400
9/29/2015,A,33.360001,33.740002,33.240002,34.060001,2252400
9/30/2015,A,34.080002,34.330002,33.669998,34.43,2545700
10/1/2015,A,34.32,33.740002,33.48,34.48,3011400
10/2/2015,A,33.18,34.669998,33.119999,34.68,3519400
10/5/2015,A,35.040001,35.34,34.84,35.389999,1675400
10/6/2015,A,35.130001,34.900002,34.529999,35.209999,1833700
10/7/2015,A,35.200001,35.540001,35.099998,35.779999,3085400
10/8/2015,A,35.389999,36.009998,35.34,36.07,2597900
10/9/2015,A,35.939999,36.23,35.880001,36.34,3232900
10/12/2015,A,36.080002,35.990002,35.860001,36.18,1349900
10/13/2015,A,35.759998,35.630001,35.529999,36.240002,2383200
10/14/2015,A,35.639999,35.049999,34.970001,35.77,1647400
10/15/2015,A,35.119999,35.580002,34.790001,35.68,1433000
10/16/2015,A,35.689999,35.779999,35.369999,36.02,1754300
10/19/2015,A,35.689999,36.23,35.59,36.23,3685800
10/20/2015,A,36.110001,36.32,36.029999,36.52,2573300
10/21/2015,A,36.540001,35.900002,35.799999,36.599998,2886400
10/22/2015,A,36.029999,36.09,36,36.950001,3696200
10/23/2015,A,36.5,37.110001,36.18,37.27,2732600
10/26/2015,A,36.98,36.830002,36.689999,37.110001,1948400
10/27/2015,A,36.669998,37.049999,36.470001,37.060001,2557200
10/28/2015,A,37.060001,37.52,36.77,37.610001,1780100
10/29/2015,A,37.470001,37.700001,37.279999,37.77,1352300
10/30/2015,A,37.720001,37.759998,37.68,38.099998,2194600
11/2/2015,A,37.869999,38.59,37.799999,38.619999,1810800
11/3/2015,A,38.310001,38.27,38.16,38.52,1485800
11/4/2015,A,38.330002,38.34,38,38.48,1569600
11/5/2015,A,38.27,38.299999,37.93,38.5,1419800
11/6/2015,A,38.099998,38.139999,37.98,38.439999,1964100
11/9/2015,A,38.040001,37.919998,37.48,38.080002,3109600
11/10/2015,A,37.889999,37.98,37.689999,38.169998,4338700
11/11/2015,A,38.16,37.66,37.650002,38.220001,1967900
11/12/2015,A,37.360001,37.490002,37.240002,37.77,3096300
11/13/2015,A,37.389999,36.77,36.630001,37.57,3335100
11/16/2015,A,36.75,37.330002,36.599998,37.490002,2490200
11/17/2015,A,36.5,38.380001,36.5,38.5,7679500
11/18/2015,A,38.43,39.34,38.360001,39.360001,6589600
11/19/2015,A,39.16,38.5,38.310001,39.700001,7274500
11/20/2015,A,38.779999,39.279999,38.52,39.349998,5447900
11/23/2015,A,39.290001,40.029999,39.139999,40.07,6473400
11/24/2015,A,39.810001,40.669998,39.73,40.720001,5669100
11/25/2015,A,40.59,41.34,40.470001,41.5,3797000
11/27/2015,A,41.32,41.970001,41.16,42.200001,1935700
11/30/2015,A,41.970001,41.82,41.610001,42.049999,3208100
12/1/2015,A,42.16,41.060001,41.040001,42.310001,7988900
12/2/2015,A,41.07,40.419998,40.369999,41.459999,4713200
12/3/2015,A,40.639999,40.150002,39.950001,40.740002,3314500
12/4/2015,A,40.23,41.099998,40.130001,41.209999,2519100
12/7/2015,A,40.919998,40.700001,40.540001,41.099998,2004500
12/8/2015,A,40.610001,41.169998,40.419998,41.279999,4331800
12/9/2015,A,41.25,40.98,40.91,41.799999,4133300
12/10/2015,A,40.959999,41.25,40.650002,41.66,3709200
12/11/2015,A,40.75,40.189999,40.060001,40.75,2634400
12/14/2015,A,40.220001,40.25,39.900002,40.540001,2310500
12/15/2015,A,40.75,40.810001,40.560001,41.099998,2195400
12/16/2015,A,41.009998,41.43,40.669998,41.57,2582600
12/17/2015,A,41.549999,40.779999,40.77,41.630001,2218800
12/18/2015,A,40.560001,40.099998,40.080002,40.709999,3364800
12/21/2015,A,40.509998,40.830002,40.439999,41.119999,1734500
12/22/2015,A,41.009998,41.220001,40.720001,41.330002,1643200
12/23/2015,A,41.619999,41.77,41.389999,41.860001,1510700
12/24/2015,A,41.790001,42.139999,41.669998,42.259998,874500
12/28/2015,A,42.02,41.779999,41.52,42.080002,1458200
12/29/2015,A,42.080002,42.360001,41.919998,42.48,1757000
12/30/2015,A,42.360001,42.169998,42.009998,42.380001,834300
12/31/2015,A,41.900002,41.810001,41.720001,42.349998,1449300
1/4/2016,A,41.060001,40.689999,40.34,41.189999,3287300
1/5/2016,A,40.73,40.549999,40.34,40.950001,2587200
1/6/2016,A,40.240002,40.73,40.049999,40.990002,2103600
1/7/2016,A,40.139999,39,38.810001,40.150002,3504300
1/8/2016,A,39.220001,38.59,38.470001,39.709999,3736700
1/11/2016,A,38.709999,37.939999,37.41,38.900002,2818400
1/12/2016,A,38.43,38.189999,37.650002,38.580002,1989400
1/13/2016,A,38.349998,36.860001,36.720001,38.470001,4206600
1/14/2016,A,36.939999,37.610001,36.549999,37.880001,2893300
1/15/2016,A,36.669998,37.110001,36.549999,37.560001,2988900
1/19/2016,A,37.639999,37.200001,36.790001,37.919998,2506500
1/20/2016,A,36.68,37.259998,36.130001,37.610001,2469100
1/21/2016,A,37.349998,37.23,36.810001,37.830002,2298400
1/22/2016,A,37.91,37.98,37.580002,38.18,1834500
1/25/2016,A,37.400002,37.610001,37.400002,38.029999,1831200
1/26/2016,A,37.889999,37.509998,37.360001,37.959999,1754900
1/27/2016,A,37.389999,37.049999,36.810001,37.919998,1479400
1/28/2016,A,37.27,36.110001,36.009998,37.27,3479400
1/29/2016,A,36.439999,37.650002,36.310001,37.689999,2959900
2/1/2016,A,37.369999,37.689999,37,37.950001,2666200
2/2/2016,A,37.18,37.07,36.950001,37.549999,1742300
2/3/2016,A,37.27,37.189999,36.290001,37.360001,2128100
2/4/2016,A,37.150002,37.419998,36.970001,37.790001,2833500
2/5/2016,A,37.259998,36.040001,35.830002,37.310001,4424600
2/8/2016,A,35.610001,34.799999,34.389999,35.779999,3888600
2/9/2016,A,34.209999,35.369999,34.150002,35.77,3464500
2/10/2016,A,35.630001,35.849998,35.529999,36.73,3170000
2/11/2016,A,35.119999,35.330002,34.939999,35.610001,3224000
2/12/2016,A,35.84,36.220001,35.52,36.23,3923600
2/16/2016,A,36.720001,37.080002,36.400002,37.169998,2903600
2/17/2016,A,35.220001,37.869999,34.75,38.130001,5382300
2/18/2016,A,37.73,37.189999,37.09,37.959999,2231500
2/19/2016,A,36.98,37.439999,36.849998,37.599998,2339400
2/22/2016,A,37.880001,38.029999,37.779999,38.189999,1792500
2/23/2016,A,37.639999,37.169998,36.950001,37.959999,1282300
2/24/2016,A,36.650002,37.48,36.470001,37.5,1454900
2/25/2016,A,37.619999,37.630001,36.959999,37.709999,1453500
2/26/2016,A,37.75,37.59,37.439999,37.919998,944200
2/29/2016,A,37.59,37.349998,37.330002,37.700001,2187500
3/1/2016,A,37.630001,38.59,37.610001,38.66,2759500
3/2/2016,A,38.490002,39.040001,38.41,39.27,3612300
3/3/2016,A,38.919998,39.200001,38.740002,39.23,946800
3/4/2016,A,39.139999,39.34,39.029999,39.580002,1125000
3/7/2016,A,39.040001,39.43,38.959999,39.68,1221600
3/8/2016,A,38.970001,38.09,38.009998,39.130001,1801500
3/9/2016,A,38.310001,38.130001,37.959999,38.400002,1614600
3/10/2016,A,38.169998,37.98,37.619999,38.509998,1615000
3/11/2016,A,38.43,39.23,38.32,39.27,1517300
3/14/2016,A,38.98,39.02,38.41,39.169998,929600
3/15/2016,A,38.59,38.290001,38.080002,38.709999,1059400
3/16/2016,A,38.09,38.98,38.02,39.099998,1956100
3/17/2016,A,39.060001,39.290001,38.59,39.439999,1895700
3/18/2016,A,39.330002,40.189999,39.27,40.48,2504400
3/21/2016,A,40.07,39.650002,39.639999,40.139999,2172600
3/22/2016,A,39.560001,39.880001,39.450001,40.040001,1552300
3/23/2016,A,39.900002,39.470001,39.369999,39.990002,1554800
3/24/2016,A,39.16,39.43,38.889999,39.450001,993500
3/28/2016,A,39.540001,39.52,39.139999,39.75,1272700
3/29/2016,A,39.349998,40.16,39.110001,40.220001,1091200
3/30/2016,A,40.360001,40.119999,39.889999,40.580002,783400
3/31/2016,A,40.009998,39.849998,39.66,40.099998,3143500
4/1/2016,A,39.560001,40.310001,39.5,40.380001,2857800
4/4/2016,A,40.32,40.009998,39.799999,40.52,2958100
4/5/2016,A,39.73,39.259998,39.189999,39.889999,1900700
4/6/2016,A,39.290001,40.240002,39.169998,40.25,1566600
4/7/2016,A,39.889999,39.470001,39.25,40.099998,1373800
4/8/2016,A,39.689999,39.540001,39.400002,39.970001,1106300
4/11/2016,A,39.860001,39.41,39.349998,40,1049300
4/12/2016,A,39.470001,39.75,39.34,39.830002,992500
4/13/2016,A,39.52,40.689999,39.5,41,2494600
4/14/2016,A,40.860001,40.779999,40.529999,41.080002,1347800
4/15/2016,A,40.77,40.91,40.630001,40.950001,1442300
4/18/2016,A,40.720001,41.310001,40.610001,41.450001,1536100
4/19/2016,A,41.18,41.400002,41.130001,41.740002,1640600
4/20/2016,A,41.419998,41.52,41.299999,41.68,1243900
4/21/2016,A,41.5,41.93,41.419998,42,1670400
4/22/2016,A,41.98,41.799999,41.549999,41.98,1396300
4/25/2016,A,41.709999,41.630001,41.529999,41.860001,1500400
4/26/2016,A,41.82,41.32,41.259998,41.880001,1869000
4/27/2016,A,41.349998,41.580002,41.040001,41.75,1189300
4/28/2016,A,41.25,41.18,41.060001,41.779999,1549800
4/29/2016,A,40.919998,40.919998,40.259998,41.040001,2027900
5/2/2016,A,41.200001,41.709999,41.130001,41.75,1285300
5/3/2016,A,41.32,41.240002,40.91,41.490002,1334000
5/4/2016,A,40.810001,40.52,40.389999,41.200001,1603000
5/5/2016,A,40.639999,40.959999,40.509998,41.029999,1084000
5/6/2016,A,40.860001,41.43,40.720001,41.619999,1403500
5/9/2016,A,41.509998,41.330002,41.290001,41.779999,1741500
5/10/2016,A,41.5,42,41.349998,42,2094300
5/11/2016,A,42.189999,42.459999,42.119999,43.200001,3329000
5/12/2016,A,42.59,42.73,42.419998,42.939999,2504900
5/13/2016,A,42.549999,42.619999,42.389999,42.93,2430600
5/16/2016,A,42.610001,42.939999,42.5,43.07,3979300
5/17/2016,A,44.959999,44.41,43.630001,45.34,7130400
5/18/2016,A,44.450001,44.32,43.990002,44.740002,3476500
5/19/2016,A,44.07,44.560001,43.98,44.82,3659500
5/20/2016,A,44.860001,44.889999,44.689999,45.220001,2567400
5/23/2016,A,44.889999,44.57,44.529999,44.959999,1689700
5/24/2016,A,44.759998,45.029999,44.700001,45.290001,3236300
5/25/2016,A,45.119999,45.419998,45.119999,45.610001,2352400
5/26/2016,A,45.580002,45.509998,45.200001,45.599998,2569600
5/27/2016,A,45.549999,45.82,45.369999,45.849998,1822700
5/31/2016,A,45.790001,45.889999,45.580002,46,2256400
6/1/2016,A,45.75,45.950001,45.450001,46.099998,1733600
6/2/2016,A,45.91,45.900002,45.82,46.150002,2209400
6/3/2016,A,45.73,45.720001,45.189999,45.849998,2395100
6/6/2016,A,45.720001,45.860001,45.720001,46.009998,2359000
6/7/2016,A,45.810001,45.75,45.610001,45.950001,1500400
6/8/2016,A,45.75,46.150002,45.709999,46.18,1552100
6/9/2016,A,45.98,46.09,45.880001,46.18,1203900
6/10/2016,A,45.73,45.360001,45.189999,45.779999,1261700
6/13/2016,A,45.32,44.919998,44.91,45.52,1272800
6/14/2016,A,44.700001,44.91,44.560001,44.950001,1624100
6/15/2016,A,45.110001,44.939999,44.900002,45.380001,2029200
6/16/2016,A,44.720001,45.369999,44.59,45.43,1784700
6/17/2016,A,45.419998,45.360001,44.869999,45.419998,3434800
6/20/2016,A,45.57,46.139999,45.57,46.349998,3161300
6/21/2016,A,46.209999,46.16,45.759998,46.330002,2112900
6/22/2016,A,46.150002,46.029999,45.950001,46.470001,2411900
6/23/2016,A,46.5,46.68,46.389999,46.68,1487900
6/24/2016,A,44.560001,44.119999,43.919998,45.07,5263600
6/27/2016,A,43.630001,42.259998,41.98,43.709999,4328100
6/28/2016,A,42.669998,43.110001,42.16,43.110001,4300800
6/29/2016,A,43.549999,43.759998,43.189999,43.98,2402600
6/30/2016,A,43.68,44.360001,43.59,44.400002,2181100
7/1/2016,A,44.360001,44.599998,44.310001,44.799999,1591500
7/5/2016,A,44.310001,43.75,43.630001,44.349998,1813500
7/6/2016,A,43.650002,44.470001,43.360001,44.549999,2312100
7/7/2016,A,44.470001,44.419998,44.18,44.740002,1860700
7/8/2016,A,44.860001,45.48,44.860001,45.549999,1838100
7/11/2016,A,45.610001,45.400002,45.349998,45.77,1094700
7/12/2016,A,45.77,46.529999,45.639999,46.66,2237700
7/13/2016,A,46.639999,46.41,46.330002,46.82,1852400
7/14/2016,A,46.860001,46.799999,46.689999,46.98,1192500
7/15/2016,A,46.959999,46.669998,46.549999,46.959999,1202100
7/18/2016,A,46.599998,46.799999,46.34,46.880001,1362900
7/19/2016,A,46.669998,46.98,46.490002,47,2583900
7/20/2016,A,46.959999,47.009998,46.82,47.18,2124600
7/21/2016,A,46.98,46.669998,46.470001,47.139999,1218400
7/22/2016,A,46.720001,46.580002,46.419998,46.790001,1512400
7/25/2016,A,46.490002,46.139999,45.919998,46.52,1719800
7/26/2016,A,46.209999,46.950001,45.790001,46.950001,1792700
7/27/2016,A,47,47.259998,46.73,47.459999,1572600
7/28/2016,A,47.189999,47.509998,47.02,47.75,1944800
7/29/2016,A,47.490002,48.110001,47.360001,48.18,1881400
8/1/2016,A,48.110001,47.869999,47.619999,48.110001,1604600
8/2/2016,A,47.709999,47.18,46.970001,47.75,1595900
8/3/2016,A,47.099998,47.09,46.900002,47.18,1508900
8/4/2016,A,47.16,46.830002,46.740002,47.330002,1700200
8/5/2016,A,47.099998,47.490002,47.099998,47.540001,1250700
8/8/2016,A,47.57,47.23,47.139999,47.669998,1311700
8/9/2016,A,47.110001,47.450001,47.110001,47.630001,1006200
8/10/2016,A,47.509998,47.509998,47.209999,47.580002,754100
8/11/2016,A,47.619999,48.130001,47.470001,48.189999,1377000
8/12/2016,A,47.970001,48.139999,47.700001,48.200001,1538600
8/15/2016,A,48.169998,48.439999,48.119999,48.619999,2323500
8/16/2016,A,48.27,48.279999,48.119999,48.540001,3176000
8/17/2016,A,48.630001,48.43,48.080002,48.630001,3154900
8/18/2016,A,46.880001,46.720001,46.09,47.34,4660000
8/19/2016,A,46.580002,47.619999,46.57,47.790001,3340400
8/22/2016,A,47.630001,47.580002,47.380001,47.849998,1626800
8/23/2016,A,47.73,47.82,47.68,48.09,1645100
8/24/2016,A,47.740002,46.700001,46.630001,47.82,2634700
8/25/2016,A,46.669998,47.259998,46.610001,47.419998,2160100
8/26/2016,A,47.41,47.32,47.07,47.790001,1581200
8/29/2016,A,47.450001,47.619999,47.310001,47.889999,1333000
8/30/2016,A,47.66,47.139999,47.080002,47.810001,2231200
8/31/2016,A,47.119999,46.98,46.810001,47.189999,1676600
9/1/2016,A,47.029999,46.990002,46.810001,47.220001,1257900
9/2/2016,A,47.23,47,46.889999,47.389999,1424500
9/6/2016,A,46.900002,46.950001,46.720001,47.110001,1460900
9/7/2016,A,47.07,47.110001,46.860001,47.169998,1542400
9/8/2016,A,47.07,47.02,46.939999,47.16,884700
9/9/2016,A,46.509998,44.880001,44.869999,46.529999,2507000
9/12/2016,A,44.59,45.75,44.470001,45.810001,1835400
9/13/2016,A,45.360001,44.900002,44.610001,45.419998,3461800
9/14/2016,A,45.009998,44.860001,44.599998,45.099998,1604800
9/15/2016,A,44.860001,45.439999,44.810001,45.68,1734000
9/16/2016,A,45.389999,44.790001,44.740002,45.389999,2592900
9/19/2016,A,44.900002,44.950001,44.860001,45.48,1927900
9/20/2016,A,45.330002,45.709999,45.150002,45.950001,2333000
9/21/2016,A,45.98,46.040001,45.41,46.25,1612600
9/22/2016,A,46.380001,46.669998,46.290001,46.700001,1306400
9/23/2016,A,46.43,46.610001,46.310001,46.869999,1957000
9/26/2016,A,46.459999,46.57,46.16,46.77,2639100
9/27/2016,A,46.529999,46.700001,46.23,46.709999,1587100
9/28/2016,A,46.900002,47.18,46.52,47.259998,1502500
9/29/2016,A,47.049999,46.41,46.139999,47.27,1938200
9/30/2016,A,46.5,47.09,46.299999,47.32,1754300
10/3/2016,A,46.82,47.139999,46.82,47.23,1538800
10/4/2016,A,47.07,46.830002,46.669998,47.299999,1764000
10/5/2016,A,47.040001,47.150002,46.93,47.310001,1431900
10/6/2016,A,47.009998,47.299999,46.880001,47.43,1772800
10/7/2016,A,47.330002,47.380001,46.990002,47.490002,1663100
10/10/2016,A,47.580002,47.689999,47.549999,48.150002,1544900
10/11/2016,A,47.189999,45.689999,45.419998,47.189999,2912500
10/12/2016,A,45.779999,45.470001,45.419998,45.82,1736100
10/13/2016,A,44.84,45.16,44.759998,45.32,1336000
10/14/2016,A,45.380001,45.080002,45.080002,45.619999,997100
10/17/2016,A,45.080002,45.150002,45,45.470001,1160300
10/18/2016,A,45.700001,45.439999,45.27,45.830002,1949100
10/19/2016,A,45.41,46.02,45.34,46.150002,1769000
10/20/2016,A,46,46.049999,45.650002,46.220001,1493600
10/21/2016,A,45.669998,45.57,45.290001,45.669998,1011300
10/24/2016,A,45.880001,45.849998,45.639999,45.950001,1666400
10/25/2016,A,45.259998,43.509998,43.169998,45.59,3949500
10/26/2016,A,43.419998,43.369999,43.240002,43.82,2146200
10/27/2016,A,43.970001,43.380001,43.349998,44.189999,2392800
10/28/2016,A,43.380001,43.220001,43.110001,43.869999,1470500
10/31/2016,A,43.330002,43.57,43.18,43.700001,1556800
11/1/2016,A,43.73,43.490002,43.139999,44.110001,2133100
11/2/2016,A,43.470001,43.259998,43.240002,43.73,2240300
11/3/2016,A,43.330002,43.66,43.18,44,2510100
11/4/2016,A,43.689999,44.32,43.689999,44.919998,2220900
11/7/2016,A,44.990002,45.709999,44.950001,45.759998,1724000
11/8/2016,A,45.48,45.619999,45.32,45.959999,2136700
11/9/2016,A,45.41,45.939999,44.490002,46.09,3501200
11/10/2016,A,46.599998,47.029999,46.34,47.380001,2558700
11/11/2016,A,46.77,46.369999,46.209999,46.869999,2219300
11/14/2016,A,46.66,45.330002,45.18,46.73,3443200
11/15/2016,A,45.330002,45.400002,44.950001,46,4710200
11/16/2016,A,46.299999,46.18,46.150002,47.799999,4026800
11/17/2016,A,46.16,45.939999,45.549999,46.16,2070600
11/18/2016,A,45.91,45.040001,45.009998,46.200001,3148500
11/21/2016,A,45.220001,44.970001,44.650002,45.240002,2540100
11/22/2016,A,44.939999,44.459999,43.77,45.16,2831200
11/23/2016,A,44.18,44.650002,43.970001,44.779999,1926300
11/25/2016,A,44.740002,44.889999,44.619999,45.009998,877100
11/28/2016,A,44.52,43.599998,43.580002,44.689999,2241800
11/29/2016,A,43.599998,44.48,43.52,44.630001,1951900
11/30/2016,A,44.790001,43.98,43.939999,44.900002,2238600
12/1/2016,A,44.080002,43.209999,42.919998,44.099998,2823100
12/2/2016,A,43.27,44.029999,43.27,44.09,2153200
12/5/2016,A,44.209999,44.529999,44.209999,44.689999,2495000
12/6/2016,A,44.580002,44.84,44.200001,44.900002,1136700
12/7/2016,A,44.560001,44.990002,44.110001,44.990002,1815200
12/8/2016,A,44.990002,45.799999,44.77,45.830002,1848400
12/9/2016,A,45.91,46.299999,45.849998,46.32,1937500
12/12/2016,A,46.18,46.139999,46.110001,46.75,1851500
12/13/2016,A,46.310001,46.389999,46.16,46.610001,1734700
12/14/2016,A,46.43,46.139999,46,46.790001,2044100
12/15/2016,A,46.080002,46.560001,45.919998,46.77,1338900
12/16/2016,A,46.610001,45.91,45.810001,46.919998,2103200
12/19/2016,A,45.889999,45.43,45.360001,46.220001,1084200
12/20/2016,A,45.75,46.209999,45.540001,46.310001,1552400
12/21/2016,A,46.209999,46.040001,45.860001,46.360001,1652300
12/22/2016,A,45.93,45.970001,45.799999,46.130001,968300
12/23/2016,A,46.080002,46.200001,45.93,46.23,727700
12/27/2016,A,46.369999,46.509998,46.32,46.66,1535500
12/28/2016,A,46.509998,45.720001,45.68,46.700001,1177300
12/29/2016,A,45.68,45.639999,45.57,46,891000
12/30/2016,A,45.759998,45.560001,45.380001,45.82,1216100
