11/18/2010,GM,35,34.189999,33.889999,35.990002,457044300
11/19/2010,GM,34.150002,34.259998,33.110001,34.5,107842000
11/22/2010,GM,34.200001,34.080002,33.810001,34.48,36650600
11/23/2010,GM,33.950001,33.25,33.189999,33.990002,31170200
11/24/2010,GM,33.73,33.48,33.220001,33.799999,26138000
11/26/2010,GM,33.41,33.799999,33.209999,33.810001,12301200
11/29/2010,GM,33.799999,33.799999,33.07,33.810001,27776900
11/30/2010,GM,33.529999,34.200001,33.360001,34.25,57476900
12/1/2010,GM,34.650002,34.779999,34.419998,34.950001,34633200
12/2/2010,GM,34.919998,34.68,34.509998,34.98,23196100
12/3/2010,GM,34.549999,34.549999,33.970001,34.599998,19395200
12/6/2010,GM,34.48,34.48,34.41,34.779999,11676500
12/7/2010,GM,34.75,34.68,34.459999,34.889999,20823000
12/8/2010,GM,34.610001,34.450001,34.330002,34.73,12603900
12/9/2010,GM,34.360001,33.740002,33.619999,34.43,18402200
12/10/2010,GM,33.849998,33.810001,33.529999,33.990002,11741700
12/13/2010,GM,33.959999,33.799999,33.700001,34.049999,11029300
12/14/2010,GM,33.73,33.889999,33.450001,33.919998,15165600
12/15/2010,GM,33.810001,33.610001,33.610001,34.009998,10182700
12/16/2010,GM,33.57,33.610001,33.560001,33.860001,9885700
12/17/2010,GM,33.529999,34,33.189999,34,35681600
12/20/2010,GM,33.91,33.759998,33.740002,34.049999,12476400
12/21/2010,GM,33.860001,33.849998,33.720001,33.939999,9012400
12/22/2010,GM,33.720001,34.919998,33.529999,34.950001,20935100
12/23/2010,GM,34.669998,34.810001,34.619999,35.52,20529200
12/27/2010,GM,34.41,34.599998,34.189999,34.889999,7368300
12/28/2010,GM,35.380001,35.32,35.07,35.669998,23489000
12/29/2010,GM,35.470001,36.02,35.25,36.299999,20960800
12/30/2010,GM,36.099998,36.82,36.02,36.98,16980800
12/31/2010,GM,36.84,36.860001,36.57,36.959999,6163900
1/3/2011,GM,37.32,37.060001,37.029999,38,24874900
1/4/2011,GM,37.099998,37.900002,36.68,37.990002,32363400
1/5/2011,GM,37.470001,38.07,37.470001,38.299999,22503900
1/6/2011,GM,38.240002,38.900002,38.07,39.48,38556900
1/7/2011,GM,38.84,38.98,38.509998,39.330002,19901100
1/10/2011,GM,39.34,38.560001,38.439999,39.360001,18341600
1/11/2011,GM,38.66,38.75,38.509998,39.43,14856500
1/12/2011,GM,38.950001,38.619999,38.369999,39.369999,16773900
1/13/2011,GM,38.66,38.27,38.110001,38.709999,11358300
1/14/2011,GM,38.18,38.200001,38.040001,38.470001,5894200
1/18/2011,GM,38.049999,38.029999,37.32,38.330002,8918200
1/19/2011,GM,37.779999,37.400002,37.259998,37.93,12667700
1/20/2011,GM,37.110001,37.18,36.27,37.290001,15844900
1/21/2011,GM,37.330002,37.240002,36.82,37.849998,9548500
1/24/2011,GM,37.709999,37.639999,37.029999,37.860001,12202800
1/25/2011,GM,37.849998,38.400002,37.709999,38.490002,12318700
1/26/2011,GM,38.75,37.889999,37.860001,38.91,11534600
1/27/2011,GM,38.200001,38.669998,38.029999,38.950001,13950000
1/28/2011,GM,38,36.599998,36.009998,38.02,37134600
1/31/2011,GM,36.889999,36.490002,35.889999,37.049999,13954800
2/1/2011,GM,36.93,36.450001,36.130001,37.23,28091600
2/2/2011,GM,36.459999,35.68,35.580002,36.560001,17434700
2/3/2011,GM,35.970001,36.060001,35.130001,36.060001,19350000
2/4/2011,GM,36.25,36.59,35.889999,36.73,11115000
2/7/2011,GM,36.950001,36.700001,36.610001,37.09,7328800
2/8/2011,GM,36.970001,36.889999,36.400002,37.049999,6243000
2/9/2011,GM,36.82,36.41,36.279999,36.91,6399300
2/10/2011,GM,36.169998,35.880001,35.52,36.639999,11542400
2/11/2011,GM,35.759998,36.450001,35.549999,36.57,13508300
2/14/2011,GM,36.549999,36.290001,35.470001,36.560001,7121200
2/15/2011,GM,36.189999,36.110001,35.799999,36.41,10336500
2/16/2011,GM,36.110001,36.75,36.02,36.84,8680900
2/17/2011,GM,36.549999,36.369999,36.299999,36.700001,7463000
2/18/2011,GM,36.419998,36.509998,36.380001,36.759998,6815800
2/22/2011,GM,35.860001,35.77,35.450001,36.150002,13937400
2/23/2011,GM,35.849998,34.59,33.799999,35.939999,28192500
2/24/2011,GM,34.900002,33.02,32.049999,35,63562800
2/25/2011,GM,33.669998,33.25,33.049999,34.200001,29017800
2/28/2011,GM,33.490002,33.529999,32.860001,33.740002,15886400
3/1/2011,GM,33.689999,32.950001,32.43,33.75,27321600
3/2/2011,GM,32.900002,32.880001,32.59,33.169998,14306700
3/3/2011,GM,33.029999,33.029999,32.650002,33.169998,17614800
3/4/2011,GM,33.07,32.389999,32.009998,33.080002,24240900
3/7/2011,GM,32.349998,31.700001,31.52,32.5,15077100
3/8/2011,GM,31.74,32.720001,31.690001,32.82,14509400
3/9/2011,GM,32.740002,32.25,32.099998,32.759998,11225600
3/10/2011,GM,31.469999,31.42,30.950001,31.780001,38333600
3/11/2011,GM,31.25,31.93,31.24,32.060001,14024000
3/14/2011,GM,32.139999,31.59,31.43,32.299999,9976500
3/15/2011,GM,30.98,32.349998,30.65,32.490002,21471300
3/16/2011,GM,32.419998,31.780001,31.4,32.529999,14148900
3/17/2011,GM,32.18,31.440001,31.33,32.389999,11025600
3/18/2011,GM,31.74,31.85,31.42,31.950001,9861200
3/21/2011,GM,32.240002,31.280001,31.23,32.299999,13196500
3/22/2011,GM,31.280001,30.74,30.51,31.35,16982100
3/23/2011,GM,30.6,31.16,30.200001,31.280001,23016000
3/24/2011,GM,31.32,31.389999,31.24,31.6,15743100
3/25/2011,GM,31.49,31.469999,31.09,31.700001,15242300
3/28/2011,GM,31.58,30.85,30.85,31.58,10302600
3/29/2011,GM,30.93,31.1,30.68,31.17,9756700
3/30/2011,GM,31.16,31.549999,31.040001,31.639999,7657000
3/31/2011,GM,31.4,31.030001,31,31.549999,8976600
4/1/2011,GM,31.389999,32.41,30.84,32.630001,29883100
4/4/2011,GM,32.5,32.389999,32.200001,32.720001,12331400
4/5/2011,GM,32.32,32.869999,32.099998,32.869999,10106900
4/6/2011,GM,33,32.869999,32.52,33.279999,8160100
4/7/2011,GM,32.84,32.310001,32.07,32.84,11242400
4/8/2011,GM,32.400002,31.52,31.33,32.75,16057700
4/11/2011,GM,31.34,30.77,30.549999,31.450001,15179100
4/12/2011,GM,30.4,31.15,30.1,31.34,19648600
4/13/2011,GM,31.23,30.860001,30.59,31.32,13781100
4/14/2011,GM,30.65,30.58,30.35,30.860001,9044800
4/15/2011,GM,30.59,30.24,30.18,30.719999,9882800
4/18/2011,GM,30.059999,29.969999,29.9,30.34,12745600
4/19/2011,GM,29.809999,29.59,29.17,29.91,19914800
4/20/2011,GM,29.76,29.93,29.42,30.379999,22038100
4/21/2011,GM,30.049999,30.950001,30.01,31,18920800
4/25/2011,GM,31,31.139999,30.32,31.190001,15442500
4/26/2011,GM,31.389999,31.27,30.959999,31.51,15700000
4/27/2011,GM,31.469999,31.780001,31.280001,31.790001,14945600
4/28/2011,GM,31.76,31.91,31.48,32.099998,15810100
4/29/2011,GM,31.99,32.09,31.91,32.580002,13774600
5/2/2011,GM,32.41,32.18,31.92,32.5,11014500
5/3/2011,GM,32.380001,32.990002,32.360001,33.200001,29894800
5/4/2011,GM,33.16,33.040001,32.709999,33.470001,20492000
5/5/2011,GM,32.060001,32.02,31.49,32.68,26623400
5/6/2011,GM,32.5,31.91,31.84,32.599998,12801800
5/9/2011,GM,31.74,31.389999,31.360001,32.060001,10716400
5/10/2011,GM,31.469999,31.610001,31.33,31.639999,7841900
5/11/2011,GM,31.57,31.299999,31.110001,31.860001,9073300
5/12/2011,GM,31.07,31.42,30.93,31.6,14128200
5/13/2011,GM,31.459999,31.07,30.85,31.540001,10837200
5/16/2011,GM,31.25,31.1,31.08,31.5,7291700
5/17/2011,GM,31.059999,31.1,30.83,31.379999,11191200
5/18/2011,GM,31.07,31.52,31,31.620001,9949400
5/19/2011,GM,31.530001,31.469999,31.309999,31.790001,9575300
5/20/2011,GM,31.360001,31.18,31.1,31.5,7224100
5/23/2011,GM,30.68,30.959999,30.5,31.16,8971700
5/24/2011,GM,31.129999,30.83,30.5,31.200001,8779100
5/25/2011,GM,30.559999,31.27,30.5,31.379999,14390800
5/26/2011,GM,31.08,30.68,30.52,31.1,12244400
5/27/2011,GM,30.77,31.280001,30.59,31.48,9114200
5/31/2011,GM,31.440001,31.809999,31.129999,31.870001,22938900
6/1/2011,GM,31.700001,30.23,30.15,31.700001,19134400
6/2/2011,GM,30.33,29.6,29.4,30.559999,22440900
6/3/2011,GM,29.280001,29.120001,28.9,29.559999,21968400
6/6/2011,GM,29.02,28.559999,28.549999,29.41,13416100
6/7/2011,GM,28.889999,28.780001,28.389999,29.040001,15237900
6/8/2011,GM,28.52,28.860001,28.4,29.34,16534000
6/9/2011,GM,29.200001,29.450001,28.91,29.58,13593600
6/10/2011,GM,29.299999,28.85,28.65,29.299999,11734000
6/13/2011,GM,28.9,28.59,28.290001,29.08,9791900
6/14/2011,GM,28.92,29.110001,28.860001,29.49,10948400
6/15/2011,GM,28.77,28.950001,28.639999,29.110001,11669900
6/16/2011,GM,28.700001,28.59,28.17,28.99,14079400
6/17/2011,GM,28.73,29,28.57,29.059999,16732300
6/20/2011,GM,28.870001,29.52,28.77,29.6,9038000
6/21/2011,GM,29.51,29.59,29.43,30,12648300
6/22/2011,GM,29.620001,29.969999,29.5,30.18,15520300
6/23/2011,GM,29.530001,30.139999,29.32,30.200001,13780400
6/24/2011,GM,30.15,29.92,29.66,30.299999,50062300
6/27/2011,GM,29.790001,30.26,29.6,30.459999,15348000
6/28/2011,GM,30.209999,30.5,30.18,30.790001,12698300
6/29/2011,GM,30.790001,30.299999,30.25,30.790001,12716100
6/30/2011,GM,30.299999,30.360001,30.219999,30.559999,18645700
7/1/2011,GM,30.35,30.58,29.92,30.860001,18098400
7/5/2011,GM,30.870001,30.860001,30.58,31.360001,8836900
7/6/2011,GM,31.370001,31.190001,31.09,31.68,14223700
7/7/2011,GM,31.790001,31.799999,31.65,32.080002,13339400
7/8/2011,GM,31.25,31.58,31.16,31.700001,9872100
7/11/2011,GM,30.98,30.75,30.549999,31.200001,8376600
7/12/2011,GM,30.24,30.68,30.02,30.940001,10536600
7/13/2011,GM,30.870001,30.75,30.610001,31.299999,8093200
7/14/2011,GM,30.85,30.1,30.030001,30.969999,10800200
7/15/2011,GM,30.389999,29.76,29.52,30.620001,10400000
7/18/2011,GM,29.57,29.1,28.620001,29.65,13850000
7/19/2011,GM,29.200001,29.33,28.76,29.49,10283400
7/20/2011,GM,29.450001,29.24,29.049999,29.48,6997900
7/21/2011,GM,29.389999,29.959999,29.16,30.02,12231600
7/22/2011,GM,29.969999,30.1,29.879999,30.290001,7820100
7/25/2011,GM,29.530001,29.5,29.389999,29.84,8690700
7/26/2011,GM,29.67,29.09,28.959999,29.700001,9268400
7/27/2011,GM,28.9,28.139999,28.030001,29,14552900
7/28/2011,GM,28.219999,28.1,28.02,28.9,11029000
7/29/2011,GM,27.620001,27.68,27.309999,28.1,12182900
8/1/2011,GM,28.879999,28.07,27.700001,28.879999,12825600
8/2/2011,GM,27.75,27.049999,27.02,28.09,18222000
8/3/2011,GM,27.030001,27.17,26.129999,27.17,15790400
8/4/2011,GM,27.16,25.99,25.709999,27.200001,38839500
8/5/2011,GM,26.07,26.309999,24.49,26.459999,34926100
8/8/2011,GM,24.610001,24.57,23.790001,25.35,32608700
8/9/2011,GM,25.09,25.540001,24,25.559999,26704600
8/10/2011,GM,24.66,23.92,23.83,25,20642400
8/11/2011,GM,24.110001,25.809999,24.110001,26.17,25179600
8/12/2011,GM,26.299999,25.75,25.49,26.5,18861500
8/15/2011,GM,26.030001,26.42,25.790001,26.540001,12994800
8/16/2011,GM,26.219999,25.83,25.690001,26.690001,10145500
8/17/2011,GM,26,24.940001,24.9,26.09,12062000
8/18/2011,GM,23.99,23.6,23.27,24.08,15853700
8/19/2011,GM,23.25,22.16,21.709999,23.440001,34432900
8/22/2011,GM,22.540001,21.709999,21.18,22.719999,27158700
8/23/2011,GM,21.780001,22.059999,21.209999,22.059999,20007100
8/24/2011,GM,21.889999,22.370001,21.57,22.389999,14527400
8/25/2011,GM,22.49,22.299999,22.1,22.74,11099900
8/26/2011,GM,22.200001,22.870001,21.799999,23.08,10278000
8/29/2011,GM,23.299999,23.790001,23.27,23.959999,10642100
8/30/2011,GM,23.459999,23.58,23.049999,23.74,8142900
8/31/2011,GM,23.870001,24.030001,23.83,24.49,12329600
9/1/2011,GM,24.09,23.030001,22.91,24.25,16926200
9/2/2011,GM,22.41,22.07,21.73,22.549999,14086700
9/6/2011,GM,21.360001,21.440001,20.879999,21.58,14282500
9/7/2011,GM,21.82,22.860001,21.82,23.040001,13412200
9/8/2011,GM,22.790001,22.48,22.24,23.129999,11782500
9/9/2011,GM,22.360001,21.76,21.469999,22.450001,11920600
9/12/2011,GM,21.15,21.870001,21,21.950001,9325700
9/13/2011,GM,21.870001,22,21.5,22.33,11189600
9/14/2011,GM,22.219999,22.18,21.620001,22.49,11623100
9/15/2011,GM,22.59,22.700001,22.15,22.790001,8039200
9/16/2011,GM,22.68,22.610001,22.34,22.77,7932400
9/19/2011,GM,22.15,23.049999,22.049999,23.17,14082400
9/20/2011,GM,23.049999,22.43,22.42,23.1,9507100
9/21/2011,GM,22.389999,21.280001,21.219999,22.700001,9850700
9/22/2011,GM,20.59,20.24,20.040001,20.99,17284200
9/23/2011,GM,19.77,21,19.77,21.280001,13722000
9/26/2011,GM,21.32,21.08,20.530001,21.440001,8503500
9/27/2011,GM,21.6,21.190001,21.08,21.83,11170900
9/28/2011,GM,21.200001,20.41,20.370001,21.440001,10120900
9/29/2011,GM,20.719999,20.76,20.120001,20.969999,10781000
9/30/2011,GM,20.440001,20.18,20.1,20.5,10151100
10/3/2011,GM,20.129999,19.73,19.65,20.9,13950700
10/4/2011,GM,19.450001,21.42,19.049999,21.459999,23800000
10/5/2011,GM,21.33,22.27,20.76,22.290001,17155800
10/6/2011,GM,22.299999,22.35,21.75,22.6,13553000
10/7/2011,GM,22.58,22.01,21.82,22.93,14476800
10/10/2011,GM,22.51,22.620001,22.360001,22.969999,11291700
10/11/2011,GM,22.43,22.5,22.280001,22.690001,10258300
10/12/2011,GM,22.940001,23.41,22.860001,23.969999,17303900
10/13/2011,GM,23.379999,23.15,22.5,23.379999,9858600
10/14/2011,GM,23.68,24.16,23.360001,24.16,14753200
10/17/2011,GM,24.17,23.18,23.15,24.190001,8633400
10/18/2011,GM,23.190001,23.540001,22.77,23.870001,14135700
10/19/2011,GM,23.52,23.09,22.959999,23.549999,7600700
10/20/2011,GM,23.02,22.959999,22.51,23.18,9488400
10/21/2011,GM,23.4,24.35,23.200001,24.379999,12352500
10/24/2011,GM,24.280001,24.98,24.25,25.24,13534100
10/25/2011,GM,24.860001,24.860001,24.16,25.190001,11384500
10/26/2011,GM,25.02,24.99,24.690001,25.280001,17497500
10/27/2011,GM,25.870001,26.32,25.200001,26.469999,18428600
10/28/2011,GM,26.219999,26.450001,26,26.549999,10718700
10/31/2011,GM,25.92,25.85,25.610001,26.16,8853600
11/1/2011,GM,24.82,23.33,23.25,24.9,25365200
11/2/2011,GM,23.700001,23.200001,22.92,23.73,14355800
11/3/2011,GM,23.82,24.030001,22.76,24.120001,19953000
11/4/2011,GM,23.889999,23.610001,23.309999,23.92,9452000
11/7/2011,GM,23.93,24.01,23.52,24.15,9802800
11/8/2011,GM,24.200001,25.040001,23.98,25.17,19891800
11/9/2011,GM,23.07,22.309999,22.15,23.57,32911600
11/10/2011,GM,22.440001,22.700001,21.93,22.85,15866600
11/11/2011,GM,22.950001,22.51,22.219999,23.1,15438300
11/14/2011,GM,22.559999,22.99,22.51,23.290001,13433300
11/15/2011,GM,22.809999,23.35,22.6,23.530001,13867200
11/16/2011,GM,23.24,22.65,22.620001,23.35,9297200
11/17/2011,GM,22.719999,21.790001,21.559999,22.75,12692700
11/18/2011,GM,22.01,21.68,21.620001,22.18,6592500
11/21/2011,GM,21.1,21.049999,20.540001,21.18,11757900
11/22/2011,GM,20.92,20.73,20.700001,21.120001,7288600
11/23/2011,GM,20.48,20.24,20.059999,20.690001,9594500
11/25/2011,GM,20.219999,20.34,20.209999,20.709999,2757600
11/28/2011,GM,20.950001,20.74,20.65,21.43,8959100
11/29/2011,GM,20.73,20.309999,20.299999,20.85,7665000
11/30/2011,GM,21.02,21.290001,20.940001,21.309999,11147700
12/1/2011,GM,21.24,20.959999,20.93,21.77,12128500
12/2/2011,GM,21.35,21.280001,21.129999,21.73,9781200
12/5/2011,GM,21.52,21.59,21.43,21.99,9808700
12/6/2011,GM,21.6,21.68,21.280001,21.879999,10668900
12/7/2011,GM,21.620001,21.940001,21.48,22.110001,9194700
12/8/2011,GM,21.76,20.98,20.85,21.76,11508500
12/9/2011,GM,21.09,21.15,21.059999,21.4,6491100
12/12/2011,GM,20.66,20.799999,20.559999,20.9,6281600
12/13/2011,GM,20.959999,20.110001,19.950001,21,12647100
12/14/2011,GM,19.950001,19.469999,19.42,20.01,15053700
12/15/2011,GM,19.76,20.1,19.51,20.219999,10152400
12/16/2011,GM,20.16,20.15,19.969999,20.52,9109900
12/19/2011,GM,20.120001,19.049999,19,20.23,15608900
12/20/2011,GM,19.42,19.690001,19.35,19.9,13952500
12/21/2011,GM,19.74,20.32,19.58,20.440001,13054600
12/22/2011,GM,20.25,20.700001,20.17,20.85,7287200
12/23/2011,GM,20.809999,20.5,20.450001,20.889999,6480600
12/27/2011,GM,20.43,20.09,20.08,20.43,5866200
12/28/2011,GM,20.08,19.860001,19.76,20.129999,7116200
12/29/2011,GM,19.85,20.209999,19.709999,20.25,6891400
12/30/2011,GM,20.120001,20.27,20.049999,20.370001,6971400
1/3/2012,GM,20.83,21.049999,20.75,21.18,9321300
1/4/2012,GM,21.049999,21.15,20.75,21.370001,7856700
1/5/2012,GM,21.1,22.17,20.959999,22.290001,17880600
1/6/2012,GM,22.26,22.92,22.24,23.030001,18234500
1/9/2012,GM,23.200001,22.84,22.700001,23.43,12084500
1/10/2012,GM,23.219999,23.24,22.780001,23.4,13538300
1/11/2012,GM,23.370001,24.469999,23.34,24.639999,21947000
1/12/2012,GM,24.35,24.67,23.76,24.82,16750800
1/13/2012,GM,24.27,24.290001,23.91,24.65,12963100
1/17/2012,GM,24.6,24.200001,24.17,24.68,9385800
1/18/2012,GM,24.27,24.51,24.02,24.58,8919200
1/19/2012,GM,24.690001,24.82,24.450001,24.98,15222800
1/20/2012,GM,24.93,25,24.84,25.110001,9896400
1/23/2012,GM,25.139999,24.92,24.790001,25.25,8923500
1/24/2012,GM,24.84,24.790001,24.5,24.93,8350000
1/25/2012,GM,24.889999,24.92,24.379999,25.01,13441000
1/26/2012,GM,25.1,24.719999,24.6,25.5,11585300
1/27/2012,GM,23.799999,24.370001,23.33,24.540001,14784100
1/30/2012,GM,24.059999,24.23,23.950001,24.57,6319800
1/31/2012,GM,24.530001,24.02,23.950001,24.59,9190800
2/1/2012,GM,24.33,24.370001,24.07,24.58,13337500
2/2/2012,GM,24.65,24.309999,24.299999,24.690001,6670900
2/3/2012,GM,25,26.18,24.790001,26.440001,25528100
2/6/2012,GM,26.469999,26.700001,25.950001,26.83,17264100
2/7/2012,GM,26.620001,26.219999,26.15,26.620001,10764100
2/8/2012,GM,26.309999,25.75,25.58,26.42,17524300
2/9/2012,GM,25.959999,25.74,25.5,26.219999,7440000
2/10/2012,GM,25.48,25.5,25.25,25.52,9819000
2/13/2012,GM,26,25.34,25.209999,26,10503600
2/14/2012,GM,25.209999,25.4,25,25.450001,9885800
2/15/2012,GM,25.73,24.93,24.9,25.75,13329000
2/16/2012,GM,25.290001,27.17,25.27,27.26,35313600
2/17/2012,GM,27.17,27.34,27.01,27.68,17603600
2/21/2012,GM,27.299999,27.059999,26.99,27.549999,8593200
2/22/2012,GM,27.08,26.549999,26.530001,27.129999,10693300
2/23/2012,GM,26.690001,26.790001,26.26,27.27,10300900
2/24/2012,GM,26.9,26.07,26.059999,26.950001,9404600
2/27/2012,GM,26.07,26.459999,25.57,26.549999,8600900
2/28/2012,GM,26.49,26.139999,26.1,26.530001,7547000
2/29/2012,GM,26.07,26.02,25.92,26.549999,12018900
3/1/2012,GM,26.190001,26.469999,26.15,26.799999,8893300
3/2/2012,GM,26.549999,26.450001,26.360001,26.75,8465700
3/5/2012,GM,26.27,26,25.799999,26.4,7650500
3/6/2012,GM,25.309999,24.58,24.379999,25.34,19071300
3/7/2012,GM,24.75,24.879999,24.75,25.209999,6888800
3/8/2012,GM,25.370001,25.450001,25.1,25.59,8646700
3/9/2012,GM,25.700001,25.620001,25.389999,25.82,6323600
3/12/2012,GM,25.620001,25.389999,25.15,25.709999,4006300
3/13/2012,GM,25.48,26.07,25.33,26.1,8361200
3/14/2012,GM,26.129999,26.32,26,26.59,9082600
3/15/2012,GM,26.370001,26.049999,25.879999,26.58,10133700
3/16/2012,GM,26.07,25.57,25.26,26.07,11752400
3/19/2012,GM,25.5,25.389999,25.24,25.700001,5462700
3/20/2012,GM,25.1,25.09,24.6,25.42,10819300
3/21/2012,GM,25.17,25.290001,25.1,25.49,6122800
3/22/2012,GM,25.01,25.049999,24.870001,25.26,5605800
3/23/2012,GM,25.040001,25.17,24.77,25.32,5802800
3/26/2012,GM,25.23,25.58,25.139999,25.629999,7957700
3/27/2012,GM,25.42,25.35,25.34,25.85,6632500
3/28/2012,GM,25.41,25.15,25.02,25.48,5162000
3/29/2012,GM,25.02,25.309999,24.940001,25.370001,6433300
3/30/2012,GM,25.49,25.65,25.110001,25.780001,6035000
4/2/2012,GM,26.030001,26.76,25.98,26.91,14465300
4/3/2012,GM,26.639999,25.540001,25.27,27.030001,26410400
4/4/2012,GM,25.1,25.1,24.9,25.4,9785500
4/5/2012,GM,24.99,24.809999,24.610001,25.18,8211300
4/9/2012,GM,24.219999,24.200001,24.030001,24.4,7242200
4/10/2012,GM,24.110001,23.709999,23.290001,24.139999,11856100
4/11/2012,GM,23.84,24.030001,23.82,24.280001,9260900
4/12/2012,GM,24.049999,24.299999,24,24.49,5041800
4/13/2012,GM,24.219999,23.799999,23.620001,24.290001,7310900
4/16/2012,GM,23.780001,23.42,23.360001,23.93,7528500
4/17/2012,GM,23.59,24.040001,23.549999,24.540001,10256900
4/18/2012,GM,23.870001,24.15,23.75,24.290001,6253300
4/19/2012,GM,24.09,24.01,23.870001,24.870001,11206800
4/20/2012,GM,24.059999,23.6,23.52,24.059999,12948000
4/23/2012,GM,23.17,22.950001,22.9,23.299999,16187700
4/24/2012,GM,23.02,22.889999,22.879999,23.4,8679500
4/25/2012,GM,23.15,23.309999,22.889999,23.360001,5548200
4/26/2012,GM,23.16,23.719999,23.16,23.75,8132600
4/27/2012,GM,23.809999,23.530001,23.34,24.09,10495300
4/30/2012,GM,23.379999,23,22.799999,23.49,8279100
5/1/2012,GM,23.040001,23.309999,22.6,23.48,10151600
5/2/2012,GM,23.190001,22.93,22.629999,23.25,14476300
5/3/2012,GM,23.129999,22.370001,22.190001,23.190001,22816800
5/4/2012,GM,22.200001,22.360001,21.82,22.41,14830800
5/7/2012,GM,21.870001,22.41,21.85,22.5,7853500
5/8/2012,GM,22.25,22.23,21.870001,22.35,9317900
5/9/2012,GM,21.879999,22.440001,21.85,22.799999,9812900
5/10/2012,GM,22.690001,22.370001,22.34,22.889999,7235100
5/11/2012,GM,22,22,21.98,22.540001,8045700
5/14/2012,GM,21.75,21.629999,21.6,21.969999,9665400
5/15/2012,GM,21.57,21.42,21.34,21.83,7410500
5/16/2012,GM,22.049999,21.91,21.85,22.620001,13640200
5/17/2012,GM,21.940001,21.610001,21.549999,22.27,12132600
5/18/2012,GM,21.540001,21.18,21.09,21.690001,7532600
5/21/2012,GM,21.34,21.540001,21.26,21.68,6295900
5/22/2012,GM,21.709999,21.5,21.34,21.9,7021500
5/23/2012,GM,21.33,22.129999,21.32,22.200001,8340500
5/24/2012,GM,21.98,22.040001,21.82,22.129999,5093400
5/25/2012,GM,22.040001,22.440001,22,22.459999,5662000
5/29/2012,GM,22.620001,22.85,22.59,22.93,9790400
5/30/2012,GM,22.5,22.370001,21.98,22.5,7369500
5/31/2012,GM,22.26,22.200001,22,22.41,6009300
6/1/2012,GM,21.65,22.01,21.450001,23.34,29615400
6/4/2012,GM,22.01,21.110001,20.66,22.040001,15419800
6/5/2012,GM,20.98,21.25,20.969999,21.469999,5645900
6/6/2012,GM,21.43,21.83,21.34,21.940001,6122700
6/7/2012,GM,22.110001,21.85,21.76,22.379999,5951200
6/8/2012,GM,21.85,22.049999,21.5,22.09,4258600
6/11/2012,GM,22.280001,21.92,21.9,22.299999,6050800
6/12/2012,GM,21.92,22.17,21.68,22.200001,6100200
6/13/2012,GM,22.040001,21.870001,21.74,22.17,8588100
6/14/2012,GM,21.84,21.799999,21.58,21.99,4534300
6/15/2012,GM,21.76,21.74,21.42,21.809999,5714300
6/18/2012,GM,21.540001,21.43,21.379999,21.719999,6394000
6/19/2012,GM,21.43,21.74,21.4,22,7768600
6/20/2012,GM,21.780001,21.48,21.280001,21.82,8588900
6/21/2012,GM,21.450001,20.639999,20.6,21.5,9193500
6/22/2012,GM,20.950001,20.6,20.459999,20.950001,6972200
6/25/2012,GM,20.32,19.91,19.91,20.389999,9975700
6/26/2012,GM,19.940001,19.85,19.620001,20.040001,8923000
6/27/2012,GM,19.83,19.66,19.620001,19.98,8314800
6/28/2012,GM,19.639999,19.82,19.49,19.92,11220900
6/29/2012,GM,20,19.719999,19.24,20,13447400
7/2/2012,GM,19.700001,19.57,19.299999,19.74,6307700
7/3/2012,GM,19.799999,20.67,19.67,21.120001,10718700
7/5/2012,GM,20.75,20.540001,20.540001,21.209999,8075600
7/6/2012,GM,20.35,20.309999,20.049999,20.6,6512900
7/9/2012,GM,20.209999,20.219999,20.049999,20.4,5520400
7/10/2012,GM,20.25,19.799999,19.73,20.48,9803300
7/11/2012,GM,19.75,19.9,19.6,20.01,6668400
7/12/2012,GM,19.610001,19.33,19.23,19.77,14117000
7/13/2012,GM,19.33,19.620001,19.27,19.709999,7474700
7/16/2012,GM,19.469999,19.379999,19.23,19.549999,9066500
7/17/2012,GM,19.549999,19.6,19.299999,19.6,7951200
7/18/2012,GM,19.620001,20.07,19.57,20.209999,8770400
7/19/2012,GM,20.120001,20.139999,20.07,20.35,6855400
7/20/2012,GM,20.02,19.360001,19.33,20.16,8798000
7/23/2012,GM,19.09,19.299999,18.85,19.360001,8764600
7/24/2012,GM,19.25,19.02,18.85,19.379999,8202100
7/25/2012,GM,19.1,18.799999,18.719999,19.129999,6777100
7/26/2012,GM,19.02,19.110001,18.75,19.15,5571600
7/27/2012,GM,19.139999,19.67,19.07,19.690001,6803900
7/30/2012,GM,19.549999,19.360001,19.299999,19.65,4219200
7/31/2012,GM,19.459999,19.709999,19.370001,19.77,5607600
8/1/2012,GM,19.780001,19.66,19.43,20.58,14831900
8/2/2012,GM,19.59,19.139999,18.93,20.059999,10881000
8/3/2012,GM,19.26,20.040001,19.25,20.1,9394800
8/6/2012,GM,20.049999,19.85,19.76,20.1,6205800
8/7/2012,GM,19.92,20.42,19.92,20.52,9577200
8/8/2012,GM,20.139999,20.379999,20.049999,20.450001,4702600
8/9/2012,GM,20.370001,20.65,20.209999,20.82,6651400
8/10/2012,GM,20.52,20.540001,20.309999,20.700001,3899800
8/13/2012,GM,20.52,20.469999,20.360001,20.799999,4027000
8/14/2012,GM,20.629999,20.209999,20.1,20.790001,7681000
8/15/2012,GM,20.209999,20.139999,19.98,20.360001,6498600
8/16/2012,GM,20.120001,21.33,20.120001,21.459999,14407500
8/17/2012,GM,21.35,22.01,21.34,22.139999,17952300
8/20/2012,GM,21.75,21.870001,21.66,22.02,6615800
8/21/2012,GM,21.950001,21.629999,21.52,22.07,6545200
8/22/2012,GM,21.58,21.73,21.139999,21.75,7180500
8/23/2012,GM,21.610001,21.34,21.23,21.610001,8960500
8/24/2012,GM,21.209999,21.18,21.07,21.360001,5443300
8/27/2012,GM,21.200001,21.219999,21,21.370001,6216400
8/28/2012,GM,21,20.940001,20.91,21.25,5784600
8/29/2012,GM,20.9,21.299999,20.860001,21.639999,9625000
8/30/2012,GM,21.25,21.110001,21.02,21.26,3882800
8/31/2012,GM,21.299999,21.35,21.110001,21.48,5826200
9/4/2012,GM,21.25,21.309999,21.02,21.5,7505300
9/5/2012,GM,21.219999,21.76,21.02,21.76,7933000
9/6/2012,GM,21.790001,22.450001,21.75,22.73,12484800
9/7/2012,GM,22.549999,23.370001,22.540001,23.42,12908400
9/10/2012,GM,23.280001,22.98,22.940001,23.42,8156800
9/11/2012,GM,22.98,22.969999,22.879999,23.25,5442600
9/12/2012,GM,23.139999,23.129999,23.049999,23.33,5201000
9/13/2012,GM,23.049999,23.530001,22.82,23.68,9479800
9/14/2012,GM,23.690001,24.139999,23.629999,24.33,11881300
9/17/2012,GM,23.92,23.799999,23.73,23.950001,6098600
9/18/2012,GM,24.290001,24.43,24.02,24.450001,11308000
9/19/2012,GM,24.360001,24.75,24.32,25.15,16033600
9/20/2012,GM,24.34,24.42,23.91,24.540001,7414900
9/21/2012,GM,24.540001,24.799999,24.5,24.889999,12189300
9/24/2012,GM,24.51,24.360001,24.120001,24.68,5689300
9/25/2012,GM,24.43,23.52,23.280001,24.5,10326800
9/26/2012,GM,23.25,23.389999,22.85,23.73,8329400
9/27/2012,GM,23.67,23.18,23.139999,23.700001,6843400
9/28/2012,GM,23,22.75,22.709999,23.1,8614500
10/1/2012,GM,23,23.09,22.85,23.41,7582100
10/2/2012,GM,23.5,23.68,22.67,24.1,21403400
10/3/2012,GM,23.709999,24.389999,23.66,24.610001,14739000
10/4/2012,GM,24.549999,24.65,24.32,24.67,8693500
10/5/2012,GM,24.879999,24.799999,24.57,25.43,14251000
10/8/2012,GM,24.790001,24.57,24.51,24.809999,6249500
10/9/2012,GM,24.74,24.370001,24.27,24.860001,7210000
10/10/2012,GM,24.41,24.23,24.1,24.58,6049300
10/11/2012,GM,24.41,24.66,24.23,24.99,8771700
10/12/2012,GM,24.559999,24.440001,24.33,24.83,4230300
10/15/2012,GM,24.51,24.48,24.33,24.58,5114300
10/16/2012,GM,24.52,24.790001,24.41,24.85,4252100
10/17/2012,GM,24.9,25.059999,24.6,25.129999,6002700
10/18/2012,GM,25.09,25.559999,24.959999,25.719999,9762100
10/19/2012,GM,25.43,24.59,24.549999,25.5,10454300
10/22/2012,GM,24.559999,24.620001,24.280001,24.85,7067800
10/23/2012,GM,24.07,23.870001,23.73,24.1,8196000
10/24/2012,GM,24.15,23.690001,23.66,24.27,6230800
10/25/2012,GM,23.98,23.629999,23.58,24.27,11875900
10/26/2012,GM,23.610001,23.280001,23.190001,23.9,10146900
10/31/2012,GM,24.299999,25.5,23.9,25.719999,24700200
11/1/2012,GM,25.530001,25.68,24.91,25.85,14558100
11/2/2012,GM,25.809999,25.790001,25.549999,25.99,9918400
11/5/2012,GM,25.440001,25.57,25.35,25.99,7680700
11/6/2012,GM,25.59,26.190001,25.450001,26.27,10888500
11/7/2012,GM,25.639999,25.030001,24.92,25.67,11106300
11/8/2012,GM,25.219999,24.719999,24.700001,25.5,5239800
11/9/2012,GM,24.379999,25.040001,24.379999,25.280001,7648400
11/12/2012,GM,25.049999,25.26,25.049999,25.379999,5297000
11/13/2012,GM,24.889999,24.82,24.75,25.18,9697600
11/14/2012,GM,24.93,24.17,24.1,24.99,9587600
11/15/2012,GM,24.18,23.879999,23.540001,24.190001,9371700
11/16/2012,GM,23.92,23.85,23.389999,23.98,9647800
11/19/2012,GM,24.27,24.93,24.129999,24.940001,7996800
11/20/2012,GM,24.9,24.6,24.379999,24.940001,6578700
11/21/2012,GM,24.57,24.6,24.43,24.969999,4907700
11/23/2012,GM,24.959999,25.209999,24.860001,25.42,4595900
11/26/2012,GM,25.17,25.23,24.950001,25.41,6460000
11/27/2012,GM,25.139999,25.01,25,25.35,5822200
11/28/2012,GM,24.690001,25.280001,24.639999,25.299999,5312900
11/29/2012,GM,25.610001,26.09,25.51,26.24,10012500
11/30/2012,GM,25.889999,25.879999,25.58,26.17,6538600
12/3/2012,GM,26.059999,25.51,25.459999,26.360001,11331100
12/4/2012,GM,25.34,25.41,24.52,25.5,12633900
12/5/2012,GM,25.370001,25,24.940001,25.6,7652700
12/6/2012,GM,24.91,24.57,24.459999,25,9708900
12/7/2012,GM,24.76,25.190001,24.57,25.209999,9060300
12/10/2012,GM,25.059999,25.280001,25.040001,25.41,5931900
12/11/2012,GM,25.309999,25.450001,25.110001,25.5,5709300
12/12/2012,GM,25.540001,25.629999,25.440001,26.07,8395500
12/13/2012,GM,25.559999,25.120001,24.9,25.83,7737400
12/14/2012,GM,25.08,24.610001,24.4,25.110001,9661400
12/17/2012,GM,24.67,24.85,24.65,24.9,7130600
12/18/2012,GM,24.98,25.49,24.799999,25.540001,9589000
12/19/2012,GM,27.440001,27.18,26.860001,27.91,54870500
12/20/2012,GM,27,27.34,26.870001,27.48,15768900
12/21/2012,GM,26.74,27.32,26.540001,27.379999,8773000
12/24/2012,GM,27.309999,27.66,27.309999,27.74,4877400
12/26/2012,GM,27.629999,27.620001,27.49,27.950001,7006200
12/27/2012,GM,27.74,27.959999,27.43,27.99,9431200
12/28/2012,GM,27.66,27.85,27.549999,27.940001,5133500
12/31/2012,GM,27.76,28.83,27.620001,28.9,13243300
1/2/2013,GM,29.41,29.129999,28.629999,29.5,15605900
1/3/2013,GM,29.049999,29.82,28.84,30.23,22903800
1/4/2013,GM,29.74,29.860001,29.23,29.860001,8066600
1/7/2013,GM,29.639999,29.66,29.299999,29.860001,8385300
1/8/2013,GM,29.66,29.370001,29.049999,29.85,10435200
1/9/2013,GM,29.58,29.969999,29.559999,30.280001,13341400
1/10/2013,GM,30.280001,30.440001,29.780001,30.450001,12115400
1/11/2013,GM,30.379999,30.360001,30.110001,30.6,6862900
1/14/2013,GM,30.15,30.33,29.889999,30.389999,6634700
1/15/2013,GM,30.110001,30.6,29.950001,30.68,7497500
1/16/2013,GM,29.57,29.309999,28.83,29.73,28298900
1/17/2013,GM,29.48,29.49,29.190001,29.65,12064700
1/18/2013,GM,29.440001,29.280001,28.879999,29.530001,9993700
1/22/2013,GM,29.190001,28.629999,28.379999,29.27,18538600
1/23/2013,GM,28.58,28.57,26.620001,28.84,11355300
1/24/2013,GM,28.59,28.780001,28.35,28.98,8398900
1/25/2013,GM,28.959999,29.07,28.870001,29.16,10258400
1/28/2013,GM,29.049999,28.83,28.610001,29.15,7038300
1/29/2013,GM,28.799999,28.450001,28.16,28.82,13059800
1/30/2013,GM,28.280001,27.940001,27.77,28.65,11230700
1/31/2013,GM,27.799999,28.09,27.610001,28.139999,8685200
2/1/2013,GM,28.389999,28.17,28.08,28.5,10713800
2/4/2013,GM,27.889999,27.959999,27.879999,28.200001,6508900
2/5/2013,GM,28.030001,28.59,28.030001,28.6,11097500
2/6/2013,GM,28.35,28.52,28.219999,28.6,7010500
2/7/2013,GM,28.68,28.469999,28.030001,28.91,10493500
2/8/2013,GM,28.540001,28.57,28.5,28.73,6316700
2/11/2013,GM,28.51,28.530001,28.35,28.65,5589900
2/12/2013,GM,28.43,28.549999,28.24,28.75,7175600
2/13/2013,GM,28.75,28.67,28.440001,28.870001,9283900
2/14/2013,GM,28.74,27.75,27.67,29.360001,19226200
2/15/2013,GM,27.59,27.76,27.219999,27.92,12861100
2/19/2013,GM,27.690001,27.68,27.459999,27.799999,7086100
2/20/2013,GM,27.809999,27.1,27.049999,27.809999,7236600
2/21/2013,GM,27.02,26.51,26.33,27.040001,13893200
2/22/2013,GM,26.4,27.110001,26.309999,27.120001,9279400
2/25/2013,GM,27.110001,26.33,26.33,27.17,11121400
2/26/2013,GM,26.65,26.83,26.190001,26.85,13363500
2/27/2013,GM,26.799999,27.4,26.719999,27.58,13115700
2/28/2013,GM,27.5,27.15,26.889999,27.57,10305500
3/1/2013,GM,26.83,27.209999,26.75,27.49,9017700
3/4/2013,GM,27.139999,27.09,26.99,27.290001,6583900
3/5/2013,GM,27.219999,27.58,27.190001,27.790001,9199300
3/6/2013,GM,27.76,27.91,27.620001,27.959999,9002500
3/7/2013,GM,27.860001,27.879999,27.790001,28.139999,9428100
3/8/2013,GM,27.91,28,27.889999,28.190001,5910500
3/11/2013,GM,27.950001,28.309999,27.549999,28.389999,19122000
3/12/2013,GM,28.26,28.370001,28.09,28.639999,10686800
3/13/2013,GM,28.379999,28.07,28.049999,28.379999,10287400
3/14/2013,GM,28.049999,28.16,28.040001,28.23,6438500
3/15/2013,GM,27.959999,28.209999,27.799999,28.26,12101200
3/18/2013,GM,27.950001,28.040001,27.73,28.15,13758200
3/19/2013,GM,28.1,28.1,27.9,28.200001,12749500
3/20/2013,GM,28.25,29.200001,28.190001,29.299999,25484100
3/21/2013,GM,28.91,28.629999,28.57,29.17,13452000
3/22/2013,GM,28.620001,28.219999,27.959999,28.709999,12673300
3/25/2013,GM,28.389999,28.16,28.02,28.48,6669900
3/26/2013,GM,28.280001,28.15,27.99,28.35,6876400
3/27/2013,GM,28.049999,28.059999,27.959999,28.27,5444400
3/28/2013,GM,28.02,27.82,27.639999,28.09,9331000
4/1/2013,GM,27.65,27.799999,27.65,28.09,8834600
4/2/2013,GM,27.959999,27.93,27.530001,28.299999,16188100
4/3/2013,GM,28,27.799999,27.66,28.1,11199700
4/4/2013,GM,27.75,27.74,27.51,28,8571800
4/5/2013,GM,27.379999,27.52,27.110001,27.559999,11792800
4/8/2013,GM,27.5,27.59,27.4,27.639999,11572900
4/9/2013,GM,27.77,27.530001,27.5,27.780001,9682300
4/10/2013,GM,27.690001,28.370001,27.68,28.51,12927800
4/11/2013,GM,28.49,29.719999,28.440001,29.76,22305200
4/12/2013,GM,29.57,29.620001,29.549999,29.84,15617500
4/15/2013,GM,29.41,28.91,28.84,29.690001,14080800
4/16/2013,GM,29.17,29.469999,29.17,29.52,8007700
4/17/2013,GM,29.030001,29.27,28.77,29.33,10670400
4/18/2013,GM,29.25,28.98,28.75,29.379999,11121400
4/19/2013,GM,29.1,29.15,28.91,29.26,7183000
4/22/2013,GM,29.200001,29.25,28.85,29.34,6767000
4/23/2013,GM,29.34,29.85,29.280001,29.92,8454200
4/24/2013,GM,29.91,30.450001,29.860001,30.799999,21511000
4/25/2013,GM,30.059999,30.709999,30,30.780001,14499000
4/26/2013,GM,30.790001,30.5,30.030001,30.799999,13738300
4/29/2013,GM,30.620001,30.790001,30.42,30.9,6197700
4/30/2013,GM,30.77,30.84,30.57,30.969999,8117200
5/1/2013,GM,30.77,30.18,30.110001,31.08,10393700
5/2/2013,GM,31.309999,31.16,31.049999,31.82,19124500
5/3/2013,GM,31.74,32.099998,31.629999,32.439999,12471800
5/6/2013,GM,32.02,31.82,31.780001,32.220001,8501500
5/7/2013,GM,31.92,31.65,31.459999,32.130001,11421600
5/8/2013,GM,31.41,32.080002,31.09,32.189999,9991300
5/9/2013,GM,32.009998,31.65,31.620001,32.16,10861700
5/10/2013,GM,31.549999,31.42,30.969999,31.700001,12811400
5/13/2013,GM,31.16,31,30.870001,31.35,8098100
5/14/2013,GM,31.02,31.549999,31.01,31.700001,10676600
5/15/2013,GM,31.549999,32.310001,31.51,32.400002,15086000
5/16/2013,GM,32.09,32.389999,32,32.669998,10425300
5/17/2013,GM,32.990002,33.419998,32.810001,33.77,20897700
5/20/2013,GM,33.369999,33.700001,33.360001,34.009998,15260600
5/21/2013,GM,33.59,33.400002,32.880001,33.959999,13790500
5/22/2013,GM,33.220001,33.23,32.990002,33.93,13238400
5/23/2013,GM,32.330002,32.849998,32.099998,33.110001,10537300
5/24/2013,GM,32.549999,32.869999,32.509998,33,5861200
5/28/2013,GM,34,33.959999,33.75,34.299999,16969400
5/29/2013,GM,33.709999,34.049999,33.450001,34.299999,10867200
5/30/2013,GM,34.040001,34.639999,33.869999,34.91,15085300
5/31/2013,GM,34.529999,33.889999,33.889999,34.779999,10137400
6/3/2013,GM,34.57,34.419998,33.380001,34.689999,17794500
6/4/2013,GM,35.400002,34.959999,34.75,35.490002,30517200
6/5/2013,GM,35,34.02,34,35.07,22345200
6/6/2013,GM,34.119999,34.439999,33.779999,34.529999,79847700
6/7/2013,GM,34.790001,35.029999,34,35.099998,30683600
6/10/2013,GM,35.18,34.740002,34.52,35.240002,15219500
6/11/2013,GM,34.369999,33.93,33.59,34.490002,17023900
6/12/2013,GM,34.279999,33.450001,33.240002,34.459999,13642000
6/13/2013,GM,33.360001,34.5,33.099998,34.509998,15604800
6/14/2013,GM,34.459999,34.290001,34.09,34.619999,10091600
6/17/2013,GM,34.5,33.73,33.599998,34.560001,10195000
6/18/2013,GM,33.799999,34.009998,33.439999,34.060001,9926100
6/19/2013,GM,34.02,33.66,33.650002,34.25,8428700
6/20/2013,GM,33.41,32.560001,32.279999,33.41,29107200
6/21/2013,GM,32.959999,32.209999,31.74,32.970001,18998000
6/24/2013,GM,31.76,31.42,31.129999,31.84,18970400
6/25/2013,GM,31.75,31.82,31.540001,32.02,9268300
6/26/2013,GM,32.18,32.549999,32.029999,32.700001,10374000
6/27/2013,GM,32.919998,33.099998,32.779999,33.5,11000300
6/28/2013,GM,33.02,33.310001,32.799999,33.720001,15813400
7/1/2013,GM,33.52,34,33.41,34.189999,10310800
7/2/2013,GM,34.040001,34.099998,33.82,34.939999,15171900
7/3/2013,GM,33.939999,34.139999,33.759998,34.400002,5715700
7/5/2013,GM,34.349998,34.669998,34.240002,34.830002,7107800
7/8/2013,GM,34.779999,34.639999,34.540001,35.02,11233600
7/9/2013,GM,34.900002,34.919998,34.720001,35.25,7243300
7/10/2013,GM,34.900002,35.330002,34.84,35.34,11820200
7/11/2013,GM,35.720001,36.139999,35.639999,36.200001,13246500
7/12/2013,GM,36.09,36.400002,35.91,36.580002,10744300
7/15/2013,GM,36.599998,36.5,36.279999,36.720001,8968200
7/16/2013,GM,36.869999,36.18,35.759998,36.939999,16273700
7/17/2013,GM,36.23,36.360001,36.080002,36.560001,10943400
7/18/2013,GM,36.5,36.84,36.330002,36.990002,10679400
7/19/2013,GM,36.889999,36.610001,36.060001,36.889999,11608300
7/22/2013,GM,36.619999,36.759998,36.48,36.990002,11260700
7/23/2013,GM,36.889999,36.610001,36.52,36.950001,9296600
7/24/2013,GM,37.110001,37.139999,36.869999,37.450001,15200600
7/25/2013,GM,37.470001,37.080002,36.509998,37.709999,18095900
7/26/2013,GM,36.93,36.669998,36.459999,37,15892800
7/29/2013,GM,36.57,36.380001,36.150002,36.669998,8407800
7/30/2013,GM,36.529999,36.5,36.32,36.779999,12244500
7/31/2013,GM,36.619999,35.869999,35.669998,36.720001,20696300
8/1/2013,GM,36.389999,36.470001,36.009998,36.860001,16148300
8/2/2013,GM,36.439999,36.950001,36.34,37.18,11913000
8/5/2013,GM,37.029999,36.75,36.650002,37.049999,7144300
8/6/2013,GM,36.439999,35.959999,35.959999,36.490002,13485100
8/7/2013,GM,36.009998,35.48,35.43,36.099998,19395100
8/8/2013,GM,35.610001,36.009998,35.57,36.110001,14457000
8/9/2013,GM,35.959999,36.02,35.700001,36.27,7705800
8/12/2013,GM,35.759998,35.98,35.599998,36.099998,8441900
8/13/2013,GM,36.209999,35.84,35.59,36.209999,7145700
8/14/2013,GM,35.84,35.57,35.209999,36.009998,11341100
8/15/2013,GM,35.169998,34.549999,34.41,35.18,20384600
8/16/2013,GM,34.59,34.380001,34.18,34.91,12498300
8/19/2013,GM,34.560001,34.490002,34.419998,34.830002,9211700
8/20/2013,GM,34.560001,34.790001,34.049999,34.91,13766900
8/21/2013,GM,34.779999,34.529999,34.389999,34.950001,9798600
8/22/2013,GM,34.66,34.990002,34.650002,35.049999,9572200
8/23/2013,GM,35.139999,35.060001,34.860001,35.220001,7487000
8/26/2013,GM,35.029999,34.919998,34.849998,35.52,10831800
8/27/2013,GM,34.439999,33.689999,33.619999,34.610001,11905600
8/28/2013,GM,33.57,33.919998,33.5,34.16,9109200
8/29/2013,GM,33.82,34.450001,33.810001,34.689999,10558000
8/30/2013,GM,34.5,34.080002,33.900002,34.540001,8099400
9/3/2013,GM,34.68,34.139999,33.959999,34.77,10906700
9/4/2013,GM,34.200001,35.849998,34.169998,35.900002,23036900
9/5/2013,GM,36.009998,36.330002,35.869999,36.790001,18633800
9/6/2013,GM,36.400002,36.150002,35.610001,36.619999,14244900
9/9/2013,GM,36.34,36.48,36.25,36.700001,13515500
9/10/2013,GM,36.939999,37,36.720001,37.27,10626200
9/11/2013,GM,36.529999,36.349998,36.02,36.599998,27025600
9/12/2013,GM,36.369999,36.369999,35.880001,36.560001,15743700
9/13/2013,GM,36.490002,36.060001,35.990002,36.549999,12642900
9/16/2013,GM,36.470001,36.220001,36.150002,36.619999,14715200
9/17/2013,GM,36.32,36.709999,36.32,36.98,12992300
9/18/2013,GM,36.759998,37.580002,36.709999,37.73,21432800
9/19/2013,GM,37.84,37.23,37.16,37.880001,16819500
9/20/2013,GM,37.639999,36.830002,36.830002,37.68,35700300
9/23/2013,GM,37.150002,37.130001,36.549999,37.5,18484700
9/24/2013,GM,37.16,37.439999,37.060001,37.970001,23723800
9/25/2013,GM,37.529999,37.18,37.16,37.779999,15114600
9/26/2013,GM,37.189999,36.950001,36.759998,37.349998,14022900
9/27/2013,GM,36.77,36.369999,36.16,36.900002,14173500
9/30/2013,GM,35.709999,35.970001,35.619999,36.310001,17724400
10/1/2013,GM,36.040001,35.91,35.32,36.41,21886600
10/2/2013,GM,35.740002,35.939999,35.23,36,19459700
10/3/2013,GM,35.759998,35.290001,35.130001,35.939999,15001200
10/4/2013,GM,35.439999,35.700001,35.130001,35.799999,13811100
10/7/2013,GM,35.23,35.18,35.02,35.52,12181000
10/8/2013,GM,35.25,34.209999,34.169998,35.27,23658400
10/9/2013,GM,34.330002,34.16,33.919998,34.389999,21109900
10/10/2013,GM,34.740002,34.849998,34.610001,34.889999,18041900
10/11/2013,GM,34.790001,35.349998,34.66,35.52,15406700
10/14/2013,GM,34.830002,35.330002,34.810001,35.450001,11193400
10/15/2013,GM,35.279999,34.700001,34.509998,35.380001,13708400
10/16/2013,GM,35.02,35.130001,34.779999,35.209999,15529600
10/17/2013,GM,35.16,35.66,34.959999,35.790001,12602900
10/18/2013,GM,36.209999,35.889999,35.68,36.299999,14638500
10/21/2013,GM,36.259998,35.5,35.34,36.27,13451700
10/22/2013,GM,35.619999,35.41,35.369999,36.130001,17008200
10/23/2013,GM,35.380001,35.049999,34.529999,35.389999,17307600
10/24/2013,GM,35.490002,35.630001,35.099998,36.029999,19287000
10/25/2013,GM,35.669998,35.59,35.32,35.77,12849100
10/28/2013,GM,35.439999,35.799999,35.43,35.970001,12985100
10/29/2013,GM,35.82,36.060001,35.509998,36.18,24055000
10/30/2013,GM,37.200001,37.23,36.779999,37.549999,42130000
10/31/2013,GM,37.18,36.950001,36.950001,37.990002,28102800
11/1/2013,GM,37.169998,37.389999,37.049999,38.209999,30765400
11/4/2013,GM,37.5,37.470001,37.41,37.799999,18005200
11/5/2013,GM,37.279999,37.09,37.07,37.509998,15197700
11/6/2013,GM,37.240002,36.59,36.57,37.400002,16162300
11/7/2013,GM,36.610001,35.919998,35.91,36.75,19893700
11/8/2013,GM,36.150002,36.66,36.009998,36.77,18203100
11/11/2013,GM,36.68,36.68,36.5,37.09,13666500
11/12/2013,GM,36.669998,36.66,36.369999,36.799999,14363600
11/13/2013,GM,36.5,38.439999,36.48,38.529999,43860200
11/14/2013,GM,38.700001,38.5,38.150002,38.799999,28491100
11/15/2013,GM,38.509998,38.77,38.200001,39.080002,21691400
11/18/2013,GM,38.810001,38.57,38.529999,39.18,16792400
11/19/2013,GM,38.57,38.009998,37.889999,38.740002,19843100
11/20/2013,GM,38.110001,37.689999,37.599998,38.709999,16898700
11/21/2013,GM,38.849998,38.119999,38.040001,39,33903900
11/22/2013,GM,38.200001,37.630001,37.580002,38.5,26771300
11/25/2013,GM,37.75,37.549999,37.389999,37.869999,21111100
11/26/2013,GM,37.700001,37.669998,37.400002,37.939999,22798600
11/27/2013,GM,37.709999,38.849998,37.599998,38.990002,27415800
11/29/2013,GM,38.900002,38.73,38.5,39.150002,7672100
12/2/2013,GM,39.099998,39.110001,38.91,39.389999,21200600
12/3/2013,GM,38.889999,38.139999,37.68,39.09,44835100
12/4/2013,GM,38.529999,38.709999,38.119999,39.619999,39727900
12/5/2013,GM,38.990002,39.09,38.549999,39.34,34580800
12/6/2013,GM,39.990002,40.169998,39.599998,40.380001,37909500
12/9/2013,GM,40.380001,40.900002,40.310001,41.169998,29291100
12/10/2013,GM,40.549999,40.400002,40.400002,41.130001,32542300
12/11/2013,GM,40.759998,40.16,40.07,40.830002,16384800
12/12/2013,GM,40.099998,40.049999,40.009998,40.610001,18900500
12/13/2013,GM,40.189999,40.040001,40.02,40.349998,14885400
12/16/2013,GM,40.560001,41.439999,40.459999,41.549999,33583200
12/17/2013,GM,41.66,41.529999,41.139999,41.849998,28297500
12/18/2013,GM,41.169998,41.27,39.860001,41.400002,51850700
12/19/2013,GM,41.139999,40.299999,40.080002,41.27,25225400
12/20/2013,GM,40.48,40.990002,40.18,41.049999,49654800
12/23/2013,GM,40.900002,41.290001,40.610001,41.580002,20370000
12/24/2013,GM,41.25,40.880001,40.830002,41.310001,7605300
12/26/2013,GM,41.040001,41.52,41.040001,41.849998,11168400
12/27/2013,GM,41.310001,40.939999,40.860001,41.439999,10052700
12/30/2013,GM,41,40.689999,40.650002,41.130001,8737600
12/31/2013,GM,40.700001,40.869999,40.580002,41.040001,11100900
1/2/2014,GM,40.68,40.950001,40.34,41.060001,14763300
1/3/2014,GM,40.919998,39.57,39,40.950001,41426900
1/6/2014,GM,39.900002,40.400002,39.639999,40.59,25063500
1/7/2014,GM,40.700001,40.200001,40.099998,40.939999,14156900
1/8/2014,GM,40.330002,40.419998,40.200001,40.84,11342400
1/9/2014,GM,40.880001,40.490002,40.279999,40.939999,9790600
1/10/2014,GM,40.599998,40.029999,39.84,40.68,14596000
1/13/2014,GM,40.16,39.580002,39.439999,40.639999,20993200
1/14/2014,GM,39.77,40.02,39.57,40.16,17389100
1/15/2014,GM,39.630001,39.380001,38.959999,39.77,89207600
1/16/2014,GM,39.310001,39,38.759998,39.549999,36091300
1/17/2014,GM,39.07,38.599998,38.330002,39.099998,28003300
1/21/2014,GM,38.889999,38.34,37.900002,39,30786600
1/22/2014,GM,38.400002,38.799999,38.119999,38.82,16902000
1/23/2014,GM,38.34,38.419998,37.91,38.5,20556300
1/24/2014,GM,38.07,36.830002,36.700001,38.110001,39564500
1/27/2014,GM,36.799999,36.759998,36.060001,37.279999,33915300
1/28/2014,GM,37.16,36.810001,36.720001,37.200001,15926700
1/29/2014,GM,36.060001,36.349998,36.009998,36.959999,17523300
1/30/2014,GM,36.880001,36.84,36.48,37.07,15481800
1/31/2014,GM,36.220001,36.080002,35.880001,36.84,27201000
2/3/2014,GM,36.27,35.25,34.91,36.310001,38974100
2/4/2014,GM,35.470001,35.82,35.25,35.98,20948700
2/5/2014,GM,35.84,35.240002,34.959999,35.84,29446400
2/6/2014,GM,34.43,35.23,34.360001,35.82,53685400
2/7/2014,GM,35.970001,36.110001,35.419998,36.470001,31248000
2/10/2014,GM,35.91,34.900002,34.619999,35.919998,43268400
2/11/2014,GM,35.220001,35.25,35.189999,35.740002,23772400
2/12/2014,GM,35.490002,35.560001,35.130001,35.650002,23300900
2/13/2014,GM,35.169998,35.200001,34.759998,35.220001,30500900
2/14/2014,GM,35.369999,35.950001,35.25,36.080002,22767300
2/18/2014,GM,36.43,36.310001,36,36.490002,24555900
2/19/2014,GM,36.220001,36.029999,36,36.720001,23060900
2/20/2014,GM,36.189999,36.509998,36,36.599998,18637700
2/21/2014,GM,36.68,36.689999,36.139999,36.75,51722400
2/24/2014,GM,36.700001,36.549999,36.439999,36.82,22000200
2/25/2014,GM,36.669998,36.099998,35.990002,36.799999,22504100
2/26/2014,GM,35.950001,36.830002,35.939999,37.130001,26657500
2/27/2014,GM,36.560001,36.77,35.970001,36.849998,28750100
2/28/2014,GM,36.73,36.200001,35.889999,36.759998,44345100
3/3/2014,GM,35.700001,36.209999,35.700001,36.59,24013200
3/4/2014,GM,36.529999,36.93,36.43,36.990002,17884600
3/5/2014,GM,37.540001,37.52,37.330002,38.049999,28489000
3/6/2014,GM,37.869999,37.540001,37.540001,38.049999,19105200
3/7/2014,GM,37.939999,37.689999,37.450001,38.009998,17547800
3/10/2014,GM,37.560001,37.09,36.759998,37.560001,17552600
3/11/2014,GM,37,35.18,35.02,37.119999,41033400
3/12/2014,GM,34.759998,34.860001,34.369999,35.25,46300500
3/13/2014,GM,35.040001,34.09,33.869999,35.16,39628600
3/14/2014,GM,33.849998,34.09,33.57,34.560001,31908600
3/17/2014,GM,34.139999,34.630001,33.709999,34.689999,29696400
3/18/2014,GM,34.68,35.169998,34.5,35.240002,21329700
3/19/2014,GM,35.279999,34.91,34.599998,36,14690900
3/20/2014,GM,34.790001,35.259998,34.400002,35.27,14456100
3/21/2014,GM,35.389999,35.009998,34.779999,35.5,24010100
3/24/2014,GM,34.689999,35.139999,34.279999,35.169998,21461500
3/25/2014,GM,35.130001,34.509998,34.189999,35.18,24817600
3/26/2014,GM,34.68,34.220001,34.200001,34.740002,16997000
3/27/2014,GM,34.279999,34.509998,34.110001,34.990002,16382900
3/28/2014,GM,34.639999,34.73,34.560001,35.02,19175400
3/31/2014,GM,34.529999,34.419998,33.950001,34.790001,24292600
4/1/2014,GM,34.5,34.34,34.32,35.139999,46569800
4/2/2014,GM,34.650002,34.880001,34.380001,35.049999,41863900
4/3/2014,GM,34.939999,35.439999,34.73,35.5,20578700
4/4/2014,GM,35.580002,34.810001,34.650002,35.700001,20368900
4/7/2014,GM,34.669998,34.110001,33.82,34.73,24348100
4/8/2014,GM,34.150002,34.529999,33.849998,34.599998,20615600
4/9/2014,GM,33.900002,33.619999,33.599998,34.240002,33165400
4/10/2014,GM,33.709999,33.299999,33.299999,34.060001,34302100
4/11/2014,GM,33,31.93,31.700001,33.09,45760200
4/14/2014,GM,32.290001,32.549999,32.150002,32.880001,18759700
4/15/2014,GM,32.810001,33.360001,32.290001,33.439999,23450900
4/16/2014,GM,33.689999,33.970001,33.32,33.990002,18140700
4/17/2014,GM,33.830002,33.98,33.799999,34.09,12351100
4/21/2014,GM,33.950001,33.98,33.75,34.209999,9909400
4/22/2014,GM,34.029999,34.23,34,34.439999,12291600
4/23/2014,GM,34.290001,34.389999,34.099998,34.610001,16063900
4/24/2014,GM,35.5,34.169998,33.52,35.700001,33352400
4/25/2014,GM,33.549999,33.720001,33.549999,34.080002,16031100
4/28/2014,GM,33.93,33.759998,33.52,33.939999,20175900
4/29/2014,GM,33.700001,33.990002,33.619999,34.099998,12087700
4/30/2014,GM,33.84,34.48,33.84,34.540001,14037800
5/1/2014,GM,34.669998,34.900002,34.540001,35.400002,19572600
5/2/2014,GM,35.029999,34.970001,34.860001,35.330002,11396700
5/5/2014,GM,34.84,34.75,34.630001,34.889999,8449100
5/6/2014,GM,35.07,34.75,34.75,35.139999,10114500
5/7/2014,GM,34.959999,35.07,34.610001,35.110001,9269700
5/8/2014,GM,34.98,34.849998,34.73,35.43,10251500
5/9/2014,GM,34.799999,34.23,34.150002,34.900002,16803500
5/12/2014,GM,34.380001,34.82,34.380001,34.939999,9498900
5/13/2014,GM,34.84,35.150002,34.599998,35.189999,9048300
5/14/2014,GM,35.099998,34.939999,34.799999,35.110001,10495300
5/15/2014,GM,34.610001,34.360001,33.830002,34.75,18088600
5/16/2014,GM,33.75,34,33.490002,34.650002,21485200
5/19/2014,GM,33.84,34.25,33.799999,34.349998,9006100
5/20/2014,GM,34.16,33.07,32.959999,34.299999,24894200
5/21/2014,GM,33.150002,33.459999,33.099998,33.619999,12392400
5/22/2014,GM,33.389999,33.419998,33.310001,33.700001,8428000
5/23/2014,GM,33.490002,33.630001,33.41,33.689999,8267100
5/27/2014,GM,33.919998,33.939999,33.77,33.98,8995100
5/28/2014,GM,34.09,34.59,33.959999,34.619999,12575800
5/29/2014,GM,34.599998,34.450001,34.25,34.650002,10880900
5/30/2014,GM,34.299999,34.580002,34.200001,34.639999,14172100
6/2/2014,GM,34.540001,34.860001,34.290001,34.900002,11556900
6/3/2014,GM,35.119999,35.259998,34.75,35.689999,17795900
6/4/2014,GM,35.5,36.52,35.349998,36.880001,33252200
6/5/2014,GM,36.959999,36.27,36.16,37.040001,25094500
6/6/2014,GM,36.07,36.549999,35.75,36.75,17642800
6/9/2014,GM,36.470001,36.5,36.34,36.830002,10279300
6/10/2014,GM,36.279999,36.400002,36.18,36.700001,8460700
6/11/2014,GM,36.23,36.119999,35.919998,36.290001,8866200
6/12/2014,GM,36,35.52,35.490002,36.279999,16818500
6/13/2014,GM,35.380001,35.630001,35.380001,35.779999,12046600
6/16/2014,GM,35.490002,36.060001,35.490002,36.18,12603700
6/17/2014,GM,35.869999,36.360001,35.619999,36.380001,13211600
6/18/2014,GM,36.360001,36.299999,35.93,36.470001,16352000
6/19/2014,GM,36.349998,36.369999,36.200001,36.639999,11277800
6/20/2014,GM,36.549999,36.220001,36.099998,36.580002,14018700
6/23/2014,GM,36.209999,36.669998,36.189999,36.799999,11584800
6/24/2014,GM,36.619999,36.580002,36.470001,37.07,15031800
6/25/2014,GM,36.459999,37.09,36.450001,37.18,12201300
6/26/2014,GM,36.889999,36.900002,36.41,36.970001,11463200
6/27/2014,GM,36.73,36.619999,36.619999,37.029999,25426500
6/30/2014,GM,36.59,36.299999,35.98,36.900002,20862200
7/1/2014,GM,36.25,37.59,36.25,37.639999,23414100
7/2/2014,GM,37.5,37.740002,37.369999,38.150002,17672200
7/3/2014,GM,37.959999,37.740002,37.720001,38.110001,6743700
7/7/2014,GM,37.91,37.439999,37.169998,37.91,11129900
7/8/2014,GM,37.41,37.580002,37.200001,37.77,11783200
7/9/2014,GM,37.66,37.970001,37.630001,38.130001,11676300
7/10/2014,GM,37.48,37.75,37.349998,37.900002,9898900
7/11/2014,GM,37.720001,37.950001,37.59,38.009998,6203400
7/14/2014,GM,38.099998,37.700001,37.560001,38.130001,9314600
7/15/2014,GM,37.610001,37.580002,37.439999,37.950001,8615400
7/16/2014,GM,37.77,37.48,37.459999,37.91,10940800
7/17/2014,GM,37.310001,37.099998,37.009998,37.669998,11014700
7/18/2014,GM,37.34,37.41,37.060001,37.419998,8741400
7/21/2014,GM,37.380001,37.43,37.049999,37.529999,6625100
7/22/2014,GM,37.560001,37.759998,37.529999,37.900002,9655800
7/23/2014,GM,37.790001,37.41,37.41,37.919998,13865100
7/24/2014,GM,36.669998,35.740002,35.32,36.849998,35694100
7/25/2014,GM,35.099998,35.07,34.560001,35.290001,28537300
7/28/2014,GM,35.029999,34.900002,34.779999,35.09,15051300
7/29/2014,GM,35.009998,34.450001,34.43,35.200001,16560100
7/30/2014,GM,34.5,34.310001,34.009998,34.66,18941700
7/31/2014,GM,34.150002,33.82,33.779999,34.240002,13408400
8/1/2014,GM,33.790001,33.439999,33.299999,34,15343800
8/4/2014,GM,33.759998,33.610001,33.5,34.02,11486300
8/5/2014,GM,33.57,33.360001,33.150002,33.810001,11012500
8/6/2014,GM,33.23,33.400002,33.23,33.669998,8715400
8/7/2014,GM,33.560001,33.110001,32.799999,33.630001,13526700
8/8/2014,GM,33.09,33.529999,33.09,33.560001,9935600
8/11/2014,GM,33.639999,33.799999,33.41,33.849998,10873700
8/12/2014,GM,33.75,33.700001,33.549999,34.139999,10304000
8/13/2014,GM,33.93,33.950001,33.779999,34.07,7156100
8/14/2014,GM,33.810001,33.950001,33.220001,33.959999,9956800
8/15/2014,GM,34.049999,33.84,33.509998,34.16,14153500
8/18/2014,GM,34.09,34.400002,34.040001,34.439999,10327200
8/19/2014,GM,34.689999,34.57,34.330002,34.75,10422900
8/20/2014,GM,34.490002,34.529999,34.299999,34.720001,9112500
8/21/2014,GM,34.619999,34.599998,34.459999,34.73,6585300
8/22/2014,GM,34.509998,34.240002,34.16,34.52,8665700
8/25/2014,GM,34.43,34.669998,34.310001,34.740002,9546400
8/26/2014,GM,34.759998,34.849998,34.630001,35,7535000
8/27/2014,GM,34.919998,34.709999,34.580002,34.93,7118000
8/28/2014,GM,34.490002,34.68,34.220001,34.75,5971400
8/29/2014,GM,34.740002,34.799999,34.610001,34.849998,5548700
9/2/2014,GM,34.880001,34.799999,34.619999,35.139999,7824100
9/3/2014,GM,35.060001,34.470001,34.459999,35.119999,11626400
9/4/2014,GM,34.490002,34.630001,34.439999,34.919998,9566300
9/5/2014,GM,34.59,34.580002,34.23,34.610001,13671800
9/8/2014,GM,34.029999,33.240002,33.150002,34.150002,22120600
9/9/2014,GM,33.200001,33.07,33.009998,33.299999,11861000
9/10/2014,GM,33.119999,33.290001,33.060001,33.34,10471000
9/11/2014,GM,33.16,33.610001,33.150002,33.700001,10120400
9/12/2014,GM,33.48,33.27,33.099998,33.599998,11036200
9/15/2014,GM,33.16,33.630001,33.150002,33.799999,12509900
9/16/2014,GM,33.490002,33.709999,33.450001,33.950001,11083000
9/17/2014,GM,33.720001,33.849998,33.669998,34.139999,10301000
9/18/2014,GM,33.93,34.029999,33.93,34.220001,8929600
9/19/2014,GM,34.23,33.939999,33.77,34.240002,14521400
9/22/2014,GM,33.740002,33.439999,33.09,33.84,11180000
9/23/2014,GM,33.240002,33.220001,33.139999,33.580002,8731900
9/24/2014,GM,33.330002,33.650002,33.02,33.68,10665400
9/25/2014,GM,33.57,32.869999,32.830002,33.650002,12309200
9/26/2014,GM,33.040001,33.169998,32.939999,33.310001,9417600
9/29/2014,GM,32.970001,32.220001,31.98,33.16,19710900
9/30/2014,GM,32.240002,31.940001,31.67,32.540001,24790800
10/1/2014,GM,31.969999,32.490002,31.709999,33.029999,31138700
10/2/2014,GM,32.529999,33.18,32.490002,33.400002,20794600
10/3/2014,GM,33.43,33.759998,33.25,33.900002,16981300
10/6/2014,GM,33.84,33.75,33.369999,34.240002,9092100
10/7/2014,GM,33.040001,31.77,31.65,33.040001,25661300
10/8/2014,GM,31.84,32.18,30.790001,32.220001,28308500
10/9/2014,GM,32.09,31.030001,30.809999,32.130001,23097600
10/10/2014,GM,30.280001,30.290001,30.09,30.940001,20496000
10/13/2014,GM,30.290001,29.790001,29.73,30.620001,17722900
10/14/2014,GM,29.9,30.110001,29.85,30.379999,14495500
10/15/2014,GM,29.67,29.690001,28.82,30.26,29623300
10/16/2014,GM,29.129999,29.940001,29.09,30.15,18226200
10/17/2014,GM,30.379999,30.24,30.17,30.969999,18339900
10/20/2014,GM,30.219999,30.34,30.02,30.52,11692200
10/21/2014,GM,30.5,30.84,30.32,31.07,12576800
10/22/2014,GM,30.610001,31.309999,30.57,31.51,17845800
10/23/2014,GM,31.950001,30.93,30.809999,31.99,25436900
10/24/2014,GM,31.040001,30.040001,29.98,31.280001,30313800
10/27/2014,GM,30.15,30.08,29.82,30.49,12790200
10/28/2014,GM,30.389999,31.17,30.139999,31.219999,26071300
10/29/2014,GM,31.200001,30.719999,30.35,31.33,11638300
10/30/2014,GM,30.57,30.780001,30.450001,31.030001,10074100
10/31/2014,GM,31.15,31.4,30.950001,31.620001,15539000
11/3/2014,GM,31.35,31.18,30.790001,31.459999,9931100
11/4/2014,GM,31.040001,30.82,30.68,31.309999,12058300
11/5/2014,GM,31.15,30.73,30.559999,31.18,11109600
11/6/2014,GM,30.700001,31.370001,30.65,31.459999,12729500
11/7/2014,GM,31.309999,31.59,31.24,31.74,10070900
11/10/2014,GM,31.33,31.120001,30.82,31.5,10297800
11/11/2014,GM,31.040001,31.35,31,31.4,7537800
11/12/2014,GM,31.299999,31.42,31.110001,31.549999,7456100
11/13/2014,GM,31.51,31.65,31.469999,31.9,8353900
11/14/2014,GM,31.65,31.790001,31.48,32.009998,8498700
11/17/2014,GM,32,32.310001,31.9,32.490002,11900500
11/18/2014,GM,32.41,32.27,31.870001,32.490002,9766000
11/19/2014,GM,32.209999,32.150002,31.940001,32.310001,8290100
11/20/2014,GM,31.959999,32.130001,31.799999,32.259998,8052900
11/21/2014,GM,32.540001,32.130001,31.969999,32.549999,8567200
11/24/2014,GM,32.25,32.189999,31.77,32.349998,13313500
11/25/2014,GM,32.25,32.23,31.969999,32.380001,9269300
11/26/2014,GM,32.27,32.07,31.950001,32.299999,7414500
11/28/2014,GM,32.400002,33.43,32.23,33.540001,14039800
12/1/2014,GM,33.310001,32.939999,32.860001,33.470001,14391900
12/2/2014,GM,33.049999,33.259998,32.990002,33.619999,14824800
12/3/2014,GM,33.369999,33.639999,33.349998,33.779999,11648500
12/4/2014,GM,33.66,33.09,33.040001,33.669998,11632800
12/5/2014,GM,33.23,33.93,33.169998,34.09,17730800
12/8/2014,GM,33.52,32.68,32.610001,33.560001,16125800
12/9/2014,GM,32.279999,32.810001,32.169998,32.869999,11147100
12/10/2014,GM,32.720001,31.969999,31.870001,32.849998,11583500
12/11/2014,GM,32.139999,32.189999,31.99,32.689999,13282600
12/12/2014,GM,31.940001,31.57,31.57,32.16,11239100
12/15/2014,GM,31.700001,31,30.98,31.77,16084000
12/16/2014,GM,30.620001,30.73,30.299999,31.059999,24294000
12/17/2014,GM,30.809999,31.15,30.639999,31.299999,13281800
12/18/2014,GM,31.639999,31.75,31.17,31.75,14112000
12/19/2014,GM,31.76,32.810001,31.75,32.93,18990900
12/22/2014,GM,32.630001,33.23,32.619999,33.310001,13243700
12/23/2014,GM,33.48,33.560001,33.380001,33.700001,8469500
12/24/2014,GM,33.529999,33.43,33.240002,33.59,4496000
12/26/2014,GM,33.549999,33.73,33.450001,33.849998,6673200
12/29/2014,GM,33.869999,34.599998,33.790001,34.830002,16654300
12/30/2014,GM,34.560001,35.09,34.41,35.200001,14966900
12/31/2014,GM,35.240002,34.91,34.889999,35.450001,12004200
1/2/2015,GM,35.27,34.84,34.41,35.310001,9756700
1/5/2015,GM,34.98,34.330002,34.07,35.25,16223000
1/6/2015,GM,34.41,34.849998,34.099998,35.220001,17747600
1/7/2015,GM,35.23,35.84,35.040001,35.950001,19319200
1/8/2015,GM,36.060001,36.200001,35.799999,36.450001,15206600
1/9/2015,GM,36.209999,35.59,35.41,36.369999,14690600
1/12/2015,GM,35.810001,35.84,35.470001,35.939999,10656700
1/13/2015,GM,36.080002,35.25,34.68,36.400002,21893500
1/14/2015,GM,34.360001,34.299999,33.59,34.57,27168300
1/15/2015,GM,34.779999,33.43,33.380001,34.869999,19437400
1/16/2015,GM,33.310001,33.68,33.27,33.790001,17780000
1/20/2015,GM,33.900002,33.93,33.349998,34.009998,12052500
1/21/2015,GM,33.82,33.889999,33.52,34.119999,14349900
1/22/2015,GM,34.150002,33.82,33.310001,34.18,14261100
1/23/2015,GM,33.900002,33.75,33.709999,34.18,13990200
1/26/2015,GM,33.709999,33.700001,33.599998,34.040001,10824800
1/27/2015,GM,33.400002,33.419998,33.150002,33.689999,14793300
1/28/2015,GM,33.509998,32.84,32.75,33.57,16936200
1/29/2015,GM,32.91,33.16,32.360001,33.34,15819200
1/30/2015,GM,32.880001,32.619999,32.619999,33.150002,19166500
2/2/2015,GM,32.669998,33.110001,32.439999,33.150002,18397000
2/3/2015,GM,33.5,33.98,33.439999,34.200001,26207000
2/4/2015,GM,35.27,35.830002,34.150002,35.98,49298100
2/5/2015,GM,36.279999,36.25,36.009998,36.599998,20854900
2/6/2015,GM,36.259998,36,35.919998,36.540001,16320400
2/9/2015,GM,35.790001,36,35.509998,36.099998,14797500
2/10/2015,GM,37.279999,37.52,36.400002,37.549999,32369400
2/11/2015,GM,37.509998,37.669998,37.279999,37.860001,22634000
2/12/2015,GM,37.849998,38.02,37.73,38.18,15537400
2/13/2015,GM,37.93,37.619999,37.349998,38.07,14696300
2/17/2015,GM,37.200001,37.240002,37.049999,37.470001,13147100
2/18/2015,GM,37.25,37.189999,37.130001,37.48,8513300
2/19/2015,GM,37.029999,37.509998,36.98,37.610001,11780800
2/20/2015,GM,37.490002,37.650002,37.16,37.720001,9345200
2/23/2015,GM,37.619999,37.689999,37.34,37.77,10970200
2/24/2015,GM,37.619999,37.75,37.580002,37.91,8562400
2/25/2015,GM,37.790001,37.860001,37.610001,37.959999,11161500
2/26/2015,GM,37.810001,37.560001,37.509998,38.130001,10708200
2/27/2015,GM,37.380001,37.310001,37.110001,37.450001,10490200
3/2/2015,GM,37.310001,37.610001,37.310001,37.709999,11234200
3/3/2015,GM,37.380001,37.799999,37.299999,37.810001,10036000
3/4/2015,GM,37.630001,37.57,37.299999,37.799999,12736400
3/5/2015,GM,37.639999,37.610001,37.560001,37.82,6620700
3/6/2015,GM,37.459999,36.84,36.73,37.549999,13764200
3/9/2015,GM,37.549999,37.66,37.32,37.810001,22979300
3/10/2015,GM,37.43,37.549999,37.150002,37.779999,20314000
3/11/2015,GM,37.599998,37.779999,37.52,38.130001,13191600
3/12/2015,GM,37.860001,38.43,37.84,38.470001,13986000
3/13/2015,GM,38.389999,38.049999,37.73,38.389999,11404200
3/16/2015,GM,38.27,38.580002,38.209999,38.599998,11219000
3/17/2015,GM,38.150002,38.290001,38.060001,38.470001,9702700
3/18/2015,GM,38.169998,38.5,37.779999,38.599998,19015600
3/19/2015,GM,38.450001,38.650002,38.290001,38.779999,11255700
3/20/2015,GM,38.759998,38.869999,38.549999,38.93,19769700
3/23/2015,GM,38.810001,38.59,38.59,38.990002,11656900
3/24/2015,GM,38.52,37.849998,37.75,38.52,15855900
3/25/2015,GM,37.880001,37.380001,37.369999,37.91,10209800
3/26/2015,GM,37.700001,37.349998,37.150002,37.91,13814500
3/27/2015,GM,37.34,37.310001,37.080002,37.48,9237600
3/30/2015,GM,37.580002,37.68,37.529999,37.869999,9980300
3/31/2015,GM,37.68,37.5,37.470001,38.040001,12633400
4/1/2015,GM,37.27,36.740002,36.560001,37.369999,16631200
4/2/2015,GM,36.610001,36.5,36.330002,36.73,16517700
4/6/2015,GM,36.259998,36.66,36.209999,36.970001,13179000
4/7/2015,GM,35.990002,35.73,35.639999,36.09,56224000
4/8/2015,GM,35.889999,36.110001,35.75,36.189999,27460300
4/9/2015,GM,36.099998,36.290001,36.029999,36.389999,15475300
4/10/2015,GM,36.740002,36.57,36.369999,36.779999,16768900
4/13/2015,GM,36.630001,36.400002,36.389999,36.860001,13530700
4/14/2015,GM,36.459999,36.48,36.439999,36.82,12989700
4/15/2015,GM,36.82,36.939999,36.650002,37.080002,13734900
4/16/2015,GM,37.130001,37.080002,36.740002,37.18,12225800
4/17/2015,GM,36.830002,36.639999,36.5,36.849998,14375200
4/20/2015,GM,36.950001,37.110001,36.75,37.169998,13879800
4/21/2015,GM,37.330002,37.16,36.830002,37.450001,17130500
4/22/2015,GM,37.130001,37.16,36.669998,37.220001,16025100
4/23/2015,GM,36.25,35.919998,35.580002,36.299999,41820400
4/24/2015,GM,35.720001,35.59,35.439999,35.810001,21252500
4/27/2015,GM,35.650002,35.779999,35.560001,35.950001,15497400
4/28/2015,GM,35.75,35.720001,35.169998,35.959999,14857500
4/29/2015,GM,35.5,35.509998,35.240002,35.700001,11907300
4/30/2015,GM,35.259998,35.060001,34.93,35.43,15784500
5/1/2015,GM,35.169998,35.419998,34.810001,35.470001,15307400
5/4/2015,GM,35.5,35.400002,35.400002,35.720001,12020100
5/5/2015,GM,35.400002,35.009998,34.990002,35.52,11068100
5/6/2015,GM,35.139999,34.77,34.549999,35.23,13076200
5/7/2015,GM,34.639999,34.880001,34.549999,35.029999,14033700
5/8/2015,GM,35.049999,35.32,35.029999,35.459999,12787000
5/11/2015,GM,35.299999,35.220001,35.169998,35.59,8833100
5/12/2015,GM,34.959999,34.740002,34.509998,34.959999,14049300
5/13/2015,GM,34.779999,34.799999,34.709999,34.970001,9196900
5/14/2015,GM,35,34.650002,34.529999,35.040001,12645300
5/15/2015,GM,34.700001,34.91,34.700001,34.98,9778800
5/18/2015,GM,34.970001,35.049999,34.849998,35.209999,10285700
5/19/2015,GM,35.169998,35.119999,34.959999,35.240002,9856700
5/20/2015,GM,35.240002,35.02,34.66,35.299999,12925600
5/21/2015,GM,35,35.580002,35,35.66,16016000
5/22/2015,GM,35.52,35.700001,35.419998,35.740002,9648200
5/26/2015,GM,35.450001,35.52,35.43,35.599998,12566300
5/27/2015,GM,35.52,35.810001,35.43,35.810001,10058300
5/28/2015,GM,36.110001,36.389999,35.970001,36.48,18063900
5/29/2015,GM,36.490002,35.970001,35.849998,36.580002,15806300
6/1/2015,GM,36.060001,36.18,35.650002,36.34,12012500
6/2/2015,GM,36.09,36.220001,35.970001,36.5,16948300
6/3/2015,GM,36.369999,35.939999,35.869999,36.419998,12792300
6/4/2015,GM,35.66,35.540001,35.470001,35.869999,10538500
6/5/2015,GM,35.5,35.119999,34.959999,35.549999,24629200
6/8/2015,GM,34.860001,34.990002,34.799999,35.119999,15636100
6/9/2015,GM,35.110001,35.259998,35,35.32,12901000
6/10/2015,GM,35.450001,35.59,35.290001,35.619999,11402200
6/11/2015,GM,35.720001,35.549999,35.549999,36.009998,16819000
6/12/2015,GM,35.380001,35.709999,35.380001,35.900002,11170200
6/15/2015,GM,35.349998,35.459999,35.009998,35.73,14016000
6/16/2015,GM,35.360001,35.610001,35.169998,35.779999,6638600
6/17/2015,GM,35.68,35.810001,35.279999,35.810001,10286600
6/18/2015,GM,35.869999,36.200001,35.849998,36.48,15490900
6/19/2015,GM,36.119999,36.110001,35.950001,36.330002,14831300
6/22/2015,GM,36.290001,36.189999,36.130001,36.540001,13783000
6/23/2015,GM,36.369999,36.299999,36.27,36.48,7279900
6/24/2015,GM,35.91,35.16,35.110001,35.970001,16930000
6/25/2015,GM,35.209999,34.700001,34.57,35.32,14593100
6/26/2015,GM,34.700001,34.380001,34.279999,34.82,11632800
6/29/2015,GM,34.119999,33.23,33.200001,34.169998,18717700
6/30/2015,GM,33.5,33.330002,33.060001,33.57,12911800
7/1/2015,GM,33.610001,33.040001,32.68,33.610001,16169500
7/2/2015,GM,33.189999,33.23,33.060001,33.450001,8646400
7/6/2015,GM,32.849998,32.650002,32.610001,33.119999,10433100
7/7/2015,GM,32.619999,32.860001,32.009998,32.950001,18589300
7/8/2015,GM,32.389999,31.190001,30.940001,32.41,29971400
7/9/2015,GM,31.620001,31.01,30.92,31.75,16552000
7/10/2015,GM,31.299999,31.4,30.99,31.42,12237800
7/13/2015,GM,31.870001,31.68,31.459999,31.9,16327100
7/14/2015,GM,31.59,31.77,31.43,31.99,10832900
7/15/2015,GM,31.85,31.43,31.299999,31.9,18022000
7/16/2015,GM,31.139999,30.610001,30.309999,31.200001,35920700
7/17/2015,GM,30.639999,30.65,30.43,30.799999,16230200
7/20/2015,GM,30.85,30.5,30.42,30.85,15643900
7/21/2015,GM,30.51,30.389999,30.32,30.559999,23472100
7/22/2015,GM,30.33,30.299999,29.889999,30.52,20867800
7/23/2015,GM,32.66,31.5,31.4,32.700001,38967600
7/24/2015,GM,31.9,31.059999,30.82,31.940001,22967600
7/27/2015,GM,30.950001,31.049999,30.6,31.32,23336100
7/28/2015,GM,31.49,31.32,31.219999,31.639999,23184400
7/29/2015,GM,31.48,31.950001,31.43,32.060001,20632700
7/30/2015,GM,31.889999,31.91,31.75,32.049999,10123300
7/31/2015,GM,32.080002,31.51,31.43,32.130001,12399300
8/3/2015,GM,31.790001,31.68,31.309999,31.889999,14800600
8/4/2015,GM,31.66,31.52,31.389999,31.77,15105900
8/5/2015,GM,31.77,31.6,31.200001,31.77,14403600
8/6/2015,GM,31.59,31.860001,31.139999,31.93,19567900
8/7/2015,GM,32.09,31.74,31.6,32.139999,12960000
8/10/2015,GM,31.950001,31.940001,31.860001,32.25,11676400
8/11/2015,GM,31.290001,30.83,30.59,31.309999,24340300
8/12/2015,GM,30.43,30.870001,29.790001,31,23093600
8/13/2015,GM,30.870001,31.059999,30.809999,31.25,20432400
8/14/2015,GM,31.139999,31.49,31.059999,31.549999,12222400
8/17/2015,GM,31.469999,31.610001,31.17,31.68,12057900
8/18/2015,GM,31.41,31.709999,31.34,31.77,9279800
8/19/2015,GM,31.610001,31.629999,31.370001,32.049999,12942400
8/20/2015,GM,31.459999,30.84,30.83,31.459999,13352500
8/21/2015,GM,30.459999,29.6,29.57,30.530001,27542200
8/24/2015,GM,27.299999,27.799999,24.620001,28.18,35740400
8/25/2015,GM,29.200001,27.280001,27.280001,29.200001,19966200
8/26/2015,GM,27.620001,28.1,26.9,28.200001,27717300
8/27/2015,GM,28.52,28.58,28.02,28.82,28498900
8/28/2015,GM,28.6,29,28.530001,29.139999,15167300
8/31/2015,GM,29.09,29.440001,29.02,29.690001,16283900
9/1/2015,GM,29.18,28.639999,28.4,29.370001,16687400
9/2/2015,GM,29.01,29.209999,28.620001,29.219999,10776300
9/3/2015,GM,29.379999,29.110001,29.02,29.709999,11504200
9/4/2015,GM,28.780001,28.879999,28.57,29.040001,13435300
9/8/2015,GM,29.5,29.879999,29.5,29.940001,19298900
9/9/2015,GM,30.200001,29.620001,29.52,30.4,16053600
9/10/2015,GM,29.190001,30,29.190001,30.469999,18672000
9/11/2015,GM,30.01,30.15,29.58,30.200001,15344700
9/14/2015,GM,30.110001,30.719999,30.059999,30.77,20148900
9/15/2015,GM,30.77,30.99,30.77,31.549999,22400700
9/16/2015,GM,31.08,31.200001,30.92,31.57,17076600
9/17/2015,GM,31.25,31.309999,31.129999,31.809999,16644600
9/18/2015,GM,30.98,30.51,30.469999,31.120001,31085700
9/21/2015,GM,30.67,30.620001,30.379999,30.959999,14325600
9/22/2015,GM,29.42,30.030001,29.41,30.059999,17190200
9/23/2015,GM,30.01,29.719999,29.59,30.139999,11277100
9/24/2015,GM,29.41,29.440001,28.77,29.51,19687600
9/25/2015,GM,29.790001,29.41,29.23,29.84,13369400
9/28/2015,GM,29.290001,28.559999,28.440001,29.32,15648900
9/29/2015,GM,28.66,29.15,28.379999,29.290001,17043700
9/30/2015,GM,29.620001,30.02,29.379999,30.1,18931900
10/1/2015,GM,30.290001,30.67,29.98,30.75,18261900
10/2/2015,GM,30.200001,31.73,30.16,31.76,16596600
10/5/2015,GM,31.9,31.76,31.52,32.16,15407500
10/6/2015,GM,31.809999,32.220001,31.809999,32.380001,14214900
10/7/2015,GM,32.450001,33.049999,32.41,33.189999,15238600
10/8/2015,GM,32.950001,33.43,32.860001,33.509998,12909800
10/9/2015,GM,33.34,32.950001,32.790001,33.630001,14169100
10/12/2015,GM,33.040001,33.02,32.619999,33.16,10766400
10/13/2015,GM,32.849998,33.130001,32.709999,33.369999,11789300
10/14/2015,GM,33.200001,33.330002,32.919998,33.5,11974000
10/15/2015,GM,33.549999,33.32,33.16,33.66,10844300
10/16/2015,GM,33.369999,33.150002,32.880001,33.459999,9445800
10/19/2015,GM,33,33.240002,32.799999,33.290001,10084600
10/20/2015,GM,33.18,33.48,33.080002,33.889999,11758400
10/21/2015,GM,34.959999,35.419998,34.720001,35.869999,36877400
10/22/2015,GM,35.639999,35.419998,34.970001,35.790001,22708100
10/23/2015,GM,35.540001,35.950001,35.41,36.060001,18277800
10/26/2015,GM,35.900002,35.669998,35.259998,35.939999,14010800
10/27/2015,GM,35.389999,34.970001,34.740002,35.490002,15536000
10/28/2015,GM,34.990002,35.220001,34.650002,35.299999,9668600
10/29/2015,GM,35.040001,34.75,34.110001,35.049999,12087600
10/30/2015,GM,34.849998,34.91,34.459999,35.200001,10723900
11/2/2015,GM,34.880001,35.57,34.860001,35.75,11858400
11/3/2015,GM,35.529999,35.779999,35.360001,35.990002,15144900
11/4/2015,GM,35.830002,35.419998,35.380001,35.919998,12716600
11/5/2015,GM,35.529999,35.439999,35.189999,35.560001,7679700
11/6/2015,GM,35.32,35.75,35.259998,35.799999,9376900
11/9/2015,GM,35.98,35.669998,35.439999,36.119999,9997600
11/10/2015,GM,35.540001,35.619999,35.16,35.630001,9687200
11/11/2015,GM,35.740002,35.549999,35.52,36.009998,6751800
11/12/2015,GM,35.34,35.09,35.02,35.48,10650900
11/13/2015,GM,34.970001,34.310001,34.189999,35.169998,12090600
11/16/2015,GM,34.310001,35.169998,34.290001,35.220001,14599100
11/17/2015,GM,34.310001,35.209999,34.310001,35.59,11748200
11/18/2015,GM,35.400002,36.459999,35.299999,36.48,14866300
11/19/2015,GM,36.43,36.139999,36.07,36.470001,9760800
11/20/2015,GM,36.310001,36.34,36.009998,36.419998,10793200
11/23/2015,GM,36.389999,36.080002,36.060001,36.869999,9849300
11/24/2015,GM,35.759998,36.220001,35.689999,36.330002,10346900
11/25/2015,GM,36.150002,36.34,36.110001,36.419998,7292800
11/27/2015,GM,36.360001,36.369999,36.220001,36.490002,2899300
11/30/2015,GM,36.599998,36.200001,36.189999,36.880001,13959400
12/1/2015,GM,35.950001,36.259998,35.799999,36.34,12656400
12/2/2015,GM,36.310001,35.73,35.619999,36.360001,9715100
12/3/2015,GM,35.830002,35.470001,35.23,36,10795800
12/4/2015,GM,35.599998,36.25,35.369999,36.34,11562600
12/7/2015,GM,36.459999,36.130001,35.990002,36.52,11303500
12/8/2015,GM,35.830002,35.48,35.23,35.869999,11905400
12/9/2015,GM,35.299999,35.450001,34.860001,35.700001,11692000
12/10/2015,GM,35.25,35.630001,35.18,35.889999,8787000
12/11/2015,GM,35.139999,34.549999,34.27,35.41,16271200
12/14/2015,GM,34.779999,34.389999,34.049999,34.84,13793100
12/15/2015,GM,34.75,34.540001,34.299999,34.959999,13874300
12/16/2015,GM,34.349998,35.139999,34.25,35.169998,14771600
12/17/2015,GM,35.150002,34.110001,34.07,35.27,14448400
12/18/2015,GM,33.959999,33.669998,33.540001,34.060001,19469500
12/21/2015,GM,33.790001,33.830002,33.59,34.060001,12820000
12/22/2015,GM,34.209999,34.290001,34.07,34.490002,9202900
12/23/2015,GM,34.509998,34.779999,34.380001,34.939999,8816700
12/24/2015,GM,34.720001,34.599998,34.5,34.75,3134800
12/28/2015,GM,34.529999,34.509998,34.299999,34.669998,5348600
12/29/2015,GM,34.66,34.5,34.169998,34.689999,7056400
12/30/2015,GM,34.32,34.330002,34.279999,34.560001,4694500
12/31/2015,GM,34.209999,34.009998,34,34.299999,6524100
1/4/2016,GM,33.450001,33.310001,32.84,33.540001,14875500
1/5/2016,GM,33.330002,32.43,32.18,33.41,19777200
1/6/2016,GM,31.950001,31.27,31.01,31.98,27515200
1/7/2016,GM,30.26,29.99,29.83,30.82,21046300
1/8/2016,GM,30.459999,29.530001,29.42,30.700001,16448000
1/11/2016,GM,30.370001,30.25,29.68,30.48,16877400
1/12/2016,GM,30.629999,30.299999,29.799999,30.75,13398900
1/13/2016,GM,31.83,30.49,30.09,31.9,31586200
1/14/2016,GM,30.809999,30.299999,29.450001,30.889999,27106700
1/15/2016,GM,29.459999,29.57,28.799999,29.68,23012800
1/19/2016,GM,29.93,29.4,28.91,30,17826600
1/20/2016,GM,28.860001,29.42,28.32,29.9,21481000
1/21/2016,GM,29.459999,29.549999,29.07,30.139999,15844000
1/22/2016,GM,30.16,29.280001,29.030001,30.290001,18302800
1/25/2016,GM,29.33,29.23,29.02,29.59,33627700
1/26/2016,GM,29.41,29.65,29.040001,29.75,11656700
1/27/2016,GM,29.719999,29.209999,29,29.9,12932300
1/28/2016,GM,29.469999,29.02,28.4,29.48,16421200
1/29/2016,GM,29.17,29.639999,29.02,29.639999,13445800
2/1/2016,GM,29.459999,30.110001,29.1,30.24,13831700
2/2/2016,GM,29.99,29.65,28.870001,30.190001,23777400
2/3/2016,GM,30.1,28.92,28.18,30.25,29069800
2/4/2016,GM,28.940001,28.639999,28.1,29.209999,21002800
2/5/2016,GM,28.67,28.540001,28.42,29.200001,14125200
2/8/2016,GM,28.280001,28.68,28.049999,28.84,19174000
2/9/2016,GM,28.129999,27.870001,27.77,28.870001,21654100
2/10/2016,GM,28.120001,27.709999,27.690001,28.639999,15163800
2/11/2016,GM,27.48,26.9,26.690001,28.09,25164400
2/12/2016,GM,27.23,27.709999,27.049999,27.74,11041000
2/16/2016,GM,28,28.58,27.76,28.59,14627500
2/17/2016,GM,28.860001,29.27,28.700001,29.35,13256100
2/18/2016,GM,29.450001,29.030001,28.92,29.549999,12158600
2/19/2016,GM,28.879999,28.780001,28.379999,28.98,12362300
2/22/2016,GM,28.780001,29.629999,28.780001,29.639999,12215500
2/23/2016,GM,29.41,29.379999,29.280001,29.82,9949600
2/24/2016,GM,28.719999,28.84,27.809999,28.9,20989100
2/25/2016,GM,28.83,29.5,28.549999,29.51,11904300
2/26/2016,GM,29.73,29.629999,29.540001,29.959999,15778300
2/29/2016,GM,29.370001,29.440001,29.290001,29.799999,10329400
3/1/2016,GM,30.02,30.01,28.92,30.23,21007300
3/2/2016,GM,30,30.15,29.84,30.32,12094700
3/3/2016,GM,30.26,31.07,30.200001,31.219999,18341300
3/4/2016,GM,31.219999,31.370001,31.059999,31.74,13963200
3/7/2016,GM,31.309999,31.59,31.190001,31.780001,11373800
3/8/2016,GM,31.4,30.68,30.459999,31.4,16794400
3/9/2016,GM,30.469999,30.540001,30.200001,30.629999,12158900
3/10/2016,GM,30.719999,30.82,30.27,30.879999,15092700
3/11/2016,GM,31.049999,31.26,30.98,31.33,13363000
3/14/2016,GM,31.18,31.18,30.9,31.389999,9353100
3/15/2016,GM,30.860001,31.049999,30.440001,31.08,8983200
3/16/2016,GM,30.83,31.690001,30.83,31.76,9991900
3/17/2016,GM,31.73,31.959999,31.639999,32.099998,11295900
3/18/2016,GM,32.080002,31.959999,31.91,32.380001,15431600
3/21/2016,GM,32.110001,32.080002,31.75,32.189999,7397300
3/22/2016,GM,32.080002,31.9,31.76,32.209999,8195600
3/23/2016,GM,31.92,31.309999,31.17,31.93,9107100
3/24/2016,GM,30.879999,30.959999,30.389999,30.969999,12041000
3/28/2016,GM,31.129999,31.02,30.940001,31.25,6109400
3/29/2016,GM,31.040001,31.190001,30.58,31.280001,13667800
3/30/2016,GM,31.440001,30.99,30.959999,31.67,13377600
3/31/2016,GM,31.01,31.43,31,31.59,10209000
4/1/2016,GM,31.18,30.469999,30.32,31.200001,17421700
4/4/2016,GM,30.4,29.9,29.75,30.48,12167300
4/5/2016,GM,29.67,29.6,29.35,29.73,9101900
4/6/2016,GM,29.66,29.940001,29.299999,29.950001,9620300
4/7/2016,GM,29.85,29.42,29.18,29.950001,12865600
4/8/2016,GM,29.67,29.370001,29.23,29.76,8843500
4/11/2016,GM,29.49,29.530001,29.48,30.040001,8882900
4/12/2016,GM,29.559999,29.709999,29.27,29.77,11214500
4/13/2016,GM,30.01,30.780001,29.940001,30.870001,11076800
4/14/2016,GM,30.84,30.719999,30.639999,31.049999,8218800
4/15/2016,GM,30.68,30.559999,30.41,30.85,8261200
4/18/2016,GM,30.76,31.309999,30.610001,31.370001,15685100
4/19/2016,GM,31.65,31.969999,31.610001,32.16,14408300
4/20/2016,GM,32,32.189999,32,32.41,12911500
4/21/2016,GM,33.18,32.66,32.470001,33.41,22792300
4/22/2016,GM,32.66,32.18,32.119999,32.790001,13824500
4/25/2016,GM,32.09,31.950001,31.6,32.110001,10604800
4/26/2016,GM,32,32.189999,31.93,32.299999,8701200
4/27/2016,GM,32.18,32.16,31.99,32.290001,6711400
4/28/2016,GM,31.969999,32.439999,31.73,32.73,13443200
4/29/2016,GM,32.349998,31.799999,31.52,32.349998,12533000
5/2/2016,GM,32.049999,31.75,31.73,32.119999,9794000
5/3/2016,GM,31.57,31.25,30.67,31.6,15046300
5/4/2016,GM,31,30.59,30.42,31.09,13712700
5/5/2016,GM,30.790001,30.540001,30.299999,30.809999,10383800
5/6/2016,GM,30.73,30.959999,30.559999,31.110001,11407300
5/9/2016,GM,31,30.780001,30.540001,31.07,8127200
5/10/2016,GM,30.9,31.35,30.84,31.370001,9185400
5/11/2016,GM,31.32,31.08,31,31.459999,8538100
5/12/2016,GM,31.200001,31.18,30.75,31.370001,9411500
5/13/2016,GM,30.870001,30.52,30.370001,31.290001,10563400
5/16/2016,GM,30.5,30.67,30.5,30.98,17749500
5/17/2016,GM,30.4,30.629999,30.280001,30.780001,9542900
5/18/2016,GM,30.559999,30.75,30.440001,31.040001,8454200
5/19/2016,GM,30.51,30.32,30.17,30.68,10142200
5/20/2016,GM,30.51,30.57,30.4,30.790001,7736100
5/23/2016,GM,30.5,30.59,30.35,30.629999,6698900
5/24/2016,GM,30.65,31.049999,30.620001,31.08,8743100
5/25/2016,GM,31.190001,31.65,31.120001,31.77,10151600
5/26/2016,GM,31.65,31.290001,31.18,31.75,6747700
5/27/2016,GM,31.309999,31.389999,31.26,31.639999,5864100
5/31/2016,GM,31.540001,31.280001,31.129999,31.620001,11803400
6/1/2016,GM,31.15,30.219999,29.870001,31.15,26002300
6/2/2016,GM,30.129999,30.26,30.049999,30.459999,12649300
6/3/2016,GM,30.09,29.6,29.51,30.15,18549600
6/6/2016,GM,29.85,29.99,29.719999,30.040001,10985800
6/7/2016,GM,30.16,30.23,29.950001,30.379999,14425700
6/8/2016,GM,30,29.57,29.52,30.030001,12990900
6/9/2016,GM,29.48,29.360001,29.16,29.5,11907500
6/10/2016,GM,29.219999,29.059999,28.98,29.34,10740400
6/13/2016,GM,28.85,29.08,28.799999,29.4,13871300
6/14/2016,GM,29.07,28.83,28.65,29.309999,10751700
6/15/2016,GM,28.98,28.860001,28.790001,29.219999,8479900
6/16/2016,GM,28.67,29.02,28.5,29.07,9654400
6/17/2016,GM,29.139999,29.23,29.059999,29.43,12707400
6/20/2016,GM,29.620001,29.65,29.59,30.030001,12329100
6/21/2016,GM,29.639999,29.51,29.43,29.77,10318000
6/22/2016,GM,29.34,29.32,29.27,29.59,8717200
6/23/2016,GM,29.59,29.82,29.549999,29.85,9598100
6/24/2016,GM,28.58,28.35,28.25,29.040001,30181100
6/27/2016,GM,28.09,27.51,27.34,28.1,18634200
6/28/2016,GM,27.93,27.74,27.4,27.98,14061400
6/29/2016,GM,28,28.17,27.6,28.200001,10644100
6/30/2016,GM,28.18,28.299999,27.700001,29.66,15360600
7/1/2016,GM,28.690001,28.889999,28.360001,28.98,15157900
7/5/2016,GM,28.639999,28.17,28.040001,28.68,12178200
7/6/2016,GM,28,28.4,27.52,28.41,14631400
7/7/2016,GM,28.49,28.74,28.42,29.059999,10842300
7/8/2016,GM,29.27,29.66,29.27,29.870001,16659400
7/11/2016,GM,29.790001,30.129999,29.74,30.27,13870300
7/12/2016,GM,30.450001,30.6,30.389999,30.85,16786300
7/13/2016,GM,30.629999,30.629999,30.219999,30.690001,13303600
7/14/2016,GM,30.879999,30.76,30.6,31.049999,11306400
7/15/2016,GM,30.82,30.77,30.57,30.98,8429500
7/18/2016,GM,30.75,30.870001,30.610001,31.1,8732300
7/19/2016,GM,30.700001,31.25,30.700001,31.27,17164100
7/20/2016,GM,31.42,31.49,31.07,31.58,20923000
7/21/2016,GM,31.49,32.029999,31.49,32.869999,36218500
7/22/2016,GM,32.099998,32.16,31.719999,32.240002,13305400
7/25/2016,GM,32.189999,32.060001,31.959999,32.360001,11324900
7/26/2016,GM,31.98,32.150002,31.889999,32.220001,9462000
7/27/2016,GM,32.18,32.02,31.969999,32.290001,9159500
7/28/2016,GM,31.049999,30.99,30.65,31.200001,20363900
7/29/2016,GM,30.790001,31.540001,30.780001,31.549999,16150500
8/1/2016,GM,31.540001,31.299999,31.200001,31.620001,11190600
8/2/2016,GM,31.030001,29.93,29.82,31.08,24346900
8/3/2016,GM,30,30.24,29.91,30.25,14504200
8/4/2016,GM,30.24,30.34,30.23,30.530001,8660900
8/5/2016,GM,30.51,30.799999,30.5,30.889999,13135900
8/8/2016,GM,30.92,30.879999,30.799999,31.059999,10470900
8/9/2016,GM,30.91,31.07,30.83,31.25,13691100
8/10/2016,GM,31.030001,31.25,30.959999,31.27,10833700
8/11/2016,GM,31.43,31.75,31.360001,31.790001,13210800
8/12/2016,GM,31.6,31.57,31.549999,31.75,9843700
8/15/2016,GM,31.59,31.860001,31.549999,31.889999,9345300
8/16/2016,GM,31.809999,31.709999,31.610001,31.85,9888500
8/17/2016,GM,31.709999,31.85,31.549999,31.879999,8392400
8/18/2016,GM,31.799999,31.549999,31.48,31.860001,14089900
8/19/2016,GM,31.48,31.83,31.4,31.889999,8809700
8/22/2016,GM,31.790001,31.870001,31.700001,31.950001,8306000
8/23/2016,GM,31.969999,31.9,31.870001,32.049999,10961100
8/24/2016,GM,31.84,31.780001,31.76,32.09,8179500
8/25/2016,GM,31.709999,31.540001,31.360001,31.75,15930800
8/26/2016,GM,31.67,31.530001,31.42,31.82,10436200
8/29/2016,GM,31.780001,31.809999,31.57,31.959999,7708300
8/30/2016,GM,31.809999,31.67,31.23,32,10748700
8/31/2016,GM,31.67,31.92,31.65,31.940001,9625600
9/1/2016,GM,31.860001,31.799999,31.34,32.549999,14898800
9/2/2016,GM,31.879999,32.16,31.85,32.200001,10828400
9/6/2016,GM,32.25,32.119999,31.85,32.34,16774800
9/7/2016,GM,31.99,31.889999,31.620001,31.99,12554700
9/8/2016,GM,31.85,31.709999,31.68,32,11808200
9/9/2016,GM,31.440001,30.48,30.370001,31.559999,22476300
9/12/2016,GM,30.360001,31.18,30.129999,31.35,17250300
9/13/2016,GM,31.02,30.940001,30.82,31.15,16162900
9/14/2016,GM,30.790001,30.709999,30.49,30.870001,12903200
9/15/2016,GM,30.75,31.120001,30.74,31.23,13467400
9/16/2016,GM,31.129999,30.969999,30.610001,31.129999,12780800
9/19/2016,GM,31.9,31.719999,31.66,32.080002,32234800
9/20/2016,GM,31.91,31.65,31.33,31.940001,12876200
9/21/2016,GM,31.719999,32.110001,31.719999,32.16,14468700
9/22/2016,GM,32.27,32.389999,32.27,32.470001,12034000
9/23/2016,GM,32.099998,32.119999,32.049999,32.369999,9812100
9/26/2016,GM,32.02,31.799999,31.75,32.119999,12700900
9/27/2016,GM,31.77,31.6,31.540001,31.959999,14465300
9/28/2016,GM,31.75,31.9,31.540001,31.940001,10713600
9/29/2016,GM,31.77,31.48,31.450001,31.959999,8821200
9/30/2016,GM,31.629999,31.77,31.58,31.950001,9330000
10/3/2016,GM,31.639999,32.040001,31.610001,32.240002,11375900
10/4/2016,GM,32.080002,32.169998,32.040001,32.470001,8506200
10/5/2016,GM,32.310001,32.68,32.23,32.779999,11093500
10/6/2016,GM,32.540001,32.529999,32.209999,32.639999,8611200
10/7/2016,GM,32.5,32.34,32.049999,32.599998,8909400
10/10/2016,GM,32.310001,32.150002,32.119999,32.599998,6094800
10/11/2016,GM,32.23,31.889999,31.690001,32.279999,7977500
10/12/2016,GM,31.9,31.68,31.65,31.99,5597600
10/13/2016,GM,31.48,31.51,30.879999,31.629999,12102600
10/14/2016,GM,31.76,31.870001,31.68,31.99,11105600
10/17/2016,GM,31.84,31.559999,31.530001,32.060001,7476100
10/18/2016,GM,31.83,31.4,31.190001,31.879999,7973300
10/19/2016,GM,31.540001,31.85,31.48,31.98,9158600
10/20/2016,GM,31.780001,31.75,31.389999,31.860001,8077600
10/21/2016,GM,31.58,32.040001,31.48,32.169998,11975700
10/24/2016,GM,32.18,32.98,32.150002,33.080002,20232300
10/25/2016,GM,32.849998,31.6,31.389999,32.849998,34069800
10/26/2016,GM,31.219999,31.58,31.120001,31.74,14955800
10/27/2016,GM,31.75,31.33,31.190001,31.780001,20653600
10/28/2016,GM,31.33,31.32,31.219999,31.76,10571600
10/31/2016,GM,31.42,31.6,31.35,31.65,7954100
11/1/2016,GM,31.700001,31.48,31.190001,32.080002,14668300
11/2/2016,GM,31.33,31.450001,31.309999,31.719999,11763100
11/3/2016,GM,31.450001,31.07,30.950001,31.639999,13720100
11/4/2016,GM,31,31.16,30.940001,31.540001,12770800
11/7/2016,GM,31.58,32.02,31.540001,32.150002,13560200
11/8/2016,GM,31.9,31.73,31.41,31.969999,10357100
11/9/2016,GM,30.91,30.959999,30.209999,31.15,38594400
11/10/2016,GM,30.93,32.73,30.91,32.830002,27811100
11/11/2016,GM,32.490002,34.02,32.380001,34.279999,32896900
11/14/2016,GM,33.900002,33.279999,33.049999,34.419998,20214700
11/15/2016,GM,33.299999,33.43,33.099998,33.599998,10906600
11/16/2016,GM,33.360001,33.23,33.07,33.360001,8821300
11/17/2016,GM,32.970001,33.419998,32.75,33.439999,11728600
11/18/2016,GM,33.400002,33,32.959999,33.419998,8617200
11/21/2016,GM,33.23,33.009998,32.98,33.279999,11667100
11/22/2016,GM,32.82,33.810001,32.77,33.82,12283800
11/23/2016,GM,33.740002,33.860001,33.689999,33.990002,8708800
11/25/2016,GM,34,34.25,33.93,34.32,5317700
11/28/2016,GM,34.349998,34.049999,33.959999,34.380001,11516600
11/29/2016,GM,34.029999,34.57,33.860001,34.580002,12610000
11/30/2016,GM,34.700001,34.529999,34.450001,34.98,15681700
12/1/2016,GM,34.810001,36.43,34.790001,36.66,37092300
12/2/2016,GM,36.25,35.41,35.299999,36.299999,22753400
12/5/2016,GM,35.349998,34.939999,34.91,35.459999,12440400
12/6/2016,GM,35.09,35.07,34.91,35.16,11786700
12/7/2016,GM,35.18,36.299999,35.09,36.540001,26600700
12/8/2016,GM,36.189999,36.419998,36.040001,36.459999,14442200
12/9/2016,GM,36.41,37.66,36.41,37.68,26427100
12/12/2016,GM,37.509998,37.099998,37.009998,37.740002,15573400
12/13/2016,GM,37.150002,37.360001,36.950001,37.439999,8930200
12/14/2016,GM,36.299999,35.950001,35.93,36.779999,19645800
12/15/2016,GM,35.869999,36.240002,35.779999,36.389999,18154500
12/16/2016,GM,36.400002,36.369999,36.099998,36.41,23566000
12/19/2016,GM,36.490002,36.400002,36.150002,36.73,10404200
12/20/2016,GM,36.400002,36.610001,36.23,36.73,8769100
12/21/2016,GM,36.5,36.419998,36.349998,36.689999,6667900
12/22/2016,GM,36.290001,35.689999,35.630001,36.400002,9851400
12/23/2016,GM,35.830002,35.689999,35.540001,35.869999,9044300
12/27/2016,GM,35.799999,35.540001,35.5,35.93,5983700
12/28/2016,GM,35.740002,35.150002,35.130001,35.799999,8395400
12/29/2016,GM,35.25,35.139999,35.119999,35.48,4415300
12/30/2016,GM,35.209999,34.84,34.669998,35.310001,7644100
12/27/2016,GM,35.799999,35.540001,35.5,35.93,5983700
12/22/2016,GM,36.290001,35.689999,35.630001,36.400002,9851400
