1/4/2010,TXT,18.93,19.040001,18.66,19.18,3630600
1/5/2010,TXT,18.969999,18.68,18.459999,19.35,12121100
1/6/2010,TXT,18.709999,19.33,18.709999,19.42,5598300
1/7/2010,TXT,19.32,20.190001,19.25,20.25,5196100
1/8/2010,TXT,20.1,20.379999,19.969999,20.42,4104000
1/11/2010,TXT,20.51,21.469999,20.360001,21.610001,7214100
1/12/2010,TXT,21.25,21.33,20.91,21.559999,4849100
1/13/2010,TXT,21.360001,20.92,20.68,21.49,5378700
1/14/2010,TXT,20.959999,22.790001,20.58,23.059999,17621700
1/15/2010,TXT,22.75,21.879999,21.74,22.75,9136800
1/19/2010,TXT,22.09,22.98,21.790001,23.459999,8277200
1/20/2010,TXT,22.700001,22.309999,21.91,22.700001,4539400
1/21/2010,TXT,22.309999,21.43,21.370001,22.43,4666300
1/22/2010,TXT,21.35,21.32,20.799999,22.08,5582300
1/25/2010,TXT,21.639999,21.129999,20.84,21.84,6112300
1/26/2010,TXT,21.07,20.57,20.370001,21.09,3765400
1/27/2010,TXT,20.469999,21,20.360001,21.15,5865400
1/28/2010,TXT,20.379999,19.58,18.889999,20.73,18922800
1/29/2010,TXT,19.66,19.530001,19.049999,19.959999,6786800
2/1/2010,TXT,19.620001,20.639999,19.530001,20.690001,6508100
2/2/2010,TXT,20.780001,20.68,20.450001,21.26,7153800
2/3/2010,TXT,20.540001,20.459999,20.209999,20.790001,4608300
2/4/2010,TXT,20.209999,19.559999,19.4,20.209999,6589400
2/5/2010,TXT,19.51,18.91,17.959999,19.6,11037700
2/8/2010,TXT,18.84,18.709999,18.360001,19.24,4947400
2/9/2010,TXT,19.09,18.9,18.68,19.27,3825000
2/10/2010,TXT,18.860001,18.879999,18.290001,19.030001,6767500
2/11/2010,TXT,18.879999,18.959999,18.459999,19.129999,4799100
2/12/2010,TXT,18.610001,18.32,18,18.67,6119700
2/16/2010,TXT,18.49,19.08,18.32,19.15,3328200
2/17/2010,TXT,19.15,19.059999,18.91,19.280001,2858800
2/18/2010,TXT,19.059999,19.75,18.959999,19.799999,4512900
2/19/2010,TXT,19.58,19.68,19.4,19.940001,3683500
2/22/2010,TXT,19.75,19.879999,19.559999,20.08,3574500
2/23/2010,TXT,19.85,19.530001,19.370001,20.17,3461200
2/24/2010,TXT,19.700001,19.59,19.040001,19.74,5307500
2/25/2010,TXT,19.15,19.450001,18.969999,19.5,4472200
2/26/2010,TXT,19.450001,19.92,19.25,20.030001,3764900
3/1/2010,TXT,20,20.209999,19.82,20.309999,4400400
3/2/2010,TXT,20.34,20.9,20.049999,20.99,4948300
3/3/2010,TXT,20.92,21.24,20.76,21.450001,4626900
3/4/2010,TXT,21.360001,21.059999,20.93,21.57,5049300
3/5/2010,TXT,21.200001,21.809999,21.200001,21.84,4573900
3/8/2010,TXT,21.780001,21.74,21.73,22.17,4333800
3/9/2010,TXT,21.129999,21.620001,21.01,21.959999,7801800
3/10/2010,TXT,21.17,21.809999,21.17,22.07,4718800
3/11/2010,TXT,21.68,22.25,21.299999,22.34,3904800
3/12/2010,TXT,22.370001,22.26,21.92,22.440001,3374700
3/15/2010,TXT,22.17,22.049999,21.610001,22.200001,3048600
3/16/2010,TXT,22.059999,22.4,21.940001,22.780001,4386200
3/17/2010,TXT,22.52,22.530001,22.23,22.780001,3061300
3/18/2010,TXT,22.41,22.15,22,22.5,2697700
3/19/2010,TXT,22.209999,22.209999,22.07,22.969999,5674600
3/22/2010,TXT,21.99,22.18,21.799999,22.4,3057700
3/23/2010,TXT,22.280001,22.450001,22.07,22.469999,3108600
3/24/2010,TXT,22.280001,22.280001,22.15,22.58,2470400
3/25/2010,TXT,22.530001,21.77,21.73,22.559999,4974900
3/26/2010,TXT,21.9,21.68,21.620001,22.299999,3868400
3/29/2010,TXT,21.84,21.700001,21.49,21.950001,4055400
3/30/2010,TXT,21.76,21.559999,21.41,22,3241000
3/31/2010,TXT,21.48,21.23,21.18,21.59,3694400
4/1/2010,TXT,21.42,21.4,21.17,21.57,3655800
4/5/2010,TXT,21.540001,21.33,21.16,21.610001,4915300
4/6/2010,TXT,21.23,21.57,21.120001,21.82,3755500
4/7/2010,TXT,21.450001,22.18,21.25,22.27,9652500
4/8/2010,TXT,22.110001,22.17,21.91,22.25,3868100
4/9/2010,TXT,22.23,22.09,21.67,22.299999,3119400
4/12/2010,TXT,22.1,22.59,22.059999,22.66,3860700
4/13/2010,TXT,22.49,22.549999,22.370001,22.66,3279000
4/14/2010,TXT,22.639999,22.76,22.24,22.780001,4375200
4/15/2010,TXT,22.48,22.33,22.27,22.709999,4808700
4/16/2010,TXT,22.42,21.940001,21.610001,22.43,5608400
4/19/2010,TXT,21.75,21.559999,21.09,21.889999,4019700
4/20/2010,TXT,21.67,21.870001,21.5,22,3074200
4/21/2010,TXT,21.66,21.6,21.58,22.17,5674800
4/22/2010,TXT,22.18,24.23,21.99,24.360001,16417400
4/23/2010,TXT,24.309999,23.85,23.48,24.33,6921100
4/26/2010,TXT,23.940001,24.549999,23.92,25.299999,7796000
4/27/2010,TXT,24.450001,23.25,23.120001,24.450001,7465500
4/28/2010,TXT,23.41,23.610001,23.219999,23.959999,4561300
4/29/2010,TXT,23.91,23.52,23.440001,24.200001,3294300
4/30/2010,TXT,23.5,22.84,22.84,23.719999,3645300
5/3/2010,TXT,23,23.49,22.940001,23.549999,4452500
5/4/2010,TXT,23.01,22.93,22.700001,23.450001,5996800
5/5/2010,TXT,22.59,23.27,22.110001,23.360001,6890300
5/6/2010,TXT,23.139999,22.5,20,23.790001,7770800
5/7/2010,TXT,22.49,20.379999,20.219999,22.49,15769500
5/10/2010,TXT,22.17,22.389999,21.75,22.559999,6323800
5/11/2010,TXT,21.629999,22.639999,21.629999,23,5640200
5/12/2010,TXT,22.889999,24.09,22.889999,24.200001,5726100
5/13/2010,TXT,24.040001,23.530001,23.389999,24.08,2850300
5/14/2010,TXT,23.25,22.57,22.309999,23.440001,4840600
5/17/2010,TXT,22.549999,21.950001,21.379999,22.9,7337500
5/18/2010,TXT,23.059999,21.5,21.41,23.059999,6496900
5/19/2010,TXT,21.290001,21.07,20.629999,21.59,4890300
5/20/2010,TXT,20.360001,19.41,19.32,20.440001,8564200
5/21/2010,TXT,19.040001,20.57,18.889999,20.76,10697400
5/24/2010,TXT,20.43,20.219999,20.190001,21.01,4485700
5/25/2010,TXT,19.209999,19.52,18.889999,19.76,11333100
5/26/2010,TXT,19.74,20.27,19.719999,21.049999,11100000
5/27/2010,TXT,21.030001,21.26,20.639999,21.280001,4226000
5/28/2010,TXT,21.26,20.67,20.450001,21.34,2900200
6/1/2010,TXT,20.309999,19.889999,19.870001,20.68,4448800
6/2/2010,TXT,20.07,20.469999,19.870001,20.48,3583600
6/3/2010,TXT,20.57,20.65,20.219999,20.85,3577100
6/4/2010,TXT,20.280001,18.959999,18.809999,20.459999,8095900
6/7/2010,TXT,19,18.209999,18.15,19.040001,6047700
6/8/2010,TXT,18.17,18.959999,17.98,18.959999,7483200
6/9/2010,TXT,19.15,18.68,18.530001,19.34,5996600
6/10/2010,TXT,19.219999,19.299999,18.959999,19.440001,4806600
6/11/2010,TXT,18.959999,19.459999,18.959999,19.51,3341800
6/14/2010,TXT,19.559999,19.299999,19.24,19.940001,2940500
6/15/2010,TXT,19.610001,20.24,19.549999,20.280001,3652400
6/16/2010,TXT,20.040001,20.02,19.9,20.379999,4101000
6/17/2010,TXT,20.15,19.950001,19.559999,20.16,2818900
6/18/2010,TXT,20,20.030001,19.83,20.17,2714800
6/21/2010,TXT,20.5,20.01,19.9,20.65,3101700
6/22/2010,TXT,20.16,19.35,19.24,20.24,3043200
6/23/2010,TXT,19.35,19.02,18.82,19.379999,4751900
6/24/2010,TXT,18.92,18.59,18.52,19.139999,4704400
6/25/2010,TXT,18.719999,19.309999,18.57,19.309999,7394000
6/28/2010,TXT,19.32,18.66,18.620001,19.41,5187900
6/29/2010,TXT,18.25,16.799999,16.709999,18.280001,14341800
6/30/2010,TXT,16.58,16.969999,16.58,17.34,7241300
7/1/2010,TXT,16.870001,16.370001,16.1,17,10953700
7/2/2010,TXT,16.450001,16.07,15.88,16.5,6070200
7/6/2010,TXT,16.41,16.280001,16.02,16.74,6067200
7/7/2010,TXT,16.299999,17.17,16.23,17.18,6833500
7/8/2010,TXT,17.120001,17.040001,16.66,17.299999,5085500
7/9/2010,TXT,17.07,17.799999,17.049999,17.889999,5478900
7/12/2010,TXT,17.799999,17.68,17.48,18.030001,3938100
7/13/2010,TXT,18.41,18.389999,18.200001,18.9,4948500
7/14/2010,TXT,18.25,18.25,17.9,18.5,4227700
7/15/2010,TXT,18.280001,18.26,17.629999,18.469999,4042900
7/16/2010,TXT,18.09,17.34,17.290001,18.139999,5450000
7/19/2010,TXT,17.530001,17.57,17.280001,17.639999,3827700
7/20/2010,TXT,17.16,18.08,17.1,18.190001,4220500
7/21/2010,TXT,19.700001,19.65,18.98,19.85,15557700
7/22/2010,TXT,19.85,20.219999,19.790001,20.370001,7457900
7/23/2010,TXT,20.02,20.77,19.77,20.790001,5300100
7/26/2010,TXT,20.940001,21.17,20.65,21.209999,4436300
7/27/2010,TXT,21.360001,20.709999,20.35,21.4,5212600
7/28/2010,TXT,20.709999,20.629999,20.389999,20.969999,4993000
7/29/2010,TXT,20.860001,20.690001,20.4,20.99,3764900
7/30/2010,TXT,20.26,20.76,20.23,20.860001,3719800
8/2/2010,TXT,21.25,21.290001,20.33,21.33,4706700
8/3/2010,TXT,21.25,21.09,20.91,21.32,2254800
8/4/2010,TXT,21.09,21.48,21.049999,21.52,3156600
8/5/2010,TXT,21.25,21.360001,21.08,21.459999,2159000
8/6/2010,TXT,20.93,20.82,20.6,21.23,4610700
8/9/2010,TXT,21.030001,20.98,20.610001,21.1,3523600
8/10/2010,TXT,20.59,20.120001,19.950001,20.620001,6070100
8/11/2010,TXT,19.59,18.969999,18.59,19.59,8175300
8/12/2010,TXT,18.51,18.43,18.370001,18.780001,7233400
8/13/2010,TXT,18.360001,18.16,18.15,18.700001,6845100
8/16/2010,TXT,18,17.860001,17.83,18.219999,6185700
8/17/2010,TXT,18.120001,18.370001,18,18.73,6272700
8/18/2010,TXT,18.32,18.67,18.120001,18.73,5151000
8/19/2010,TXT,18.4,18.15,18,18.799999,5601000
8/20/2010,TXT,18,17.889999,17.49,18.059999,6030900
8/23/2010,TXT,18.049999,17.42,17.299999,18.049999,7136300
8/24/2010,TXT,17.209999,17.42,17.110001,17.57,4720200
8/25/2010,TXT,17.209999,17.360001,16.85,17.469999,3616700
8/26/2010,TXT,17.459999,17.41,17.26,17.83,3429000
8/27/2010,TXT,17.59,17.860001,17.219999,17.9,5333000
8/30/2010,TXT,17.790001,17.809999,17.74,18.1,5353700
8/31/2010,TXT,17.74,17.07,16.91,17.74,6137600
9/1/2010,TXT,17.42,18.1,17.379999,18.15,4195100
9/2/2010,TXT,18.280001,18.41,18.15,18.440001,3199700
9/3/2010,TXT,18.76,18.91,18.549999,19.110001,3417200
9/7/2010,TXT,18.709999,18.24,18.030001,18.799999,3426500
9/8/2010,TXT,18.290001,18.66,18.26,18.85,4083000
9/9/2010,TXT,18.889999,18.6,18.389999,18.99,2013700
9/10/2010,TXT,18.59,18.9,18.440001,18.969999,2369100
9/13/2010,TXT,18.99,19.18,18.940001,19.299999,3420100
9/14/2010,TXT,19.15,18.940001,18.83,19.16,2866100
9/15/2010,TXT,18.77,18.91,18.66,18.99,1899600
9/16/2010,TXT,18.889999,19.24,18.85,19.26,3726000
9/17/2010,TXT,19.35,19.219999,18.9,19.4,6032300
9/20/2010,TXT,19.35,20.190001,19.35,20.25,4911900
9/21/2010,TXT,20.030001,20.290001,19.84,20.690001,7093500
9/22/2010,TXT,20.27,20.16,20.02,20.66,4036700
9/23/2010,TXT,19.940001,19.6,19.549999,20.049999,4395600
9/24/2010,TXT,19.92,20.74,19.780001,20.75,4669400
9/27/2010,TXT,20.67,20.76,20.42,20.790001,4248100
9/28/2010,TXT,20.790001,20.879999,20.379999,20.91,3893000
9/29/2010,TXT,20.66,20.68,20.35,20.76,5595700
9/30/2010,TXT,20.82,20.559999,20.26,20.9,3548500
10/1/2010,TXT,20.790001,20.75,20.42,20.889999,3958400
10/4/2010,TXT,20.719999,20.690001,20.639999,21.190001,5060400
10/5/2010,TXT,20.98,21.52,20.860001,21.65,4966900
10/6/2010,TXT,21.459999,21.58,21.389999,21.75,3497200
10/7/2010,TXT,21.700001,21.209999,20.959999,21.700001,3763500
10/8/2010,TXT,21.219999,21.620001,21.049999,21.75,3196600
10/11/2010,TXT,21.700001,21.5,21.450001,21.799999,3324600
10/12/2010,TXT,21.450001,21.469999,21.049999,21.57,2627700
10/13/2010,TXT,21.639999,21.639999,21.440001,21.809999,3125400
10/14/2010,TXT,21.629999,21.33,21.200001,21.73,3577100
10/15/2010,TXT,21.6,21.51,21.33,21.67,4729400
10/18/2010,TXT,21.190001,21.26,21.02,21.4,4896900
10/19/2010,TXT,20.809999,20.940001,20.68,21.559999,7672900
10/20/2010,TXT,20.360001,20.780001,19.92,21.02,10299500
10/21/2010,TXT,20.969999,20.959999,20.75,21.34,6128500
10/22/2010,TXT,20.959999,20.950001,20.700001,20.99,3587500
10/25/2010,TXT,21.139999,20.83,20.83,21.32,3121400
10/26/2010,TXT,20.639999,20.67,20.6,20.950001,4556600
10/27/2010,TXT,20.459999,20.76,20.370001,20.790001,3303500
10/28/2010,TXT,20.85,20.66,20.6,21,4858100
10/29/2010,TXT,20.49,20.82,20.370001,20.91,3789700
11/1/2010,TXT,21,20.780001,20.59,21.25,2363700
11/2/2010,TXT,21.01,21.43,21,21.49,4015900
11/3/2010,TXT,21.41,21.620001,21.299999,21.889999,4300900
11/4/2010,TXT,21.950001,22.190001,21.73,22.360001,2945400
11/5/2010,TXT,22.26,22.610001,22.110001,22.9,4173400
11/8/2010,TXT,22.48,22.73,22.23,22.73,3906400
11/9/2010,TXT,22.74,22.440001,22.309999,22.809999,3123700
11/10/2010,TXT,22.379999,22.219999,21.889999,22.5,3984000
11/11/2010,TXT,22.040001,21.870001,21.809999,22.110001,3067200
11/12/2010,TXT,21.719999,21.360001,21.129999,21.950001,5074800
11/15/2010,TXT,21.4,21.15,21.15,21.530001,3659200
11/16/2010,TXT,20.99,20.84,20.73,21.26,3219300
11/17/2010,TXT,20.84,20.92,20.74,21.200001,2613800
11/18/2010,TXT,21.24,21.48,21.049999,21.540001,2897400
11/19/2010,TXT,21.41,21.6,21.35,21.620001,2897400
11/22/2010,TXT,21.41,21.73,21.299999,21.77,2617000
11/23/2010,TXT,21.719999,21.530001,21.389999,21.719999,2715300
11/24/2010,TXT,21.73,22.440001,21.690001,22.51,3081000
11/26/2010,TXT,22.09,22.059999,21.780001,22.379999,984400
11/29/2010,TXT,21.940001,22.35,21.85,22.4,2845100
11/30/2010,TXT,21.959999,22.360001,21.91,22.469999,3818000
12/1/2010,TXT,22.9,22.98,22.690001,23.290001,5629500
12/2/2010,TXT,22.959999,23.4,22.84,23.639999,4114800
12/3/2010,TXT,23.27,23.700001,23.120001,23.76,2407500
12/6/2010,TXT,23.549999,23.23,23.17,23.59,4188900
12/7/2010,TXT,23.719999,23.15,23.139999,23.809999,3765200
12/8/2010,TXT,23.23,23.08,22.959999,23.370001,2251400
12/9/2010,TXT,23.209999,23.09,22.9,23.209999,3402200
12/10/2010,TXT,23.190001,23.4,23,23.6,3229400
12/13/2010,TXT,23.52,23.66,23.48,23.950001,3822800
12/14/2010,TXT,23.68,23.889999,23.66,24.18,2503200
12/15/2010,TXT,23.809999,23.469999,23.4,23.879999,2601000
12/16/2010,TXT,23.559999,23.35,23.25,23.700001,2135400
12/17/2010,TXT,23.4,23.290001,23.209999,23.57,2878400
12/20/2010,TXT,23.34,23.59,23.27,23.76,2016300
12/21/2010,TXT,23.67,23.49,23.48,23.84,2166600
12/22/2010,TXT,23.5,23.309999,23.219999,23.5,2833800
12/23/2010,TXT,23.290001,23.84,23.25,23.9,2074200
12/27/2010,TXT,23.65,23.98,23.57,24.02,1309900
12/28/2010,TXT,24,23.889999,23.559999,24,1646900
12/29/2010,TXT,23.99,23.639999,23.559999,23.99,1798900
12/30/2010,TXT,23.58,23.57,23.440001,23.709999,1249800
12/31/2010,TXT,23.540001,23.639999,23.41,23.870001,1457800
1/3/2011,TXT,23.860001,24.01,23.77,24.299999,2812500
1/4/2011,TXT,24,23.75,23.559999,24.16,3794400
1/5/2011,TXT,23.530001,24.290001,23.5,24.309999,2477900
1/6/2011,TXT,24.25,24.459999,24.25,24.68,2610400
1/7/2011,TXT,24.49,24.190001,24.17,24.75,2486200
1/10/2011,TXT,23.969999,24.33,23.799999,24.360001,1568800
1/11/2011,TXT,24.440001,24.34,24.16,24.540001,1512400
1/12/2011,TXT,24.639999,24.92,24.559999,25.07,3104400
1/13/2011,TXT,24.940001,25.200001,24.77,25.200001,2642100
1/14/2011,TXT,25.07,25.34,24.84,25.379999,2288800
1/18/2011,TXT,25.309999,26.01,25.299999,26.08,4135300
1/19/2011,TXT,25.940001,25.459999,25.370001,26.139999,3087100
1/20/2011,TXT,25.51,26.049999,25.469999,26.360001,5685300
1/21/2011,TXT,26.219999,26.629999,26.190001,26.780001,4746600
1/24/2011,TXT,26.67,27.139999,26.34,27.200001,4568100
1/25/2011,TXT,26.950001,27.07,26.309999,27.09,6075300
1/26/2011,TXT,26.16,26.67,25.799999,27.040001,8315300
1/27/2011,TXT,26.870001,26.98,26.719999,27.110001,3445600
1/28/2011,TXT,27.09,26.32,26.24,27.35,3592800
1/31/2011,TXT,26.35,26.290001,26.200001,26.610001,4675000
2/1/2011,TXT,26.59,26.75,26.129999,27.219999,6211900
2/2/2011,TXT,26.620001,26.77,26.4,26.82,4042400
2/3/2011,TXT,26.700001,27.290001,26.459999,27.4,3479100
2/4/2011,TXT,27.379999,27.200001,26.91,27.43,2914300
2/7/2011,TXT,27.24,27.74,27.209999,27.85,2901600
2/8/2011,TXT,27.84,27.91,27.389999,27.99,3816700
2/9/2011,TXT,27.73,27.370001,27.219999,27.73,3047900
2/10/2011,TXT,27.17,27.139999,26.92,27.360001,2750000
2/11/2011,TXT,26.98,27.6,26.690001,27.6,3832500
2/14/2011,TXT,27.51,27.389999,27.360001,27.76,1963900
2/15/2011,TXT,27.309999,27.610001,27.16,27.879999,2671100
2/16/2011,TXT,27.700001,27.959999,27.65,28.209999,3031100
2/17/2011,TXT,27.780001,28.32,27.74,28.639999,2581200
2/18/2011,TXT,28.35,28.5,28.35,28.870001,3203200
2/22/2011,TXT,28.52,27.26,27.129999,28.66,4635400
2/23/2011,TXT,27.200001,26.57,25.959999,27.610001,5117300
2/24/2011,TXT,26.5,26.5,25.889999,26.85,3059600
2/25/2011,TXT,26.719999,27.15,26.57,27.17,1913400
2/28/2011,TXT,27.23,27.09,26.860001,27.57,3280100
3/1/2011,TXT,27.190001,26.25,26.02,27.23,5728700
3/2/2011,TXT,26.139999,26.27,26,26.57,3645900
3/3/2011,TXT,26.709999,27.309999,26.65,27.610001,4380500
3/4/2011,TXT,27.26,26.99,26.639999,27.309999,2716900
3/7/2011,TXT,27.129999,26.639999,26.35,27.52,4611900
3/8/2011,TXT,26.59,27.32,26.379999,27.440001,4317300
3/9/2011,TXT,27.16,27.530001,26.969999,27.57,3992200
3/10/2011,TXT,27.030001,26.49,26.48,27.379999,5294600
3/11/2011,TXT,26.290001,26.66,26.09,26.75,2837500
3/14/2011,TXT,26.299999,26.33,25.9,26.43,3224000
3/15/2011,TXT,25.25,25.629999,24.49,25.85,6295200
3/16/2011,TXT,25.469999,25.049999,24.549999,25.59,7231900
3/17/2011,TXT,25.51,25.299999,25.18,25.719999,3562200
3/18/2011,TXT,25.76,25.5,25.309999,26,3872900
3/21/2011,TXT,26.299999,26.870001,25.91,26.940001,4318900
3/22/2011,TXT,26.870001,26.370001,26.32,26.98,2952600
3/23/2011,TXT,26.780001,27.469999,26.540001,27.620001,5203100
3/24/2011,TXT,27.690001,27.309999,27.030001,27.76,3152400
3/25/2011,TXT,27.41,27.01,26.959999,27.58,3330900
3/28/2011,TXT,27.16,26.91,26.77,27.32,1834500
3/29/2011,TXT,26.84,26.99,26.549999,27.07,1639000
3/30/2011,TXT,27.200001,27.15,26.99,27.299999,1872200
3/31/2011,TXT,27.1,27.389999,26.860001,27.51,2504600
4/1/2011,TXT,27.73,27.4,27.24,27.959999,3258000
4/4/2011,TXT,27.5,27.6,27.27,27.620001,2526000
4/5/2011,TXT,27.43,28.110001,27.27,28.24,3706000
4/6/2011,TXT,28.389999,28.02,27.73,28.65,2938100
4/7/2011,TXT,27.959999,27.83,27.700001,28.25,2777700
4/8/2011,TXT,27.940001,27.17,27.030001,28.190001,3148900
4/11/2011,TXT,27.219999,27.18,26.950001,27.530001,3483400
4/12/2011,TXT,26.950001,26.879999,26.59,27.190001,3891800
4/13/2011,TXT,27.08,26.6,26.32,27.08,1836400
4/14/2011,TXT,25.940001,26.27,25.67,26.48,3142500
4/15/2011,TXT,26.450001,26.26,26.110001,26.620001,3883100
4/18/2011,TXT,25.799999,25.780001,25.52,25.940001,3136200
4/19/2011,TXT,25.809999,25.790001,25.690001,26.219999,4963800
4/20/2011,TXT,24.530001,25.51,24.469999,25.610001,9099400
4/21/2011,TXT,25.6,25.58,25.26,25.719999,4438600
4/25/2011,TXT,25.57,25.549999,25.25,25.76,4002000
4/26/2011,TXT,25.719999,25.77,25.690001,26.35,3200000
4/27/2011,TXT,25.84,25.84,25.540001,25.99,3958900
4/28/2011,TXT,25.84,25.84,25.68,26.08,1973500
4/29/2011,TXT,25.9,26.1,25.860001,26.370001,2732600
5/2/2011,TXT,26.26,25.91,25.870001,26.309999,1987800
5/3/2011,TXT,25.4,25.4,25.059999,25.700001,4775700
5/4/2011,TXT,25.41,24.940001,24.58,25.43,4820400
5/5/2011,TXT,24.73,24.709999,24.57,25.27,2962200
5/6/2011,TXT,25.129999,24.99,24.879999,25.32,4187300
5/9/2011,TXT,25,24.98,24.91,25.209999,2233300
5/10/2011,TXT,25.049999,24.969999,24.84,25.25,3097400
5/11/2011,TXT,25.030001,24.84,24.5,25.07,3228600
5/12/2011,TXT,24.700001,24.809999,24.360001,24.870001,3370500
5/13/2011,TXT,24.879999,24.610001,24.42,24.92,3737600
5/16/2011,TXT,24.43,24.299999,24.24,24.610001,2891900
5/17/2011,TXT,24.129999,23.450001,23.219999,24.16,6250300
5/18/2011,TXT,23.389999,23.620001,23.360001,24.15,6834600
5/19/2011,TXT,23.73,23.42,23.26,23.92,4771400
5/20/2011,TXT,23.34,22.98,22.91,23.42,5415100
5/23/2011,TXT,22.690001,22.09,22.09,22.790001,7907300
5/24/2011,TXT,22.18,22.379999,22.02,22.440001,7974200
5/25/2011,TXT,22.219999,22.620001,22.190001,22.809999,3374700
5/26/2011,TXT,22.51,22.24,22.02,22.51,3905700
5/27/2011,TXT,22.32,22.469999,22.27,22.57,3908800
5/31/2011,TXT,22.780001,22.879999,22.629999,23.040001,5853300
6/1/2011,TXT,22.74,22.32,22.309999,22.85,5262500
6/2/2011,TXT,22.309999,22.440001,22.23,22.700001,3931600
6/3/2011,TXT,22.030001,21.92,21.870001,22.389999,2999800
6/6/2011,TXT,21.790001,21.879999,21.719999,22.08,3274000
6/7/2011,TXT,21.969999,21.559999,21.52,22.040001,4544900
6/8/2011,TXT,21.48,21.209999,21.209999,21.67,4374900
6/9/2011,TXT,21.27,21.42,21.07,21.52,4626400
6/10/2011,TXT,21.309999,21.02,20.860001,21.35,5611000
6/13/2011,TXT,21.059999,21.200001,20.969999,21.35,3725900
6/14/2011,TXT,21.49,21.639999,21.4,21.9,5498000
6/15/2011,TXT,21.43,21.379999,21.26,21.73,3211800
6/16/2011,TXT,21.35,21.57,21.290001,21.93,4048200
6/17/2011,TXT,21.780001,21.74,21.6,21.98,4312200
6/20/2011,TXT,21.6,22.17,21.559999,22.219999,3968800
6/21/2011,TXT,22.43,22.879999,22.290001,22.969999,4430200
6/22/2011,TXT,22.709999,22.68,22.620001,22.99,4374100
6/23/2011,TXT,22.309999,22.889999,22,22.959999,6919400
6/24/2011,TXT,22.9,22.360001,22.26,22.959999,5366500
6/27/2011,TXT,22.360001,22.440001,22.049999,22.540001,1964600
6/28/2011,TXT,22.540001,22.690001,22.459999,22.83,3995900
6/29/2011,TXT,22.860001,23.209999,22.68,23.27,3471100
6/30/2011,TXT,23.280001,23.610001,23.23,23.76,6705800
7/1/2011,TXT,23.700001,23.940001,23.559999,24.15,4105900
7/5/2011,TXT,23.870001,22.73,22.59,23.870001,8282700
7/6/2011,TXT,22.74,22.629999,22.5,22.940001,3741400
7/7/2011,TXT,22.940001,23.459999,22.870001,23.610001,4747000
7/8/2011,TXT,23.08,23.299999,22.75,23.34,4674200
7/11/2011,TXT,22.860001,22.200001,22.059999,22.870001,4274500
7/12/2011,TXT,22.059999,22.07,22,22.23,3289500
7/13/2011,TXT,22.200001,22.18,22.09,22.549999,3055100
7/14/2011,TXT,22.190001,21.91,21.709999,22.440001,4785600
7/15/2011,TXT,22,21.809999,21.59,22.1,3203600
7/18/2011,TXT,21.67,21.440001,21.26,21.84,2926000
7/19/2011,TXT,21.549999,22.120001,21.5,22.35,4452700
7/20/2011,TXT,23.27,24.43,22.35,24.690001,12615100
7/21/2011,TXT,24.459999,24.68,24.190001,25.17,5867500
7/22/2011,TXT,24.65,24.76,24.34,25.049999,3360400
7/25/2011,TXT,24.780001,24.780001,24.389999,25.030001,4606200
7/26/2011,TXT,24.799999,24.690001,24.41,24.82,3658400
7/27/2011,TXT,24.43,23.49,23.469999,24.52,6574800
7/28/2011,TXT,23.48,23.01,23,23.9,4361300
7/29/2011,TXT,22.889999,23.129999,22.5,23.42,5392800
8/1/2011,TXT,23.42,22.27,21.9,23.440001,7807000
8/2/2011,TXT,21.940001,21.01,20.950001,22.34,6328900
8/3/2011,TXT,21,20.66,20.07,21.15,8573600
8/4/2011,TXT,20.280001,19,19,20.280001,7977900
8/5/2011,TXT,19.219999,18.59,18.02,19.290001,10755300
8/8/2011,TXT,17.85,16.379999,16.33,18.200001,12012900
8/9/2011,TXT,16.52,17.450001,16.17,17.469999,8195900
8/10/2011,TXT,16.969999,16.24,16.23,17.209999,13449400
8/11/2011,TXT,16.4,16.950001,16.32,17.24,9257100
8/12/2011,TXT,17.26,17.049999,16.709999,17.389999,4841600
8/15/2011,TXT,17.209999,17.139999,16.950001,17.49,5863700
8/16/2011,TXT,16.809999,16.959999,16.780001,17.17,5521600
8/17/2011,TXT,17.129999,16.74,16.66,17.18,6426700
8/18/2011,TXT,16.09,15.47,15.26,16.09,8919300
8/19/2011,TXT,15.17,15.21,15.12,15.78,7233300
8/22/2011,TXT,15.64,14.88,14.82,15.65,6502300
8/23/2011,TXT,14.98,15.21,14.76,15.21,6982700
8/24/2011,TXT,15.2,15.77,15.07,15.77,9083300
8/25/2011,TXT,15.92,15.05,15.01,16.049999,8077500
8/26/2011,TXT,14.92,15.64,14.66,15.75,4891900
8/29/2011,TXT,15.97,16.450001,15.87,16.49,4914800
8/30/2011,TXT,16.360001,16.709999,16.18,16.870001,5103700
8/31/2011,TXT,16.879999,16.870001,16.65,17.040001,5841800
9/1/2011,TXT,16.940001,16.41,16.370001,17.1,3192600
9/2/2011,TXT,15.96,15.56,15.46,16.07,4215300
9/6/2011,TXT,14.81,15.11,14.76,15.26,4956800
9/7/2011,TXT,15.4,15.66,15.25,15.69,5311500
9/8/2011,TXT,15.55,15.6,15.48,15.94,7594800
9/9/2011,TXT,15.34,15.26,15.09,15.54,6930600
9/12/2011,TXT,14.93,15.39,14.81,15.45,5529800
9/13/2011,TXT,15.39,15.75,15.25,15.89,5793200
9/14/2011,TXT,15.86,16.76,15.41,17.030001,19815300
9/15/2011,TXT,17.049999,17.450001,17.049999,17.719999,10725800
9/16/2011,TXT,17.610001,18.629999,17.530001,19.23,17950500
9/19/2011,TXT,17.98,17.57,16.969999,18.200001,15517100
9/20/2011,TXT,17.700001,17.6,17.48,17.969999,5985700
9/21/2011,TXT,17.58,16.93,16.91,17.98,8156500
9/22/2011,TXT,16.059999,16.41,15.89,16.610001,10912900
9/23/2011,TXT,16.219999,16.93,16.18,17.26,5199400
9/26/2011,TXT,17.219999,17.99,17.1,18.030001,6512200
9/27/2011,TXT,18.65,18.690001,18.34,19.01,10021700
9/28/2011,TXT,18.74,18.200001,18.1,19.309999,11147400
9/29/2011,TXT,18.73,18.23,17.98,18.780001,10601100
9/30/2011,TXT,17.799999,17.639999,17.59,18.200001,6692600
10/3/2011,TXT,17.469999,16.719999,16.68,18.24,11538900
10/4/2011,TXT,16.51,17.530001,16.370001,17.57,10500000
10/5/2011,TXT,17.67,18.030001,17.469999,18.08,8118700
10/6/2011,TXT,18.059999,18.469999,17.92,18.5,7502800
10/7/2011,TXT,18.68,18.34,18.139999,18.719999,6152000
10/10/2011,TXT,18.809999,18.620001,18.33,18.809999,7985000
10/11/2011,TXT,18.49,18.48,18.299999,18.58,7586800
10/12/2011,TXT,18.549999,18.299999,18.26,18.58,12721900
10/13/2011,TXT,18.16,18.07,17.629999,18.280001,5041500
10/14/2011,TXT,18.379999,18.540001,18.200001,18.540001,3330700
10/17/2011,TXT,18.450001,18,17.959999,18.549999,7230700
10/18/2011,TXT,17.940001,18.66,17.76,18.790001,7156500
10/19/2011,TXT,18.92,18.59,18.49,19.24,6610000
10/20/2011,TXT,18.42,18.34,17.940001,18.65,5039400
10/21/2011,TXT,18.639999,19.07,18.57,19.110001,4487700
10/24/2011,TXT,19.129999,19.620001,19.120001,19.700001,4367600
10/25/2011,TXT,19.35,18.77,18.74,19.360001,4691700
10/26/2011,TXT,19.09,18.43,18.15,19.23,6741000
10/27/2011,TXT,19.299999,20.110001,19.15,20.41,7233700
10/28/2011,TXT,19.870001,20.299999,19.639999,20.33,4693300
10/31/2011,TXT,19.959999,19.42,19.42,20.040001,3648300
11/1/2011,TXT,18.59,18.620001,18.459999,19.17,5935800
11/2/2011,TXT,19.26,18.280001,18.16,19.26,7158100
11/3/2011,TXT,18.629999,18.92,18.280001,19.01,5443800
11/4/2011,TXT,18.51,18.610001,18.42,18.799999,4215600
11/7/2011,TXT,18.459999,18.48,18.08,18.559999,4037700
11/8/2011,TXT,18.57,18.75,18.26,18.809999,2604600
11/9/2011,TXT,18.18,17.98,17.92,18.27,4598100
11/10/2011,TXT,18.290001,18.370001,18.07,18.51,3129100
11/11/2011,TXT,18.799999,18.690001,18.620001,18.92,2550000
11/14/2011,TXT,18.610001,18.74,18.59,19.059999,2637100
11/15/2011,TXT,18.610001,18.73,18.41,18.860001,3787700
11/16/2011,TXT,18.440001,18.41,18.27,18.870001,2890800
11/17/2011,TXT,18.299999,18.01,17.67,18.360001,5398400
11/18/2011,TXT,18.23,18.52,18.190001,18.540001,6701000
11/21/2011,TXT,17.879999,18.09,17.549999,18.16,4706500
11/22/2011,TXT,18,18.01,17.74,18.16,2815700
11/23/2011,TXT,17.709999,17.41,17.360001,17.75,3233400
11/25/2011,TXT,17.35,17.33,17.23,17.719999,991700
11/28/2011,TXT,18.059999,18.549999,17.99,18.74,4710800
11/29/2011,TXT,18.610001,18.639999,18.41,18.870001,3449700
11/30/2011,TXT,19.360001,19.43,19.190001,19.68,5602300
12/1/2011,TXT,19.27,19.389999,19.18,19.66,3863200
12/2/2011,TXT,19.68,19.049999,19.040001,19.709999,3499400
12/5/2011,TXT,19.49,19.280001,19.049999,19.540001,3780600
12/6/2011,TXT,19.24,18.83,18.73,19.32,3329400
12/7/2011,TXT,18.82,18.76,18.51,18.940001,2882600
12/8/2011,TXT,18.540001,17.940001,17.860001,18.690001,5219700
12/9/2011,TXT,18.059999,18.209999,17.83,18.280001,6887600
12/12/2011,TXT,18.01,18.040001,17.65,18.120001,3687000
12/13/2011,TXT,18.200001,17.35,17.23,18.24,5232900
12/14/2011,TXT,17.16,17,16.860001,17.440001,6488800
12/15/2011,TXT,17.299999,17.219999,17.030001,17.370001,3942800
12/16/2011,TXT,17.57,17.82,17.5,17.889999,5702500
12/19/2011,TXT,17.74,17.190001,17.139999,17.91,3604800
12/20/2011,TXT,17.59,18.379999,17.59,18.43,4150800
12/21/2011,TXT,18.41,18.33,18.049999,18.48,2933300
12/22/2011,TXT,18.370001,18.639999,18.27,18.74,1911800
12/23/2011,TXT,18.67,18.77,18.5,18.780001,1441800
12/27/2011,TXT,18.719999,18.6,18.59,18.879999,1162900
12/28/2011,TXT,18.66,18.16,17.940001,18.67,2721800
12/29/2011,TXT,18.16,18.34,18.15,18.389999,1632900
12/30/2011,TXT,18.25,18.49,18.24,18.629999,1499600
1/3/2012,TXT,18.969999,18.639999,18.6,19.25,3520600
1/4/2012,TXT,18.610001,19.01,18.370001,19.040001,3673400
1/5/2012,TXT,18.799999,19.110001,18.59,19.18,3897600
1/6/2012,TXT,19.129999,19.120001,18.950001,19.209999,2957700
1/9/2012,TXT,19.139999,19.07,18.860001,19.18,3476600
1/10/2012,TXT,19.370001,20.17,19.290001,20.26,10319500
1/11/2012,TXT,21.18,21.32,21.02,22,12127600
1/12/2012,TXT,21.360001,21.32,21.17,21.5,4668500
1/13/2012,TXT,21.02,21.18,20.940001,21.469999,3303200
1/17/2012,TXT,21.549999,21.67,21.450001,22.120001,5163000
1/18/2012,TXT,21.129999,21.6,21.120001,21.709999,6771400
1/19/2012,TXT,21.66,21.639999,21.52,22.01,4492300
1/20/2012,TXT,21.6,21.5,21.33,21.700001,5292000
1/23/2012,TXT,21.549999,21.75,21.51,22.280001,4771500
1/24/2012,TXT,21.51,21.610001,21.389999,22.02,5618100
1/25/2012,TXT,23.98,24.76,23.82,25.120001,17916900
1/26/2012,TXT,24.559999,24.74,24.07,25.040001,8131000
1/27/2012,TXT,24.559999,25.209999,24.450001,25.49,4590000
1/30/2012,TXT,24.93,25.43,24.67,25.67,4942000
1/31/2012,TXT,25.549999,25.48,25.129999,25.84,6301400
2/1/2012,TXT,25.709999,25.66,25.370001,25.959999,5254900
2/2/2012,TXT,25.709999,25.5,25.33,25.870001,3271300
2/3/2012,TXT,26,26.030001,25.82,26.07,4828100
2/6/2012,TXT,25.790001,25.93,25.67,26.120001,4904700
2/7/2012,TXT,25.83,26.360001,25.780001,26.5,7168800
2/8/2012,TXT,26.33,27.07,26.33,27.200001,7178700
2/9/2012,TXT,27.290001,26.99,26.690001,27.290001,4172900
2/10/2012,TXT,26.620001,26.959999,26.4,27.01,2938400
2/13/2012,TXT,27.110001,28.040001,26.98,28.07,6282100
2/14/2012,TXT,28.17,27.98,27.700001,28.290001,6669200
2/15/2012,TXT,28.1,27.43,27.299999,28.1,5209500
2/16/2012,TXT,27.370001,27.870001,27.35,27.879999,3969500
2/17/2012,TXT,28.02,27.950001,27.66,28.15,2300900
2/21/2012,TXT,27.969999,27.700001,27.530001,28.08,2580400
2/22/2012,TXT,27.559999,27.77,27.4,27.889999,2419400
2/23/2012,TXT,27.74,27.719999,27.41,27.92,4014800
2/24/2012,TXT,27.74,27.65,27.559999,28.059999,2148200
2/27/2012,TXT,27.4,27.52,27.190001,27.67,3152200
2/28/2012,TXT,27.6,27.82,27.32,27.83,4192100
2/29/2012,TXT,27.790001,27.51,27.41,27.99,3459300
3/1/2012,TXT,27.530001,27.76,27.41,27.92,3015900
3/2/2012,TXT,27.65,27.02,26.93,27.790001,3372100
3/5/2012,TXT,26.98,26.51,26.360001,27,3416900
3/6/2012,TXT,25.790001,25.34,25.27,25.92,6378400
3/7/2012,TXT,25.450001,26.129999,25.370001,26.24,4254200
3/8/2012,TXT,26.360001,26.65,26.209999,26.75,2325800
3/9/2012,TXT,26.690001,27.01,26.620001,27.17,2546900
3/12/2012,TXT,27,27.049999,26.690001,27.16,2884500
3/13/2012,TXT,27.09,27.68,27.08,27.700001,3240800
3/14/2012,TXT,27.629999,27.51,27.33,27.780001,2133500
3/15/2012,TXT,27.51,27.709999,27.33,27.75,2544400
3/16/2012,TXT,27.74,27.48,27.33,27.83,3562900
3/19/2012,TXT,27.48,27.389999,27.219999,27.620001,2123200
3/20/2012,TXT,27.15,26.620001,26.48,27.219999,3607700
3/21/2012,TXT,26.700001,26.959999,26.67,27.110001,3234700
3/22/2012,TXT,26.59,26.43,26.1,26.709999,2344900
3/23/2012,TXT,26.700001,27.139999,26.42,27.299999,3008500
3/26/2012,TXT,27.41,27.799999,27.41,27.92,2870500
3/27/2012,TXT,27.809999,27.780001,27.610001,27.98,2567200
3/28/2012,TXT,27.709999,27.34,27,27.76,2563500
3/29/2012,TXT,27.08,27.969999,26.9,28.110001,4153500
3/30/2012,TXT,28.110001,27.83,27.52,28.200001,2311500
4/2/2012,TXT,27.799999,28.84,27.639999,29.08,4959800
4/3/2012,TXT,28.84,28.889999,28.370001,29.18,5355800
4/4/2012,TXT,28.360001,28.379999,28.120001,28.610001,4205000
4/5/2012,TXT,28.24,27.67,27.639999,28.4,2767800
4/9/2012,TXT,27.18,27.01,26.74,27.18,2553300
4/10/2012,TXT,26.940001,26.4,26.32,27.049999,3948800
4/11/2012,TXT,26.82,26.93,26.690001,27.27,2996900
4/12/2012,TXT,26.950001,27.35,26.83,27.549999,2138800
4/13/2012,TXT,27.360001,26.85,26.84,27.43,2759100
4/16/2012,TXT,27.1,27.01,26.6,27.26,2160900
4/17/2012,TXT,27.25,27.65,27.23,27.99,3783400
4/18/2012,TXT,27.549999,26.65,26.110001,27.629999,8549800
4/19/2012,TXT,26.799999,26.35,26.139999,27.139999,4875600
4/20/2012,TXT,26.610001,26.75,26.610001,27.040001,3072900
4/23/2012,TXT,26.360001,26.190001,25.870001,26.42,2877800
4/24/2012,TXT,26.290001,26.639999,26.110001,26.68,2369900
4/25/2012,TXT,26.950001,26.84,26.629999,27,1967600
4/26/2012,TXT,26.799999,26.799999,26.58,26.92,2221000
4/27/2012,TXT,26.940001,27.01,26.690001,27.110001,1909900
4/30/2012,TXT,26.91,26.639999,26.51,26.98,2333700
5/1/2012,TXT,26.58,26.48,26.23,27.120001,2640500
5/2/2012,TXT,26.32,26.530001,26.18,26.690001,1974200
5/3/2012,TXT,26.610001,26.09,25.99,26.639999,1621500
5/4/2012,TXT,26,25.5,25.290001,26.040001,2855000
5/7/2012,TXT,25.32,25.059999,24.91,25.440001,3055100
5/8/2012,TXT,24.780001,24.68,24.379999,24.790001,3617200
5/9/2012,TXT,24.360001,24.190001,23.93,24.49,4985900
5/10/2012,TXT,24.43,24.23,24.15,24.58,1774600
5/11/2012,TXT,24.040001,24.09,23.98,24.41,1592700
5/14/2012,TXT,23.68,23.629999,23.5,24,2238700
5/15/2012,TXT,23.559999,23.52,23.370001,23.809999,2826600
5/16/2012,TXT,23.68,23.16,23.059999,23.84,2737200
5/17/2012,TXT,23.15,22.219999,22.139999,23.17,4194400
5/18/2012,TXT,22.25,22.35,21.969999,22.860001,5218400
5/21/2012,TXT,22.42,23.5,22.42,23.610001,3424300
5/22/2012,TXT,23.51,23.450001,23.26,23.620001,2972800
5/23/2012,TXT,23.18,23.73,22.92,23.82,2226100
5/24/2012,TXT,23.809999,23.780001,23.34,23.940001,2037300
5/25/2012,TXT,23.790001,23.52,23.42,23.83,1247600
5/29/2012,TXT,23.83,24.190001,23.639999,24.23,2366800
5/30/2012,TXT,23.84,23.459999,23.4,23.84,3045100
5/31/2012,TXT,23.450001,23.629999,22.9,23.84,2636800
6/1/2012,TXT,23.01,22.690001,22.530001,23.23,3220400
6/4/2012,TXT,22.76,22.700001,22.360001,22.85,2272400
6/5/2012,TXT,22.51,23.209999,22.51,23.32,2304800
6/6/2012,TXT,23.559999,24.16,23.469999,24.219999,2883900
6/7/2012,TXT,24.58,23.940001,23.870001,25.049999,3404600
6/8/2012,TXT,23.879999,24.309999,23.629999,24.33,2339500
6/11/2012,TXT,24.629999,23.58,23.530001,24.700001,2260500
6/12/2012,TXT,24.040001,24.52,23.73,24.610001,2843500
6/13/2012,TXT,24.360001,23.940001,23.799999,24.6,2260300
6/14/2012,TXT,23.959999,24.290001,23.85,24.4,2327000
6/15/2012,TXT,24.389999,24.84,24.379999,24.84,2016900
6/18/2012,TXT,24.6,24.74,24.34,24.84,2992200
6/19/2012,TXT,25.030001,25.49,24.940001,25.76,3993500
6/20/2012,TXT,25.450001,25.889999,25.32,26.18,2957900
6/21/2012,TXT,25.9,24.74,24.67,25.9,2129500
6/22/2012,TXT,24.950001,24.57,24.34,25.030001,2660900
6/25/2012,TXT,24.17,23.68,23.620001,24.17,2157200
6/26/2012,TXT,23.690001,23.459999,23.360001,23.860001,3349800
6/27/2012,TXT,23.610001,23.9,23.469999,23.950001,3525600
6/28/2012,TXT,23.6,23.82,23.459999,24.02,2455900
6/29/2012,TXT,24.49,24.870001,24.370001,24.950001,3303100
7/2/2012,TXT,24.940001,24.52,24.299999,24.98,2179100
7/3/2012,TXT,24.530001,25.1,24.440001,25.129999,1318400
7/5/2012,TXT,24.940001,24.860001,24.77,25.110001,1438700
7/6/2012,TXT,24.49,24.23,23.969999,24.5,1770200
7/9/2012,TXT,24.280001,24.18,24.08,24.41,1564000
7/10/2012,TXT,24.15,23.200001,22.639999,24.15,6747900
7/11/2012,TXT,23.190001,22.49,22.469999,23.299999,6535300
7/12/2012,TXT,22.309999,22.76,22.15,22.99,3691600
7/13/2012,TXT,22.780001,23.15,22.66,23.26,3073200
7/16/2012,TXT,23.030001,22.969999,22.6,23.200001,2038400
7/17/2012,TXT,23.23,22.969999,22.76,23.629999,4379400
7/18/2012,TXT,22.860001,23.76,22.780001,24.42,6668000
7/19/2012,TXT,25.84,26.5,25.200001,26.700001,9284600
7/20/2012,TXT,26.5,26.309999,26.190001,27.040001,5535700
7/23/2012,TXT,25.629999,25.889999,25.219999,26.02,3454400
7/24/2012,TXT,25.879999,25.209999,24.99,25.959999,3826900
7/25/2012,TXT,25.51,25.309999,24.950001,25.85,3175500
7/26/2012,TXT,25.940001,25.57,24.860001,26.200001,5226200
7/27/2012,TXT,25.950001,26.4,25.540001,26.52,3160900
7/30/2012,TXT,26.35,26.360001,25.98,26.549999,2292200
7/31/2012,TXT,26.24,26.049999,26.030001,26.59,2167300
8/1/2012,TXT,26.219999,25.4,25.200001,26.360001,3563200
8/2/2012,TXT,25.219999,25.200001,24.780001,25.700001,3344900
8/3/2012,TXT,25.780001,26.459999,25.75,26.65,2966200
8/6/2012,TXT,26.450001,26.110001,26.08,26.52,1889500
8/7/2012,TXT,26.35,26.83,26.24,27.639999,5867200
8/8/2012,TXT,26.59,26.530001,26.08,26.82,4152900
8/9/2012,TXT,26.43,26.809999,26.389999,26.99,2006700
8/10/2012,TXT,26.57,26.83,26.440001,26.85,1798300
8/13/2012,TXT,26.690001,26.940001,26.59,26.950001,3054300
8/14/2012,TXT,27,26.790001,26.709999,27.190001,2782300
8/15/2012,TXT,26.68,26.799999,26.51,26.98,2322100
8/16/2012,TXT,26.85,27,26.6,27.200001,2359400
8/17/2012,TXT,26.91,27.190001,26.809999,27.219999,2129900
8/20/2012,TXT,27.1,27.27,27.02,27.450001,1908700
8/21/2012,TXT,27.389999,27.1,27,27.65,2011300
8/22/2012,TXT,27.08,26.93,26.82,27.16,2067400
8/23/2012,TXT,26.84,26.58,26.440001,27.040001,2528200
8/24/2012,TXT,26.52,26.530001,26.049999,26.66,2366300
8/27/2012,TXT,26.65,26.440001,26.360001,26.83,2560100
8/28/2012,TXT,26.450001,26.49,26.27,26.66,2306300
8/29/2012,TXT,26.48,26.450001,26.110001,26.65,1407400
8/30/2012,TXT,26.200001,26.059999,25.83,26.219999,1296100
8/31/2012,TXT,26.34,26.719999,26.200001,26.92,2740400
9/4/2012,TXT,26.620001,26.41,25.99,26.709999,2752200
9/5/2012,TXT,26.360001,26.32,26.110001,26.540001,1746300
9/6/2012,TXT,26.610001,27.059999,26.5,27.209999,2595500
9/7/2012,TXT,27.129999,27.59,27.09,27.83,2620100
9/10/2012,TXT,27.35,27.110001,27.110001,27.459999,1986700
9/11/2012,TXT,27.09,27.09,26.84,27.15,2324100
9/12/2012,TXT,27.15,27.67,27.09,27.91,2932000
9/13/2012,TXT,27.59,28.190001,27.26,28.4,3755200
9/14/2012,TXT,28.190001,28.360001,28.120001,28.799999,3388300
9/17/2012,TXT,28.190001,28.219999,28.09,28.35,2545300
9/18/2012,TXT,28.18,27.860001,27.59,28.24,2051200
9/19/2012,TXT,27.83,27.940001,27.49,28.02,2473600
9/20/2012,TXT,27.629999,27.540001,27.120001,27.780001,2649200
9/21/2012,TXT,27.719999,27.120001,27.1,27.84,3106300
9/24/2012,TXT,26.959999,26.799999,26.6,26.98,2960900
9/25/2012,TXT,26.91,25.99,25.950001,27.01,4666200
9/26/2012,TXT,25.92,25.950001,25.49,26.15,3991500
9/27/2012,TXT,26.1,26.379999,25.74,26.59,4180500
9/28/2012,TXT,26.27,26.17,25.809999,26.35,2137500
10/1/2012,TXT,26.290001,26.459999,26.209999,26.75,2068700
10/2/2012,TXT,26.559999,25.780001,25.68,26.58,2017600
10/3/2012,TXT,25.879999,25.459999,25.389999,25.879999,2758700
10/4/2012,TXT,25.66,25.469999,25.290001,25.77,5058200
10/5/2012,TXT,25.73,25.780001,25.620001,26.23,1780600
10/8/2012,TXT,25.629999,25.629999,25.450001,25.879999,1567800
10/9/2012,TXT,25.65,25.26,25.190001,25.790001,3164200
10/10/2012,TXT,25.16,25.219999,24.950001,25.299999,2560100
10/11/2012,TXT,25.49,25.42,25.34,26.02,2717400
10/12/2012,TXT,25.450001,25.49,25.120001,25.68,2044900
10/15/2012,TXT,25.690001,26.32,25.549999,26.41,3039000
10/16/2012,TXT,26.66,26.459999,26.34,26.66,2448100
10/17/2012,TXT,24.32,24.950001,23.52,25.440001,10950000
10/18/2012,TXT,24.799999,25.75,24.4,26.18,6069600
10/19/2012,TXT,26.309999,25.51,25.309999,26.41,4151800
10/22/2012,TXT,25.440001,25.67,25.34,25.870001,2533800
10/23/2012,TXT,25.32,25.309999,24.82,25.43,2847400
10/24/2012,TXT,25.469999,25,24.98,25.59,2030800
10/25/2012,TXT,25.280001,25.51,25.209999,25.530001,2210300
10/26/2012,TXT,25.52,25.559999,25.370001,25.68,1623900
10/31/2012,TXT,25.440001,25.209999,25.08,25.59,3112600
11/1/2012,TXT,25.290001,25.59,25.290001,26.59,5158700
11/2/2012,TXT,25.74,25.07,25.059999,25.93,4101700
11/5/2012,TXT,25.01,25.18,24.83,25.26,2314700
11/6/2012,TXT,25.360001,25.190001,25,25.389999,3045700
11/7/2012,TXT,24.84,24.1,23.959999,24.879999,5468500
11/8/2012,TXT,23.940001,23.889999,23.809999,24.23,4649700
11/9/2012,TXT,23.709999,23.860001,23.639999,24.15,3229600
11/12/2012,TXT,23.91,23.790001,23.6,23.950001,2712100
11/13/2012,TXT,23.59,23.99,23.540001,24.459999,1941400
11/14/2012,TXT,24.049999,23.200001,23.17,24.190001,4074500
11/15/2012,TXT,23.18,23.139999,23.110001,23.48,2541600
11/16/2012,TXT,23.17,23.120001,22.879999,23.360001,3603900
11/19/2012,TXT,23.459999,23.57,23.290001,23.6,2187600
11/20/2012,TXT,23.450001,23.559999,23.33,23.68,1721900
11/21/2012,TXT,23.530001,23.59,23.48,23.75,1247200
11/23/2012,TXT,23.68,23.780001,23.57,23.82,491300
11/26/2012,TXT,23.6,23.809999,23.6,23.940001,1418100
11/27/2012,TXT,23.799999,23.700001,23.700001,24.07,2018400
11/28/2012,TXT,23.5,23.84,23.35,23.879999,1979100
11/29/2012,TXT,23.98,23.91,23.73,24.120001,1319400
11/30/2012,TXT,23.879999,23.49,23.42,23.950001,3377600
12/3/2012,TXT,23.620001,23.08,23.07,23.700001,2283700
12/4/2012,TXT,23.08,23.02,22.91,23.219999,2471300
12/5/2012,TXT,23.120001,23.17,22.84,23.459999,5018600
12/6/2012,TXT,23.16,23.65,23.02,23.65,2260600
12/7/2012,TXT,23.719999,23.790001,23.549999,23.950001,2239600
12/10/2012,TXT,23.75,24.190001,23.74,24.219999,2200300
12/11/2012,TXT,24.33,24.219999,24.18,24.549999,1900300
12/12/2012,TXT,24.23,24,23.98,24.49,2309700
12/13/2012,TXT,23.93,24.040001,23.860001,24.219999,2724800
12/14/2012,TXT,24,24.26,23.98,24.379999,3107400
12/17/2012,TXT,24.32,24.35,24.280001,24.549999,5319300
12/18/2012,TXT,24.370001,24.68,24.33,24.719999,2921600
12/19/2012,TXT,24.67,24.620001,24.58,24.860001,2545100
12/20/2012,TXT,24.57,24.709999,24.540001,24.77,2340700
12/21/2012,TXT,24.190001,24.48,24.16,24.620001,3081600
12/24/2012,TXT,24.41,24.41,24.32,24.48,671900
12/26/2012,TXT,24.43,24.17,24.01,24.43,2026900
12/27/2012,TXT,24.139999,24.299999,23.879999,24.389999,2404600
12/28/2012,TXT,24.030001,24.120001,23.9,24.26,1714300
12/31/2012,TXT,24.01,24.790001,23.940001,24.82,2377600
1/2/2013,TXT,25.33,25.48,25.120001,25.48,3282200
1/3/2013,TXT,25.469999,25.690001,25.35,25.950001,4971500
1/4/2013,TXT,26.02,26.23,26.01,26.530001,5109800
1/7/2013,TXT,26.42,26.4,26.059999,26.540001,2866200
1/8/2013,TXT,26.27,26.360001,26.17,26.41,2770500
1/9/2013,TXT,26.469999,26.370001,26.27,26.6,2071800
1/10/2013,TXT,26.5,26.610001,26.25,26.610001,3028000
1/11/2013,TXT,26.52,26.41,26.290001,26.65,2001500
1/14/2013,TXT,26.4,26.450001,26.16,26.5,1973700
1/15/2013,TXT,26.200001,26.41,26.15,26.469999,2424000
1/16/2013,TXT,26.209999,26.290001,26.08,26.389999,2124300
1/17/2013,TXT,26.42,27.09,26.4,27.200001,3749100
1/18/2013,TXT,27.17,27.219999,26.690001,27.219999,2379300
1/22/2013,TXT,27.200001,27.08,26.690001,27.219999,3389500
1/23/2013,TXT,26.82,27.84,26.6,28.08,6672400
1/24/2013,TXT,27.85,28.379999,27.83,28.450001,4931000
1/25/2013,TXT,28.67,28.75,28.360001,28.75,3042700
1/28/2013,TXT,28.790001,28.68,28.41,28.84,2340300
1/29/2013,TXT,28.620001,28.83,28.43,28.940001,2122900
1/30/2013,TXT,28.82,28.719999,28.639999,29.389999,2470700
1/31/2013,TXT,28.639999,28.76,28.639999,29.18,2788500
2/1/2013,TXT,29.040001,28.889999,28.799999,29.15,2692000
2/4/2013,TXT,28.68,28.59,28.540001,28.99,1505600
2/5/2013,TXT,28.75,28.84,28.67,28.99,1976500
2/6/2013,TXT,28.66,29.040001,28.57,29.129999,2090200
2/7/2013,TXT,29.08,28.93,28.52,29.219999,1892000
2/8/2013,TXT,28.92,29.309999,28.92,29.41,2412700
2/11/2013,TXT,29.32,29.559999,29.110001,29.58,2355300
2/12/2013,TXT,29.58,29.139999,29.110001,29.65,2171000
2/13/2013,TXT,29.209999,29.4,29.209999,29.75,1645700
2/14/2013,TXT,29.24,29.48,29.09,29.51,1856300
2/15/2013,TXT,29.450001,29.389999,29.280001,29.75,2739300
2/19/2013,TXT,29.459999,29.58,29.32,29.73,5240700
2/20/2013,TXT,29.52,29.219999,29.139999,29.700001,2483600
2/21/2013,TXT,29.120001,28.58,28.290001,29.120001,3380900
2/22/2013,TXT,28.690001,29.139999,28.690001,29.15,2036400
2/25/2013,TXT,29.290001,27.969999,27.969999,29.389999,3546400
2/26/2013,TXT,28.110001,28.059999,27.709999,28.25,2633400
2/27/2013,TXT,28.059999,28.799999,28.01,29.01,2148100
2/28/2013,TXT,28.85,28.85,28.83,29.24,2073100
3/1/2013,TXT,28.59,28.469999,28.23,28.799999,2529800
3/4/2013,TXT,28.33,28.639999,28.17,28.709999,2584900
3/5/2013,TXT,28.870001,29.43,28.870001,29.639999,2426400
3/6/2013,TXT,29.52,29.82,29.52,29.99,2747200
3/7/2013,TXT,29.77,29.66,29.620001,29.950001,1983000
3/8/2013,TXT,29.889999,30.4,29.82,30.459999,2185000
3/11/2013,TXT,30.17,30.700001,29.809999,30.77,2188100
3/12/2013,TXT,30.59,30.66,30.450001,30.93,2107900
3/13/2013,TXT,30.65,30.76,30.49,30.860001,1665700
3/14/2013,TXT,30.83,31.15,30.809999,31.190001,3778300
3/15/2013,TXT,31.01,31.049999,30.9,31.25,3947200
3/18/2013,TXT,30.690001,30.92,30.24,31.1,1718900
3/19/2013,TXT,31.07,30.700001,30.459999,31.16,1600700
3/20/2013,TXT,30.940001,31.209999,30.780001,31.299999,1898400
3/21/2013,TXT,31,30.709999,30.709999,31.219999,1396600
3/22/2013,TXT,30.91,30.75,30.65,31.110001,2073100
3/25/2013,TXT,30.59,29.690001,29.639999,30.83,3216800
3/26/2013,TXT,29.98,29.860001,29.690001,30.08,1749500
3/27/2013,TXT,29.65,29.5,29.219999,29.65,2036300
3/28/2013,TXT,29.59,29.809999,29.379999,29.860001,1822200
4/1/2013,TXT,29.82,29.190001,29.049999,29.860001,2355400
4/2/2013,TXT,29.34,28.77,28.57,29.52,2075900
4/3/2013,TXT,28.77,28.52,28.51,28.98,2349900
4/4/2013,TXT,28.58,28.790001,28.459999,28.809999,1954700
4/5/2013,TXT,28.299999,28.559999,28.16,28.719999,2929800
4/8/2013,TXT,28.530001,28.969999,28.43,28.969999,1902100
4/9/2013,TXT,29.08,28.68,28.59,29.08,2203700
4/10/2013,TXT,28.74,29.139999,28.74,29.290001,2329300
4/11/2013,TXT,29.16,29.940001,29.16,30.219999,3814700
4/12/2013,TXT,29.780001,29.809999,29.540001,29.860001,2135100
4/15/2013,TXT,29.559999,28.48,28.43,29.65,1803500
4/16/2013,TXT,28.790001,29.35,28.77,29.459999,4416200
4/17/2013,TXT,26.65,25.41,25.219999,26.719999,16627500
4/18/2013,TXT,26.07,25.76,25.6,26.299999,6123100
4/19/2013,TXT,25.860001,26.35,25.52,26.5,3735900
4/22/2013,TXT,26.41,25.780001,25.5,26.41,3170500
4/23/2013,TXT,25.91,25.719999,25.620001,26.209999,3934800
4/24/2013,TXT,25.790001,25.76,25.530001,26.049999,4019900
4/25/2013,TXT,25.93,26.18,25.91,26.440001,3909200
4/26/2013,TXT,26.02,26.059999,25.540001,26.15,5794000
4/29/2013,TXT,26.139999,26.139999,25.950001,26.33,1815200
4/30/2013,TXT,25.959999,25.75,25.629999,26.120001,2025900
5/1/2013,TXT,25.66,24.879999,24.870001,25.74,3943000
5/2/2013,TXT,25.02,25.57,24.91,25.66,6184500
5/3/2013,TXT,25.98,25.719999,25.700001,26.309999,4081900
5/6/2013,TXT,25.719999,26.76,25.68,26.780001,4385100
5/7/2013,TXT,26.9,26.9,26.780001,27.48,3447400
5/8/2013,TXT,26.860001,26.73,26.549999,26.879999,1557200
5/9/2013,TXT,26.74,27.040001,26.68,27.25,1814000
5/10/2013,TXT,27.02,27.129999,26.690001,27.129999,1979200
5/13/2013,TXT,27.110001,27.15,26.969999,27.23,2538800
5/14/2013,TXT,27.16,27.32,27.07,27.35,2447900
5/15/2013,TXT,27.25,27.610001,27.129999,27.629999,1589500
5/16/2013,TXT,27.49,27.6,27.42,27.809999,3976500
5/17/2013,TXT,27.77,28.25,27.690001,28.26,2524100
5/20/2013,TXT,28.120001,28.200001,28.040001,28.290001,2062200
5/21/2013,TXT,28.25,28.09,28,28.389999,2186900
5/22/2013,TXT,28.120001,27.280001,27.25,28.42,3667600
5/23/2013,TXT,26.93,27.15,26.77,27.34,2916400
5/24/2013,TXT,27,27.51,26.709999,27.66,2213600
5/28/2013,TXT,27.879999,27.799999,27.690001,28.18,2359900
5/29/2013,TXT,27.540001,26.940001,26.91,27.59,2588400
5/30/2013,TXT,26.629999,27.32,26.6,27.379999,2804200
5/31/2013,TXT,27.15,26.959999,26.959999,27.57,3021000
6/3/2013,TXT,27.049999,26.83,26.389999,27.18,1693900
6/4/2013,TXT,26.76,26.459999,26.299999,27.09,3356300
6/5/2013,TXT,26.360001,25.74,25.66,26.360001,1682700
6/6/2013,TXT,25.75,26.469999,25.67,26.469999,2068300
6/7/2013,TXT,26.620001,26.92,26.48,27.18,2628300
6/10/2013,TXT,26.959999,26.91,26.82,27.280001,2406200
6/11/2013,TXT,26.59,26.65,26.48,27.41,3465400
6/12/2013,TXT,26.92,26.120001,25.99,26.98,3303500
6/13/2013,TXT,26.129999,26.6,25.93,26.73,2252400
6/14/2013,TXT,26.559999,26.5,26.379999,26.860001,2031000
6/17/2013,TXT,26.75,27.09,26.620001,27.32,2608300
6/18/2013,TXT,27.16,27.18,26.9,27.32,2206300
6/19/2013,TXT,27.18,26.9,26.889999,27.309999,2477900
6/20/2013,TXT,26.559999,26.09,26.08,26.559999,3152400
6/21/2013,TXT,26.33,25.9,25.629999,26.33,3890000
6/24/2013,TXT,25.6,25.27,25.08,25.620001,2885500
6/25/2013,TXT,25.58,25.389999,25.379999,25.719999,2616600
6/26/2013,TXT,25.68,25.77,25.52,25.92,1587500
6/27/2013,TXT,26.01,26.379999,25.950001,26.450001,1062300
6/28/2013,TXT,26.219999,26.049999,26.02,26.34,3185600
7/1/2013,TXT,26.15,26.18,26.030001,26.440001,2042200
7/2/2013,TXT,26.110001,25.620001,25.530001,26.299999,1497400
7/3/2013,TXT,25.43,25.639999,25.360001,25.709999,875000
7/5/2013,TXT,25.91,26.24,25.82,26.25,1223500
7/8/2013,TXT,26.370001,26.309999,26.16,26.709999,4821700
7/9/2013,TXT,26.57,26.889999,26.49,26.940001,2763200
7/10/2013,TXT,26.889999,27.280001,26.82,27.35,2940700
7/11/2013,TXT,27.67,27.74,27.360001,27.77,2750900
7/12/2013,TXT,27.68,27.639999,27.35,27.969999,2370300
7/15/2013,TXT,27.58,27.719999,27.5,27.76,1796800
7/16/2013,TXT,27.690001,27.73,27.610001,27.93,3555900
7/17/2013,TXT,27.82,27.74,26.92,27.959999,6253000
7/18/2013,TXT,27.77,28.27,27.719999,28.440001,4095000
7/19/2013,TXT,28.309999,28.540001,28.040001,28.709999,2745800
7/22/2013,TXT,28.75,28.959999,28.66,29.25,3523000
7/23/2013,TXT,29,28.91,28.879999,29.4,2991600
7/24/2013,TXT,29.02,27.92,27.870001,29.09,3529700
7/25/2013,TXT,27.809999,27.83,27.57,28.059999,2800900
7/26/2013,TXT,27.629999,27.59,27.41,27.76,1359900
7/29/2013,TXT,27.34,27.65,27.34,27.66,1578000
7/30/2013,TXT,27.76,27.67,27.530001,27.860001,2186800
7/31/2013,TXT,27.75,27.379999,27.33,27.75,3024800
8/1/2013,TXT,27.690001,28.6,27.68,28.610001,3312000
8/2/2013,TXT,28.52,28.73,28.299999,28.73,2651000
8/5/2013,TXT,28.65,28.98,28.620001,29.129999,3786100
8/6/2013,TXT,28.91,28.459999,28.440001,28.959999,2124100
8/7/2013,TXT,28.34,28.17,27.99,28.5,1632000
8/8/2013,TXT,28.35,28.209999,28.18,28.629999,2446200
8/9/2013,TXT,28.18,28,27.92,28.34,1310700
8/12/2013,TXT,27.74,27.709999,27.67,28.16,1745500
8/13/2013,TXT,27.82,28.76,27.790001,28.9,3671500
8/14/2013,TXT,28.629999,28.309999,28.280001,28.83,1812800
8/15/2013,TXT,27.959999,27.860001,27.73,28.08,2253200
8/16/2013,TXT,27.74,27.6,27.42,28.030001,2292700
8/19/2013,TXT,27.450001,27.25,27.139999,27.530001,2454300
8/20/2013,TXT,27.25,27.200001,27.16,27.450001,1418500
8/21/2013,TXT,27.139999,27.26,27.040001,27.6,2223400
8/22/2013,TXT,27.389999,27.549999,27.360001,27.68,953600
8/23/2013,TXT,27.610001,27.75,27.559999,27.860001,1324300
8/26/2013,TXT,27.85,27.610001,27.57,28.1,1124400
8/27/2013,TXT,27.25,26.65,26.620001,27.42,1647400
8/28/2013,TXT,26.629999,26.809999,26.540001,26.9,1724900
8/29/2013,TXT,26.66,27.41,26.66,27.41,2296800
8/30/2013,TXT,27.49,26.940001,26.860001,27.49,1604100
9/3/2013,TXT,27.33,27.280001,27.07,27.620001,1460100
9/4/2013,TXT,27.209999,27.549999,27.07,27.6,2071600
9/5/2013,TXT,27.540001,28.059999,27.469999,28.08,1783900
9/6/2013,TXT,28.139999,28.17,27.700001,28.43,1884300
9/9/2013,TXT,28.23,28.959999,28.23,29.07,2614100
9/10/2013,TXT,29.129999,29.5,29.1,29.809999,3514800
9/11/2013,TXT,29.48,29.379999,29.25,29.57,2008300
9/12/2013,TXT,29.389999,28.43,28.290001,29.41,4247500
9/13/2013,TXT,28.379999,28.67,27.98,28.719999,2593800
9/16/2013,TXT,29.059999,29.049999,28.860001,29.23,1576100
9/17/2013,TXT,29.040001,29.35,28.98,29.379999,1559700
9/18/2013,TXT,29.33,29.309999,28.959999,29.48,1844600
9/19/2013,TXT,29.42,29,28.870001,29.42,1770300
9/20/2013,TXT,29,28.469999,28.469999,29.040001,2537100
9/23/2013,TXT,28.469999,28.209999,28.08,28.469999,1858600
9/24/2013,TXT,28.32,28.280001,28.200001,28.860001,4314200
9/25/2013,TXT,28.23,27.889999,27.58,28.389999,3448900
9/26/2013,TXT,27.870001,27.940001,27.629999,27.959999,2862200
9/27/2013,TXT,27.74,27.9,27.629999,28.02,1377700
9/30/2013,TXT,27.469999,27.610001,27.34,27.860001,1521700
10/1/2013,TXT,27.6,27.870001,27.52,27.959999,1755700
10/2/2013,TXT,27.67,27.629999,27.25,27.67,1798000
10/3/2013,TXT,27.48,27.1,26.709999,27.549999,2552300
10/4/2013,TXT,27.049999,27.120001,26.790001,27.129999,1717600
10/7/2013,TXT,26.709999,26.879999,26.66,27.1,2090600
10/8/2013,TXT,26.889999,26.6,26.559999,27.219999,2558200
10/9/2013,TXT,26.68,26.459999,26.17,26.690001,2924000
10/10/2013,TXT,26.82,27.26,26.74,27.290001,1777000
10/11/2013,TXT,27.219999,27.309999,27.120001,27.530001,1655300
10/14/2013,TXT,27.040001,27.290001,26.93,27.379999,1641700
10/15/2013,TXT,27.16,26.67,26.559999,27.16,2122000
10/16/2013,TXT,26.879999,27.059999,26.51,27.129999,2112800
10/17/2013,TXT,26.969999,27.52,26.85,27.57,2613600
10/18/2013,TXT,26.75,28.25,26.549999,28.5,6862800
10/21/2013,TXT,28.309999,28.18,27.969999,28.43,2959200
10/22/2013,TXT,28.27,28.41,28.190001,28.629999,2199400
10/23/2013,TXT,28.25,28.51,28.190001,28.58,2717000
10/24/2013,TXT,28.530001,29.040001,28.530001,29.059999,2677200
10/25/2013,TXT,29.040001,29.07,28.719999,29.110001,1793000
10/28/2013,TXT,29.01,29.040001,28.85,29.09,1294400
10/29/2013,TXT,29.09,29.120001,28.92,29.17,973300
10/30/2013,TXT,29.129999,28.99,28.82,29.4,1407600
10/31/2013,TXT,28.91,28.790001,28.620001,29.059999,1611300
11/1/2013,TXT,28.799999,29,28.66,29.18,1948800
11/4/2013,TXT,29.07,29.459999,29.059999,29.530001,1806300
11/5/2013,TXT,29.379999,29.1,29.049999,29.4,1656000
11/6/2013,TXT,29.23,29.450001,29.1,29.469999,1282500
11/7/2013,TXT,29.530001,29.379999,29.24,29.799999,2702700
11/8/2013,TXT,29.360001,30.280001,29.360001,30.290001,3484000
11/11/2013,TXT,30.120001,30.34,29.98,30.389999,1556800
11/12/2013,TXT,30.219999,30.67,30.190001,30.74,2761700
11/13/2013,TXT,30.360001,31.08,30.309999,31.1,2134200
11/14/2013,TXT,31.02,30.67,30.450001,31.18,2517800
11/15/2013,TXT,30.67,30.65,30.49,30.75,1434200
11/18/2013,TXT,30.76,30.67,30.559999,31.1,1696600
11/19/2013,TXT,30.690001,30.4,30.35,30.9,1895600
11/20/2013,TXT,30.459999,30.51,30.370001,31.059999,3036500
11/21/2013,TXT,30.59,31.51,30.59,31.67,2836700
11/22/2013,TXT,31.5,31.98,31.469999,32.07,2569800
11/25/2013,TXT,32.07,32.709999,31.98,32.779999,2955100
11/26/2013,TXT,32.759998,32.77,32.560001,33.080002,2642700
11/27/2013,TXT,32.799999,33.25,32.759998,33.790001,2352300
11/29/2013,TXT,33.259998,33.23,33.049999,33.450001,1213100
12/2/2013,TXT,33.25,33.119999,33.07,33.700001,2501900
12/3/2013,TXT,33.029999,32.630001,32.290001,33.34,3386300
12/4/2013,TXT,32.450001,32.259998,31.59,32.549999,2988100
12/5/2013,TXT,31.57,32.299999,31.540001,32.52,1766600
12/6/2013,TXT,32.700001,32.619999,32.419998,32.869999,1400700
12/9/2013,TXT,32.650002,32.41,32.310001,32.84,1433200
12/10/2013,TXT,32.279999,32.240002,32.040001,32.650002,1352600
12/11/2013,TXT,32.220001,31.59,31.469999,32.299999,1597200
12/12/2013,TXT,31.58,31.51,31.4,31.74,1401100
12/13/2013,TXT,31.59,31.459999,31.33,31.809999,1347800
12/16/2013,TXT,31.6,32.110001,31.48,32.330002,1933600
12/17/2013,TXT,32.16,32.099998,31.76,32.240002,1994000
12/18/2013,TXT,32.099998,32.790001,31.940001,32.84,2419200
12/19/2013,TXT,32.549999,32.57,32.419998,32.759998,1457500
12/20/2013,TXT,32.709999,37.290001,32.66,37.43,12719400
12/23/2013,TXT,36.380001,36.380001,35.650002,36.849998,6549300
12/24/2013,TXT,36.029999,36,35.849998,36.650002,1474400
12/26/2013,TXT,36.32,36.200001,36.080002,36.689999,1604900
12/27/2013,TXT,36.34,36.610001,36.139999,37.150002,3797800
12/30/2013,TXT,36.639999,36.43,36.189999,36.700001,1404100
12/31/2013,TXT,36.57,36.759998,36.48,36.939999,1238900
1/2/2014,TXT,36.75,36.290001,36.189999,36.75,1467200
1/3/2014,TXT,36.34,36.310001,35.889999,36.939999,2379900
1/6/2014,TXT,36.5,36.16,36.16,36.779999,3898800
1/7/2014,TXT,35.5,35.759998,35.209999,36.060001,3002600
1/8/2014,TXT,35.84,35.779999,35.52,36.049999,1961500
1/9/2014,TXT,35.990002,35.82,35.599998,36.099998,1224500
1/10/2014,TXT,35.84,35.669998,35.529999,36,1523600
1/13/2014,TXT,35.459999,34.75,34.66,35.610001,2817300
1/14/2014,TXT,34.73,35.200001,34.700001,35.27,2212000
1/15/2014,TXT,35.240002,35.610001,35.029999,35.810001,2034500
1/16/2014,TXT,35.509998,35.650002,35.41,35.790001,1772100
1/17/2014,TXT,35.560001,36.099998,35.509998,36.240002,3247000
1/21/2014,TXT,36.470001,36.099998,35.68,36.490002,4928700
1/22/2014,TXT,36.59,38,36.59,39.240002,6858000
1/23/2014,TXT,37.720001,37.790001,37.459999,38.09,3567800
1/24/2014,TXT,37.290001,36.41,36.310001,37.389999,3309600
1/27/2014,TXT,36.490002,36.77,35.919998,37.209999,3276600
1/28/2014,TXT,36.889999,36.830002,36.549999,37.110001,2213400
1/29/2014,TXT,36.349998,36.099998,35.959999,36.75,2257700
1/30/2014,TXT,36.560001,36.389999,36.150002,36.869999,1699200
1/31/2014,TXT,35.709999,35.5,35.439999,35.880001,4006600
2/3/2014,TXT,35.560001,34.279999,34.209999,35.759998,3191200
2/4/2014,TXT,34.369999,35.099998,33.82,35.240002,2256900
2/5/2014,TXT,34.68,34.830002,34.150002,35.139999,1696100
2/6/2014,TXT,34.439999,35.27,34.439999,35.360001,1025200
2/7/2014,TXT,35.389999,35.82,35.360001,36.009998,1680300
2/10/2014,TXT,35.740002,35.220001,35.130001,35.849998,2044700
2/11/2014,TXT,35.25,36.150002,35.25,36.16,1777500
2/12/2014,TXT,36.150002,36.830002,36.150002,36.990002,2073500
2/13/2014,TXT,36.459999,36.84,36.189999,36.880001,933100
2/14/2014,TXT,36.77,37.330002,36.470001,37.380001,1111200
2/18/2014,TXT,37.48,37.830002,37.34,37.880001,1791200
2/19/2014,TXT,37.560001,37.27,37.169998,37.869999,1872100
2/20/2014,TXT,37.360001,38.529999,37.32,38.560001,2668000
2/21/2014,TXT,38.240002,38.310001,38.029999,38.540001,3999500
2/24/2014,TXT,38.459999,39.189999,38.41,39.580002,2463700
2/25/2014,TXT,39.139999,38.799999,38.790001,39.360001,2288700
2/26/2014,TXT,38.93,38.799999,38.709999,39.299999,2512700
2/27/2014,TXT,38.869999,39.889999,38.860001,39.93,2596000
2/28/2014,TXT,39.900002,39.700001,39.27,40.080002,1915100
3/3/2014,TXT,39.099998,39.110001,38.700001,39.349998,1239600
3/4/2014,TXT,39.669998,39.889999,39.66,40.119999,1436700
3/5/2014,TXT,39.950001,39.970001,39.700001,40.380001,1561300
3/6/2014,TXT,40.049999,40.110001,39.990002,40.400002,1261600
3/7/2014,TXT,40.349998,40.18,39.720001,40.549999,1656800
3/10/2014,TXT,39.93,39.630001,38.970001,39.93,2607500
3/11/2014,TXT,39.66,39.220001,39.060001,39.790001,1848900
3/12/2014,TXT,38.830002,38.790001,38.57,39.060001,1599600
3/13/2014,TXT,38.990002,37.82,37.599998,39.130001,1966100
3/14/2014,TXT,37.790001,37.75,37.700001,38.25,1340900
3/17/2014,TXT,38.18,38.400002,38.130001,38.779999,1509000
3/18/2014,TXT,38.41,38.790001,38.380001,38.880001,1049000
3/19/2014,TXT,38.98,38.560001,38.23,39.32,1685100
3/20/2014,TXT,38.560001,38.470001,38.310001,38.84,1245400
3/21/2014,TXT,38.849998,38.41,38.200001,39.049999,3761600
3/24/2014,TXT,38.560001,37.889999,37.450001,38.57,2312500
3/25/2014,TXT,38.240002,38.900002,38.150002,39.110001,2743300
3/26/2014,TXT,39.060001,38.02,37.990002,39.139999,1974000
3/27/2014,TXT,37.970001,37.779999,37.5,38.09,1082800
3/28/2014,TXT,37.93,38.529999,37.93,38.759998,808900
3/31/2014,TXT,38.84,39.290001,38.790001,39.419998,1093800
4/1/2014,TXT,39.450001,39.889999,39.360001,39.919998,1201900
4/2/2014,TXT,40.450001,40.43,40.080002,40.549999,1559600
4/3/2014,TXT,40.419998,40.099998,39.709999,40.650002,1622200
4/4/2014,TXT,40.48,39.080002,38.939999,40.66,1357200
4/7/2014,TXT,39.009998,38.220001,37.950001,39.290001,2076300
4/8/2014,TXT,38.290001,38.169998,38.02,38.59,2223000
4/9/2014,TXT,38.490002,39.290001,38.209999,39.299999,1122800
4/10/2014,TXT,39.279999,37.970001,37.959999,39.279999,1892000
4/11/2014,TXT,37.689999,36.959999,36.93,37.689999,2172700
4/14/2014,TXT,37.400002,37.369999,36.93,37.779999,1151200
4/15/2014,TXT,37.470001,37.709999,36.759998,37.869999,1029900
4/16/2014,TXT,38.189999,38.889999,37.91,38.93,2052400
4/17/2014,TXT,38.959999,39.540001,38.779999,39.82,1739700
4/21/2014,TXT,39.599998,39.439999,39.240002,39.689999,1478200
4/22/2014,TXT,39.57,40.060001,39.57,40.27,2171900
4/23/2014,TXT,40.099998,40.150002,40.02,40.380001,1363100
4/24/2014,TXT,40.740002,39.73,39.389999,40.740002,1878800
4/25/2014,TXT,39.650002,39.259998,39,39.650002,1042300
4/28/2014,TXT,39.529999,39.259998,38.639999,39.790001,1684500
4/29/2014,TXT,39.540001,39.990002,39.389999,40.009998,1474600
4/30/2014,TXT,39.869999,40.900002,39.639999,40.900002,3069300
5/1/2014,TXT,38.82,38.98,38.5,40.150002,5341600
5/2/2014,TXT,39.07,39.049999,38.849998,39.73,2616200
5/5/2014,TXT,39.509998,39.380001,38.68,39.529999,1743500
5/6/2014,TXT,39.209999,38.950001,38.919998,39.32,1552000
5/7/2014,TXT,39,38.950001,38.52,39.150002,1455700
5/8/2014,TXT,38.939999,38.700001,38.669998,39.59,2050000
5/9/2014,TXT,38.669998,38.459999,38.23,38.779999,1732300
5/12/2014,TXT,38.73,39.860001,38.630001,39.970001,2834100
5/13/2014,TXT,40,39.990002,39.849998,40.369999,1626200
5/14/2014,TXT,39.990002,39.700001,39.459999,39.990002,1126500
5/15/2014,TXT,39.48,39.169998,38.939999,39.619999,1906900
5/16/2014,TXT,39.139999,39.220001,38.57,39.25,1709400
5/19/2014,TXT,39.049999,39.25,38.939999,39.639999,1651800
5/20/2014,TXT,39.200001,38.09,37.919998,39.27,2790200
5/21/2014,TXT,38.200001,38.099998,37.93,38.599998,2515300
5/22/2014,TXT,38.150002,38.080002,37.970001,38.349998,2151100
5/23/2014,TXT,38.32,38.779999,38.200001,38.889999,1472900
5/27/2014,TXT,38.869999,39.009998,38.759998,39.060001,672500
5/28/2014,TXT,39.09,39.09,39.029999,39.43,1047800
5/29/2014,TXT,39.200001,39.27,38.950001,39.380001,814300
5/30/2014,TXT,39.150002,39.220001,38.900002,39.27,1062400
6/2/2014,TXT,39.209999,39.27,38.93,39.41,1042400
6/3/2014,TXT,39.200001,39.240002,38.810001,39.5,743700
6/4/2014,TXT,39.060001,39.16,38.93,39.27,504700
6/5/2014,TXT,39.259998,39.580002,39.189999,39.619999,2064300
6/6/2014,TXT,39.720001,40.18,39.720001,40.32,1297800
6/9/2014,TXT,40.240002,40.93,40.189999,41.150002,1513000
6/10/2014,TXT,40.73,40.779999,40.330002,40.880001,1048900
6/11/2014,TXT,40.549999,40.189999,40.099998,40.610001,895300
6/12/2014,TXT,40.049999,39.380001,39.25,40.080002,1047200
6/13/2014,TXT,39.380001,39.400002,39.060001,39.639999,922800
6/16/2014,TXT,39.32,39.349998,38.91,39.380001,957400
6/17/2014,TXT,39.349998,39.560001,39.119999,39.759998,896100
6/18/2014,TXT,39.580002,39.689999,39.200001,39.830002,991900
6/19/2014,TXT,39.650002,39.490002,39.240002,39.900002,1003200
6/20/2014,TXT,39.689999,39.720001,39.639999,40,1769300
6/23/2014,TXT,39.759998,39.18,38.98,39.77,1045600
6/24/2014,TXT,39.130001,37.849998,37.830002,39.18,2750500
6/25/2014,TXT,37.75,38.049999,37.57,38.16,2086000
6/26/2014,TXT,38.169998,38.049999,37.540001,38.27,1021000
6/27/2014,TXT,37.959999,38.810001,37.889999,38.849998,1752400
6/30/2014,TXT,38.650002,38.290001,38.209999,38.73,1446600
7/1/2014,TXT,38.389999,38.48,38.290001,39.029999,1369900
7/2/2014,TXT,38.43,38.169998,38.099998,38.689999,1573700
7/3/2014,TXT,38.389999,38.330002,38.25,38.459999,1361800
7/7/2014,TXT,38.310001,37.709999,37.540001,38.310001,1666600
7/8/2014,TXT,37.700001,37.18,37.139999,37.939999,1878500
7/9/2014,TXT,37.459999,37.34,37.189999,37.599998,1603500
7/10/2014,TXT,36.98,37.34,36.610001,37.59,2082300
7/11/2014,TXT,37.290001,37.889999,37.220001,37.900002,1571400
7/14/2014,TXT,38.130001,38.560001,38.029999,38.57,1661400
7/15/2014,TXT,38.52,38.369999,38.099998,39.18,2126100
7/16/2014,TXT,39.700001,39,38.73,40.25,3327800
7/17/2014,TXT,38.830002,38.32,38.32,39.349998,2398100
7/18/2014,TXT,38.509998,38.759998,38.48,38.880001,3189100
7/21/2014,TXT,38.68,38.810001,38.18,38.98,2365100
7/22/2014,TXT,39.220001,38.889999,38.869999,39.27,1972200
7/23/2014,TXT,38.84,38.200001,38.02,38.93,2797300
7/24/2014,TXT,38.32,37.990002,37.950001,38.529999,1909800
7/25/2014,TXT,37.860001,37.630001,37.549999,38,2119700
7/28/2014,TXT,37.630001,37.009998,36.950001,37.669998,2398800
7/29/2014,TXT,37.060001,36.700001,36.66,37.240002,1824100
7/30/2014,TXT,36.93,36.880001,36.549999,37.16,1653500
7/31/2014,TXT,36.580002,36.369999,36.290001,36.779999,2123900
8/1/2014,TXT,36.189999,36.200001,35.82,36.66,1737500
8/4/2014,TXT,36.25,36.240002,35.779999,36.34,1404600
8/5/2014,TXT,36.049999,36.529999,36.02,36.91,2155000
8/6/2014,TXT,36.18,36.16,35.889999,36.48,1389600
8/7/2014,TXT,36.380001,36.150002,36.099998,36.650002,1247800
8/8/2014,TXT,36.18,37.310001,36.119999,37.32,1553400
8/11/2014,TXT,37.529999,37.799999,37.470001,37.990002,1958700
8/12/2014,TXT,37.790001,37.57,37.459999,38.189999,1658700
8/13/2014,TXT,37.759998,38.220001,37.75,38.43,1417200
8/14/2014,TXT,38.25,37.740002,37.599998,38.330002,2308300
8/15/2014,TXT,37.950001,37.490002,37.060001,38.040001,1767000
8/18/2014,TXT,37.919998,37.970001,37.740002,38.080002,1414500
8/19/2014,TXT,38.040001,38.290001,37.799999,38.299999,1778900
8/20/2014,TXT,38.310001,38.939999,38.25,38.970001,1337900
8/21/2014,TXT,38.919998,39.029999,38.59,39.09,1778300
8/22/2014,TXT,38.98,38.849998,38.709999,39.139999,1228800
8/25/2014,TXT,39.060001,38.93,38.880001,39.200001,1581900
8/26/2014,TXT,38.91,38.759998,38.73,39.150002,745500
8/27/2014,TXT,38.720001,38.5,38.330002,38.849998,797400
8/28/2014,TXT,38.220001,38.009998,37.889999,38.259998,1518800
8/29/2014,TXT,38.060001,38,37.900002,38.23,1129500
9/2/2014,TXT,38.09,38.43,38.009998,38.540001,1364700
9/3/2014,TXT,38.580002,38.02,37.900002,38.77,1067800
9/4/2014,TXT,38.02,37.720001,37.599998,38.400002,1251100
9/5/2014,TXT,37.740002,38.34,37.439999,38.369999,1646200
9/8/2014,TXT,38.299999,38.049999,37.939999,38.380001,820200
9/9/2014,TXT,38.07,37.419998,37.290001,38.16,2130600
9/10/2014,TXT,37.490002,37.799999,37.200001,37.889999,2141800
9/11/2014,TXT,37.529999,37.490002,37.32,37.759998,1516600
9/12/2014,TXT,37.369999,36.459999,36.34,37.419998,2690100
9/15/2014,TXT,36.419998,36.360001,35.93,36.490002,1859700
9/16/2014,TXT,36.43,36.919998,36.220001,37.09,1603200
9/17/2014,TXT,36.950001,36.779999,36.529999,37.049999,1807700
9/18/2014,TXT,36.91,36.740002,36.610001,36.939999,1223700
9/19/2014,TXT,36.93,36.810001,36.59,37.07,2510600
9/22/2014,TXT,36.650002,36.450001,36.259998,36.700001,2504000
9/23/2014,TXT,36.259998,36.110001,36.049999,36.540001,1488400
9/24/2014,TXT,36.099998,36.139999,35.939999,36.439999,1826100
9/25/2014,TXT,36.02,35.540001,35.540001,36.02,1766300
9/26/2014,TXT,36.02,36.709999,35.82,36.849998,2745900
9/29/2014,TXT,36.369999,36.360001,36.240002,36.860001,1531600
9/30/2014,TXT,36.450001,35.990002,35.810001,36.57,1455800
10/1/2014,TXT,35.919998,35.48,35.310001,35.939999,1648800
10/2/2014,TXT,35.349998,35.380001,34.720001,35.490002,1565300
10/3/2014,TXT,35.700001,35.889999,35.560001,36.139999,1628700
10/6/2014,TXT,36,35.400002,35.34,36.130001,980000
10/7/2014,TXT,35.02,34.189999,34.169998,35.07,1777900
10/8/2014,TXT,34.110001,34.720001,33.84,34.73,2531200
10/9/2014,TXT,34.66,33.509998,33.439999,34.669998,1685500
10/10/2014,TXT,33.52,33.189999,33.029999,33.950001,2608400
10/13/2014,TXT,33.189999,32.279999,32.220001,33.689999,2012100
10/14/2014,TXT,32.599998,33.830002,32.59,34.130001,2972500
10/15/2014,TXT,33.259998,33.75,32.82,33.970001,3170800
10/16/2014,TXT,32.939999,33.66,32.669998,34.049999,2856700
10/17/2014,TXT,36.259998,36.650002,36.240002,38.540001,9531700
10/20/2014,TXT,36.650002,36.450001,36.189999,36.849998,3137200
10/21/2014,TXT,37.040001,37.540001,36.919998,37.619999,3422300
10/22/2014,TXT,37.59,36.599998,36.59,37.630001,2076400
10/23/2014,TXT,37.310001,38.16,37.290001,38.540001,2946600
10/24/2014,TXT,38.240002,38.759998,37.880001,38.799999,2026900
10/27/2014,TXT,38.630001,38.889999,38.279999,38.93,1299500
10/28/2014,TXT,39,40.490002,38.889999,40.490002,2562300
10/29/2014,TXT,40.490002,40.66,40.27,40.689999,2836100
10/30/2014,TXT,40.439999,41.07,40.299999,41.25,3301200
10/31/2014,TXT,41.68,41.529999,41.400002,41.869999,2454600
11/3/2014,TXT,41.529999,41.41,41.310001,41.84,1380300
11/4/2014,TXT,41.380001,41.369999,41.130001,41.779999,1228200
11/5/2014,TXT,41.709999,42.049999,41.459999,42.189999,1895400
11/6/2014,TXT,42.09,42.23,41.860001,42.369999,1311200
11/7/2014,TXT,42.23,41.889999,41.560001,42.299999,2450300
11/10/2014,TXT,41.91,42.09,41.799999,42.150002,1483900
11/11/2014,TXT,42,41.799999,41.619999,42.220001,1302500
11/12/2014,TXT,41.41,42.09,41.41,42.200001,1476400
11/13/2014,TXT,42.099998,42.150002,41.970001,42.5,1728800
11/14/2014,TXT,41.990002,41.740002,41.68,42.099998,1784200
11/17/2014,TXT,41.740002,41.799999,41.560001,41.919998,2059400
11/18/2014,TXT,41.900002,42.450001,41.759998,42.68,1446400
11/19/2014,TXT,42.380001,42.830002,42.220001,42.889999,1752400
11/20/2014,TXT,42.700001,42.990002,42.52,43.240002,1703500
11/21/2014,TXT,43.549999,43.580002,43.470001,43.900002,2245600
11/24/2014,TXT,43.880001,44.23,43.689999,44.32,2033200
11/25/2014,TXT,44.34,43.689999,43.630001,44.470001,2782700
11/26/2014,TXT,43.650002,43.290001,43.23,43.799999,1333800
11/28/2014,TXT,43.450001,43.32,43.189999,43.52,858500
12/1/2014,TXT,42.98,42.529999,42.32,42.990002,1408000
12/2/2014,TXT,42.549999,42.16,41.939999,42.84,3351600
12/3/2014,TXT,42.25,43.220001,42.060001,43.32,4358900
12/4/2014,TXT,43.299999,42.470001,42.360001,43.419998,1592500
12/5/2014,TXT,42.529999,42.32,42.240002,42.860001,1315800
12/8/2014,TXT,42.330002,41.610001,41.400002,42.529999,1271300
12/9/2014,TXT,41.02,41.84,40.900002,42.049999,2163400
12/10/2014,TXT,41.799999,40.52,40.490002,41.82,1543100
12/11/2014,TXT,40.650002,40.59,40.509998,41.25,1843900
12/12/2014,TXT,40.150002,39.330002,39.299999,40.209999,2171700
12/15/2014,TXT,39.619999,39.669998,39.200001,39.91,1791200
12/16/2014,TXT,39.599998,39.490002,39.450001,40.560001,2012100
12/17/2014,TXT,39.509998,40.650002,39.200001,40.779999,2352900
12/18/2014,TXT,41.369999,41.990002,41.349998,42.009998,1909300
12/19/2014,TXT,42.029999,42.709999,41.869999,42.939999,4037700
12/22/2014,TXT,42.740002,42.900002,42.529999,43,1392400
12/23/2014,TXT,43.049999,43.279999,43,43.57,1492100
12/24/2014,TXT,43.41,43,42.959999,43.41,795400
12/26/2014,TXT,43.32,43.049999,43.040001,43.389999,362800
12/29/2014,TXT,42.860001,43.099998,42.709999,43.220001,976800
12/30/2014,TXT,42.91,42.689999,42.689999,43.080002,755500
12/31/2014,TXT,42.709999,42.110001,42.099998,43.049999,897400
1/2/2015,TXT,42.349998,42.169998,41.700001,42.549999,992800
1/5/2015,TXT,41.82,41.360001,41.09,42.18,1284900
1/6/2015,TXT,41.52,41.18,40.970001,42.049999,2530500
1/7/2015,TXT,41.639999,41.450001,41.27,41.900002,2543700
1/8/2015,TXT,41.860001,43.32,41.849998,43.330002,2938700
1/9/2015,TXT,43.419998,42.580002,42.439999,43.43,1323700
1/12/2015,TXT,42.560001,42.139999,41.59,42.720001,1180200
1/13/2015,TXT,42.580002,42.43,41.799999,43.240002,1339800
1/14/2015,TXT,41.689999,42.189999,41.59,42.41,1426300
1/15/2015,TXT,42.490002,42.330002,41.900002,42.709999,3080700
1/16/2015,TXT,42.169998,42.869999,41.869999,42.91,2073200
1/20/2015,TXT,43.130001,42.560001,41.970001,43.349998,1627200
1/21/2015,TXT,42.5,42.459999,42.169998,42.93,1208400
1/22/2015,TXT,42.849998,43.459999,42.439999,43.689999,1837900
1/23/2015,TXT,43.389999,42.369999,42.360001,43.389999,2336800
1/26/2015,TXT,42.279999,42.450001,42.099998,42.740002,1654900
1/27/2015,TXT,41.709999,41.369999,41.220001,41.830002,4287400
1/28/2015,TXT,41.880001,41.990002,41.790001,43.860001,4589800
1/29/2015,TXT,41.990002,42.560001,40.950001,42.830002,4937000
1/30/2015,TXT,42.799999,42.560001,42.509998,43.259998,4115800
2/2/2015,TXT,42.849998,43.09,42.23,43.16,2651300
2/3/2015,TXT,43.400002,43.380001,43.02,43.689999,2465800
2/4/2015,TXT,43.27,43.110001,42.93,43.700001,1699200
2/5/2015,TXT,43.200001,43.540001,43.040001,43.669998,1677500
2/6/2015,TXT,43.619999,43.549999,43.380001,44,2620800
2/9/2015,TXT,43.25,43.220001,43.110001,43.759998,1356900
2/10/2015,TXT,43.490002,43.580002,43.16,43.73,1581400
2/11/2015,TXT,43.540001,43.169998,42.93,43.75,1237900
2/12/2015,TXT,43.419998,44.189999,43.150002,44.200001,1333500
2/13/2015,TXT,44.16,44.68,44.110001,44.689999,1760300
2/17/2015,TXT,44.720001,44.099998,43.959999,44.799999,1154700
2/18/2015,TXT,43.919998,44.32,43.75,44.43,1176300
2/19/2015,TXT,44.25,44.790001,44.119999,44.880001,923100
2/20/2015,TXT,44.73,44.990002,44.25,45.060001,999700
2/23/2015,TXT,44.720001,44.91,44.610001,44.950001,1224100
2/24/2015,TXT,44.82,45.330002,44.799999,45.610001,1188300
2/25/2015,TXT,45.299999,44.970001,44.669998,45.299999,1911500
2/26/2015,TXT,44.939999,44.209999,43.84,44.939999,2004400
2/27/2015,TXT,44.25,44.310001,44.09,44.509998,1290100
3/2/2015,TXT,44.310001,44.439999,44.220001,44.919998,2606200
3/3/2015,TXT,44.220001,43.880001,43.66,44.419998,1214800
3/4/2015,TXT,43.77,43.639999,43.5,43.91,954100
3/5/2015,TXT,43.689999,44.009998,43.580002,44.02,1315800
3/6/2015,TXT,44.369999,44.779999,44.099998,45.27,3657300
3/9/2015,TXT,44.779999,44.290001,44.290001,44.900002,1406700
3/10/2015,TXT,43.560001,42.990002,42.970001,43.68,1782100
3/11/2015,TXT,43.029999,42.599998,42.450001,43.27,1813400
3/12/2015,TXT,42.810001,43.369999,42.700001,43.419998,1387800
3/13/2015,TXT,43.32,42.799999,42.639999,43.639999,1603800
3/16/2015,TXT,43.119999,43.880001,43.080002,43.900002,1593900
3/17/2015,TXT,43.610001,43.790001,43.470001,43.849998,1010300
3/18/2015,TXT,43.650002,44.650002,43.5,44.869999,1625600
3/19/2015,TXT,44.369999,44.389999,44.07,44.639999,1978400
3/20/2015,TXT,44.5,44.990002,44.490002,45.16,1970500
3/23/2015,TXT,45.259998,44.610001,44.610001,45.310001,1334200
3/24/2015,TXT,44.529999,45.080002,44.139999,45.16,2615000
3/25/2015,TXT,45.139999,44.330002,44.32,45.25,3444100
3/26/2015,TXT,44.009998,44,43.419998,44.130001,1352400
3/27/2015,TXT,43.990002,44.189999,43.669998,44.259998,1205900
3/30/2015,TXT,44.400002,45.07,44.279999,45.169998,1303000
3/31/2015,TXT,44.630001,44.330002,44.139999,44.849998,1399100
4/1/2015,TXT,44.119999,44.799999,43.459999,44.950001,1951400
4/2/2015,TXT,44.709999,44.939999,44.610001,45.419998,1962000
4/6/2015,TXT,44.759998,46.099998,44.720001,46.150002,2787800
4/7/2015,TXT,46.049999,45.77,45.720001,46.290001,1887900
4/8/2015,TXT,45.740002,45.849998,45.5,46.029999,1199200
4/9/2015,TXT,45.849998,45.810001,45.419998,46.169998,981600
4/10/2015,TXT,45.950001,46.119999,45.709999,46.240002,1317900
4/13/2015,TXT,45.959999,45.720001,45.610001,46.32,982000
4/14/2015,TXT,45.66,45.610001,45.400002,45.740002,1471600
4/15/2015,TXT,45.889999,45.91,45.639999,46.25,1029100
4/16/2015,TXT,45.650002,46.110001,45.209999,46.169998,1777300
4/17/2015,TXT,45.689999,44.810001,44.669998,45.799999,1645300
4/20/2015,TXT,45.040001,45.450001,44.91,45.490002,1559400
4/21/2015,TXT,45.52,44.66,44.630001,45.57,1539900
4/22/2015,TXT,44.669998,44.709999,44.110001,44.779999,1535100
4/23/2015,TXT,44.459999,44.720001,44.18,44.889999,1493400
4/24/2015,TXT,44.720001,44.209999,44.099998,44.720001,1238900
4/27/2015,TXT,44.419998,43.669998,43.66,44.419998,2296800
4/28/2015,TXT,43.32,44.360001,42.970001,44.669998,5609000
4/29/2015,TXT,44.209999,44.16,44.049999,44.700001,3505900
4/30/2015,TXT,43.869999,43.98,43.700001,44.389999,2174600
5/1/2015,TXT,44.07,44.41,43.91,44.59,2217900
5/4/2015,TXT,44.48,44.599998,44.34,44.91,1616000
5/5/2015,TXT,44.549999,44.400002,44.220001,44.880001,2538600
5/6/2015,TXT,44.599998,44.610001,44.34,44.91,2075500
5/7/2015,TXT,44.43,44.68,44.25,44.900002,1955600
5/8/2015,TXT,45.209999,45.189999,45,45.450001,1781500
5/11/2015,TXT,45.099998,45.400002,45.040001,45.580002,1563900
5/12/2015,TXT,45.200001,45.52,44.799999,45.669998,1675900
5/13/2015,TXT,45.619999,45.889999,45.450001,46.040001,1668400
5/14/2015,TXT,46.27,46.860001,46.09,46.880001,2065400
5/15/2015,TXT,46.84,46.619999,46.380001,46.93,1413400
5/18/2015,TXT,46.540001,46.66,46.240002,46.759998,1159400
5/19/2015,TXT,46.709999,46.290001,46.240002,46.790001,839400
5/20/2015,TXT,46.290001,46.470001,46.25,46.68,1047000
5/21/2015,TXT,46.630001,46.509998,46.48,46.810001,751700
5/22/2015,TXT,46.48,46.349998,46.16,46.639999,840000
5/26/2015,TXT,46.169998,45.700001,45.209999,46.349998,1678100
5/27/2015,TXT,45.73,45.939999,45.630001,46.060001,868400
5/28/2015,TXT,45.939999,45.950001,45.610001,45.970001,793900
5/29/2015,TXT,45.849998,45.220001,45.16,45.990002,1060800
6/1/2015,TXT,45.299999,45.150002,44.900002,45.450001,655400
6/2/2015,TXT,44.889999,45.150002,44.889999,45.330002,695100
6/3/2015,TXT,45.299999,45.360001,45.080002,45.700001,470100
6/4/2015,TXT,45,44.529999,44.48,45.139999,968500
6/5/2015,TXT,44.369999,44.759998,44.16,44.84,760100
6/8/2015,TXT,44.75,44.740002,44.529999,44.919998,1153200
6/9/2015,TXT,44.77,44.549999,44.509998,44.91,1127000
6/10/2015,TXT,44.799999,46.060001,44.59,46.09,2081400
6/11/2015,TXT,46.040001,46.150002,45.860001,46.509998,1537500
6/12/2015,TXT,45.849998,45.959999,45.709999,46.060001,1349100
6/15/2015,TXT,45.509998,45.509998,45.27,45.799999,1263500
6/16/2015,TXT,45.380001,45.91,45.290001,46.099998,1152800
6/17/2015,TXT,46.049999,45.919998,45.459999,46.349998,1521700
6/18/2015,TXT,46.150002,46.470001,45.860001,46.59,1146300
6/19/2015,TXT,46.279999,46.139999,46.029999,46.490002,1903800
6/22/2015,TXT,46.43,46.27,46,46.490002,1069100
6/23/2015,TXT,46.240002,46.049999,45.869999,46.400002,1175100
6/24/2015,TXT,46.009998,45.919998,45.700001,46.110001,1874800
6/25/2015,TXT,46.02,45.669998,45.59,46.07,1367300
6/26/2015,TXT,45.849998,45.630001,45.529999,45.880001,2106400
6/29/2015,TXT,45.299999,44.540001,44.509998,45.73,1198700
6/30/2015,TXT,45.049999,44.630001,44.580002,45.23,1371100
7/1/2015,TXT,44.98,44.709999,44.560001,45.189999,774600
7/2/2015,TXT,44.900002,44.490002,44.310001,44.939999,875600
7/6/2015,TXT,44.040001,44.360001,43.790001,44.540001,987000
7/7/2015,TXT,44.310001,44.209999,43.389999,44.310001,1700500
7/8/2015,TXT,43.869999,42.959999,42.959999,43.93,1369700
7/9/2015,TXT,43.919998,43.689999,43.610001,44.369999,1777000
7/10/2015,TXT,44.380001,43.68,43.34,44.41,2126400
7/13/2015,TXT,44.119999,44.25,43.66,44.290001,1574900
7/14/2015,TXT,44.830002,44.330002,44.029999,44.98,1242300
7/15/2015,TXT,44.200001,43.490002,43.330002,44.349998,2068700
7/16/2015,TXT,43.889999,44.029999,43.73,44.330002,1046000
7/17/2015,TXT,43.810001,43.810001,43.529999,44.040001,657700
7/20/2015,TXT,43.790001,43.73,43.549999,43.990002,1304100
7/21/2015,TXT,43.599998,43.060001,42.650002,43.73,1446500
7/22/2015,TXT,42.790001,42.049999,41.220001,42.990002,4441400
7/23/2015,TXT,42.169998,41.689999,41.66,42.52,1621100
7/24/2015,TXT,41.599998,41.110001,41.049999,41.84,1975700
7/27/2015,TXT,40.98,40.529999,40.470001,40.98,2316300
7/28/2015,TXT,41.639999,42.869999,41.040001,43.150002,6112800
7/29/2015,TXT,43.040001,44,42.689999,44.099998,4194900
7/30/2015,TXT,43.689999,44.18,43.59,44.389999,2544000
7/31/2015,TXT,44.450001,43.700001,43.59,44.450001,3294900
8/3/2015,TXT,43.66,43.240002,43.099998,43.68,2274400
8/4/2015,TXT,43.27,43.139999,43.009998,43.669998,1294700
8/5/2015,TXT,43.400002,43.259998,43.139999,43.82,1093000
8/6/2015,TXT,43.34,42.91,42.57,43.380001,2206300
8/7/2015,TXT,42.77,42.450001,42.310001,42.93,1146500
8/10/2015,TXT,43.02,43.849998,42.900002,43.939999,1256200
8/11/2015,TXT,43,42.959999,42.700001,43.509998,1336300
8/12/2015,TXT,42.299999,42.529999,41.720001,42.610001,1524900
8/13/2015,TXT,42.459999,42.970001,42.279999,43.16,1023100
8/14/2015,TXT,42.950001,43.57,42.830002,43.91,1852600
8/17/2015,TXT,43.52,43.709999,42.900002,43.880001,1026300
8/18/2015,TXT,43.529999,43.689999,43.23,43.880001,934300
8/19/2015,TXT,43.240002,43.400002,42.880001,43.82,1277600
8/20/2015,TXT,43.040001,41.73,41.709999,43.450001,1801600
8/21/2015,TXT,41.009998,39.759998,39.759998,41.16,3267500
8/24/2015,TXT,36.060001,38.389999,32.200001,40,3384600
8/25/2015,TXT,39.43,37,36.950001,40.630001,3079700
8/26/2015,TXT,37.990002,38,36.689999,38.080002,3327600
8/27/2015,TXT,38.540001,39.41,38.009998,39.450001,2969600
8/28/2015,TXT,39.25,39.709999,39.060001,39.82,2139900
8/31/2015,TXT,39.560001,38.799999,38.75,39.639999,2002200
9/1/2015,TXT,37.93,37.169998,36.810001,38.919998,2864900
9/2/2015,TXT,38.57,38.580002,38.009998,38.990002,3033400
9/3/2015,TXT,38.709999,38.799999,38.610001,39.43,2126600
9/4/2015,TXT,38.200001,38.650002,37.900002,38.919998,2667700
9/8/2015,TXT,39.43,40.259998,39.259998,40.529999,4031000
9/9/2015,TXT,40.66,40.27,40.200001,41.189999,3712400
9/10/2015,TXT,40.330002,40.380001,39.939999,40.57,1797500
9/11/2015,TXT,40.240002,40.509998,40,40.529999,1208000
9/14/2015,TXT,40.450001,40.32,40.169998,40.540001,1624000
9/15/2015,TXT,40.52,40.93,40.25,41.169998,1918200
9/16/2015,TXT,40.919998,41.220001,40.349998,41.279999,1996000
9/17/2015,TXT,41.200001,40.669998,40.549999,41.48,1732700
9/18/2015,TXT,40.189999,39.580002,39.43,40.189999,3998500
9/21/2015,TXT,39.68,39.560001,39.380001,40.099998,1950600
9/22/2015,TXT,38.490002,38.529999,35.919998,38.970001,2819100
9/23/2015,TXT,38.700001,38.080002,37.939999,38.75,1633300
9/24/2015,TXT,37.57,38.279999,37.27,38.509998,3002600
9/25/2015,TXT,38.75,38.27,38.009998,38.990002,1829700
9/28/2015,TXT,37.57,37.490002,37.400002,38.830002,1706700
9/29/2015,TXT,37.43,37.43,37.139999,38.240002,2214900
9/30/2015,TXT,37.950001,37.639999,37.18,38.240002,2270300
10/1/2015,TXT,37.59,38.09,37.32,38.18,2745000
10/2/2015,TXT,37.150002,38.43,37.150002,38.529999,2260000
10/5/2015,TXT,38.84,39.369999,38.619999,39.470001,2476400
10/6/2015,TXT,39.279999,39.560001,39.259998,39.849998,1451200
10/7/2015,TXT,39.790001,40.220001,39.580002,40.630001,1344300
10/8/2015,TXT,39.84,41.099998,39.5,41.200001,1274600
10/9/2015,TXT,41.150002,41.259998,40.880001,41.57,1205200
10/12/2015,TXT,41.23,41.209999,40.75,41.27,950900
10/13/2015,TXT,40.799999,40.68,40.540001,41.080002,1504100
10/14/2015,TXT,40.560001,40.080002,39.959999,40.900002,1821300
10/15/2015,TXT,40.32,39.849998,39.459999,40.389999,2623500
10/16/2015,TXT,40.029999,39.09,38.68,40.119999,3016400
10/19/2015,TXT,38.82,38.509998,38.34,38.959999,2754500
10/20/2015,TXT,38.41,38.799999,38.18,39.07,5133500
10/21/2015,TXT,39.080002,38.59,38.5,39.150002,2883100
10/22/2015,TXT,38.759998,39.169998,38.619999,39.639999,3603600
10/23/2015,TXT,39.400002,39.029999,38.779999,39.669998,3279200
10/26/2015,TXT,38.98,38.82,38.310001,39.150002,3742600
10/27/2015,TXT,40.5,40.43,39.790001,40.77,5072900
10/28/2015,TXT,40.450001,41.98,40.369999,42.02,4275800
10/29/2015,TXT,41.599998,41.830002,41.029999,42.060001,2421100
10/30/2015,TXT,42.040001,42.169998,41.349998,42.669998,2502500
11/2/2015,TXT,42.369999,42.860001,42.169998,42.919998,1341700
11/3/2015,TXT,42.68,42.049999,42.02,42.830002,1834800
11/4/2015,TXT,42.150002,41.860001,41.759998,42.41,1420700
11/5/2015,TXT,41.860001,41.970001,41.59,42.470001,1270200
11/6/2015,TXT,41.869999,41.98,41.490002,42.209999,1190400
11/9/2015,TXT,41.810001,41.209999,40.939999,41.830002,1587700
11/10/2015,TXT,41.139999,41.099998,40.439999,41.25,2073900
11/11/2015,TXT,41.209999,41.18,40.919998,41.400002,1003900
11/12/2015,TXT,40.709999,40.900002,40.669998,41.349998,1460400
11/13/2015,TXT,40.830002,41.009998,40.720001,41.25,1869000
11/16/2015,TXT,40.93,42.439999,40.93,42.470001,2871500
11/17/2015,TXT,42.68,41.790001,41.709999,43.110001,2926600
11/18/2015,TXT,41.849998,42.59,41.810001,42.639999,1352900
11/19/2015,TXT,42.82,43.32,42.639999,43.34,2609100
11/20/2015,TXT,43.459999,43.619999,43.380001,43.830002,3056500
11/23/2015,TXT,43.439999,43.41,43.290001,43.93,1992500
11/24/2015,TXT,43.099998,43.18,43.099998,43.52,1303300
11/25/2015,TXT,43.209999,43.330002,43.07,43.490002,922200
11/27/2015,TXT,43.290001,43.240002,43,43.369999,347600
11/30/2015,TXT,43.150002,42.669998,42.619999,43.360001,1242200
12/1/2015,TXT,42.82,42.720001,42.610001,43.299999,1136000
12/2/2015,TXT,42.630001,41.740002,41.66,43.240002,1415000
12/3/2015,TXT,41.860001,41.169998,40.919998,41.970001,1232900
12/4/2015,TXT,41.25,42.080002,41.07,42.169998,1463100
12/7/2015,TXT,41.93,41.900002,41.73,42.07,1044700
12/8/2015,TXT,41.549999,41.18,40.98,41.810001,1349000
12/9/2015,TXT,41.220001,41.470001,40.959999,42.400002,1630300
12/10/2015,TXT,41.549999,41.599998,41.330002,41.900002,1157700
12/11/2015,TXT,40.919998,40.860001,40.779999,41.34,1540300
12/14/2015,TXT,40.82,41.25,40.450001,41.34,2480600
12/15/2015,TXT,41.59,41.369999,41.25,41.849998,1428600
12/16/2015,TXT,42.279999,42.610001,41.720001,42.799999,1561000
12/17/2015,TXT,42.599998,41.419998,41.419998,42.610001,1379700
12/18/2015,TXT,41.080002,41.009998,40.93,41.349998,2360700
12/21/2015,TXT,41.240002,41.310001,41.029999,41.919998,1704300
12/22/2015,TXT,41.630001,42.07,41.349998,42.189999,944900
12/23/2015,TXT,42.330002,42.779999,42.099998,42.84,1323100
12/24/2015,TXT,42.66,42.689999,42.549999,42.810001,528000
12/28/2015,TXT,42.59,42.560001,42.259998,42.669998,1067200
12/29/2015,TXT,42.810001,42.98,42.549999,43.310001,1279900
12/30/2015,TXT,42.830002,42.450001,42.009998,43.080002,1172900
12/31/2015,TXT,42.310001,42.009998,41.889999,42.380001,1021700
1/4/2016,TXT,41.34,41.5,40.790001,41.52,1658200
1/5/2016,TXT,41.5,41.599998,41.02,41.740002,1514400
1/6/2016,TXT,40.919998,40.349998,39.939999,41.029999,2258000
1/7/2016,TXT,39.380001,39.52,39.32,40.139999,2192900
1/8/2016,TXT,39.68,39.07,38.990002,39.939999,3436000
1/11/2016,TXT,39.189999,38.889999,38.5,39.259998,2132700
1/12/2016,TXT,39.25,39.080002,38.5,39.299999,2636600
1/13/2016,TXT,39.290001,37.950001,37.900002,39.34,1663500
1/14/2016,TXT,38,37.959999,36.990002,38.400002,2074400
1/15/2016,TXT,36.919998,37.349998,36.880001,37.490002,3117100
1/19/2016,TXT,37.880001,36.799999,36.599998,37.880001,2700100
1/20/2016,TXT,36.34,36.360001,34.720001,36.560001,4544900
1/21/2016,TXT,36.490002,36.509998,36.220001,37.049999,1599400
1/22/2016,TXT,37,37.450001,36.77,37.459999,1803300
1/25/2016,TXT,37.400002,36.830002,36.75,37.48,2372200
1/26/2016,TXT,36.98,37.73,36.889999,37.810001,2377600
1/27/2016,TXT,33.82,32.689999,32.470001,35.400002,10571000
1/28/2016,TXT,32.82,33.59,32.43,34.200001,5748000
1/29/2016,TXT,33.599998,34.220001,33.599998,34.639999,4391500
2/1/2016,TXT,33.869999,33.189999,33.060001,33.939999,3917800
2/2/2016,TXT,32.700001,31.76,31.52,32.790001,4950900
2/3/2016,TXT,32.099998,32.279999,30.940001,32.490002,3911200
2/4/2016,TXT,32.299999,32.299999,32.18,33.240002,2960400
2/5/2016,TXT,32.18,32.299999,31.9,32.68,2420700
2/8/2016,TXT,31.84,32.48,31.68,32.650002,3849000
2/9/2016,TXT,31.9,32.029999,31.629999,32.82,2762200
2/10/2016,TXT,32.060001,32,31.91,32.709999,2397600
2/11/2016,TXT,31.719999,31.110001,30.690001,32.139999,3335600
2/12/2016,TXT,31.32,32.080002,31.040001,32.200001,2323900
2/16/2016,TXT,32.560001,32.84,32.169998,32.970001,1650400
2/17/2016,TXT,33.25,33.299999,33,33.66,1954500
2/18/2016,TXT,33.18,33.75,32.75,33.939999,3048500
2/19/2016,TXT,33.610001,33.279999,33.200001,33.709999,2072100
2/22/2016,TXT,33.700001,34.16,33.639999,34.259998,1639200
2/23/2016,TXT,33.869999,33.889999,33.599998,34.150002,1791200
2/24/2016,TXT,33.360001,34,33.119999,34.02,1454800
2/25/2016,TXT,34.029999,34.509998,33.919998,34.529999,1534400
2/26/2016,TXT,34.689999,34.549999,34.400002,34.959999,2936200
2/29/2016,TXT,34.650002,34.150002,34.139999,34.75,1658900
3/1/2016,TXT,34.580002,34.5,34.259998,34.849998,3885800
3/2/2016,TXT,34.490002,34.169998,34.07,34.98,3005400
3/3/2016,TXT,34.169998,33.639999,33.619999,34.240002,3913100
3/4/2016,TXT,32.849998,33,32.73,33.5,8054600
3/7/2016,TXT,32.93,32.919998,32.82,33.540001,3915700
3/8/2016,TXT,32.59,32.509998,32.060001,32.84,2292600
3/9/2016,TXT,32.669998,33.16,32.549999,33.459999,3058400
3/10/2016,TXT,33.18,32.959999,32.790001,33.310001,2481700
3/11/2016,TXT,33.029999,33.900002,33,33.98,2291200
3/14/2016,TXT,33.66,33.849998,33.610001,34.07,1652600
3/15/2016,TXT,33.400002,33.509998,33.130001,33.650002,1465900
3/16/2016,TXT,33.439999,34.220001,33.389999,34.330002,1844600
3/17/2016,TXT,34.299999,34.970001,34.150002,35.139999,2265000
3/18/2016,TXT,35.150002,36.169998,35.150002,36.200001,4404100
3/21/2016,TXT,35.889999,36.360001,35.880001,36.41,2320500
3/22/2016,TXT,36,36.610001,35.630001,36.700001,2389800
3/23/2016,TXT,36.610001,36.59,36.25,36.720001,2569600
3/24/2016,TXT,36.25,36.16,35.450001,36.34,3498800
3/28/2016,TXT,36.150002,36.029999,35.84,36.27,2838300
3/29/2016,TXT,35.82,36.150002,35.560001,36.25,2369400
3/30/2016,TXT,36.549999,36.32,35.900002,36.639999,2806600
3/31/2016,TXT,36.34,36.459999,36,36.5,1871500
4/1/2016,TXT,36,36.689999,36,36.799999,2178000
4/4/2016,TXT,36.689999,36.599998,36.290001,36.860001,2028100
4/5/2016,TXT,36.310001,36.400002,36.119999,36.599998,3189300
4/6/2016,TXT,36.380001,36.91,36.169998,37,1764900
4/7/2016,TXT,36.740002,36.869999,36.490002,37.02,3132900
4/8/2016,TXT,37.240002,36.68,36.439999,37.240002,1785900
4/11/2016,TXT,36.98,36.82,36.759998,37.34,1394100
4/12/2016,TXT,36.880001,37.150002,36.779999,37.32,1261800
4/13/2016,TXT,37.490002,38.060001,37.439999,38.27,1888400
4/14/2016,TXT,38.220001,37.959999,37.639999,38.220001,2201400
4/15/2016,TXT,38.040001,37.75,37.66,38.16,1981000
4/18/2016,TXT,37.549999,37.93,37.299999,38.080002,2346100
4/19/2016,TXT,38.07,38.049999,37.639999,38.240002,3558300
4/20/2016,TXT,40.139999,39.91,38.32,40.610001,5676900
4/21/2016,TXT,39.790001,39.549999,39.32,40.119999,3447100
4/22/2016,TXT,39.669998,39.779999,39.310001,39.849998,1901600
4/25/2016,TXT,39.619999,38.990002,38.939999,39.77,1880500
4/26/2016,TXT,39.049999,39.75,38.98,39.77,1439100
4/27/2016,TXT,39.84,39.880001,39.540001,40.040001,1432800
4/28/2016,TXT,39.610001,39.299999,39.189999,39.93,1243800
4/29/2016,TXT,39.099998,38.68,38.509998,39.16,1815100
5/2/2016,TXT,38.790001,39.009998,38.43,39.150002,1338700
5/3/2016,TXT,38.540001,38.669998,38.189999,38.759998,1162300
5/4/2016,TXT,38.470001,38.049999,37.919998,38.630001,1563800
5/5/2016,TXT,38.240002,38.189999,37.799999,38.310001,1834100
5/6/2016,TXT,38.07,38.23,38.009998,38.610001,2063700
5/9/2016,TXT,38.110001,38.049999,38,38.349998,1497100
5/10/2016,TXT,38.330002,38.32,38.27,38.720001,1868300
5/11/2016,TXT,38.360001,38.150002,37.990002,38.599998,2173900
5/12/2016,TXT,38.299999,37.860001,37.380001,38.52,2682900
5/13/2016,TXT,37.830002,37.349998,37.240002,38.040001,1188200
5/16/2016,TXT,37.459999,38.049999,37.450001,38.220001,973800
5/17/2016,TXT,38,38.27,37.900002,38.709999,1574300
5/18/2016,TXT,38.169998,38.189999,37.93,38.509998,1137800
5/19/2016,TXT,37.900002,37.529999,37.290001,37.959999,916200
5/20/2016,TXT,37.77,37.919998,37.66,38.23,1094100
5/23/2016,TXT,37.869999,37.66,37.470001,37.990002,1647100
5/24/2016,TXT,37.830002,38.279999,37.830002,38.419998,1105800
5/25/2016,TXT,38.369999,38.459999,38.23,38.619999,1338200
5/26/2016,TXT,38.509998,38.25,38.139999,38.740002,1134900
5/27/2016,TXT,38.25,38.240002,38.029999,38.330002,897200
5/31/2016,TXT,38.380001,38.060001,37.830002,38.5,1445900
6/1/2016,TXT,37.779999,38.189999,37.490002,38.299999,775800
6/2/2016,TXT,38.130001,38.509998,37.869999,38.509998,1025900
6/3/2016,TXT,38.459999,39.959999,38.02,40.02,6526800
6/6/2016,TXT,39.959999,40.139999,39.099998,40.200001,2543700
6/7/2016,TXT,40.25,39.950001,39.939999,40.529999,1279400
6/8/2016,TXT,39.950001,39.790001,39.720001,40.209999,1279000
6/9/2016,TXT,39.630001,39.369999,39.16,39.650002,1201400
6/10/2016,TXT,39,38.75,38.619999,39.130001,1064300
6/13/2016,TXT,38.549999,38,37.98,38.709999,1129500
6/14/2016,TXT,37.869999,37.57,37.349998,37.990002,1405900
6/15/2016,TXT,37.73,38.080002,37.5,38.349998,1456000
6/16/2016,TXT,37.900002,38.16,37.48,38.27,1233100
6/17/2016,TXT,38.23,38.240002,37.990002,38.5,1486400
6/20/2016,TXT,38.720001,38.849998,38.639999,39.259998,1006400
6/21/2016,TXT,38.849998,38.529999,38.52,38.880001,1113300
6/22/2016,TXT,38.549999,38.32,38.299999,38.779999,868600
6/23/2016,TXT,38.41,38.419998,37.919998,38.580002,1653600
6/24/2016,TXT,36.919998,35.91,35.84,37.200001,2773800
6/27/2016,TXT,35.48,34.32,34.029999,35.48,2707400
6/28/2016,TXT,34.639999,34.52,34.279999,35.029999,2893200
6/29/2016,TXT,34.889999,35.029999,34,35.23,3436300
6/30/2016,TXT,35.189999,36.560001,35.189999,36.560001,2444800
7/1/2016,TXT,36.93,36.380001,36.27,36.959999,1946800
7/5/2016,TXT,36.25,35.720001,35.580002,36.419998,1892400
7/6/2016,TXT,35.689999,35.77,35.060001,35.799999,1998400
7/7/2016,TXT,35.869999,35.709999,35.400002,36.110001,1768300
7/8/2016,TXT,36.369999,36.990002,36.330002,37,1971300
7/11/2016,TXT,37.049999,38.240002,36.849998,38.610001,4190400
7/12/2016,TXT,38.599998,38.360001,38.049999,38.77,1393000
7/13/2016,TXT,38.5,38.369999,38.119999,38.57,819300
7/14/2016,TXT,38.889999,38.57,38.490002,39.009998,1423400
7/15/2016,TXT,38.740002,38.75,38.439999,38.990002,1470400
7/18/2016,TXT,38.68,38.990002,38.41,39.029999,1479500
7/19/2016,TXT,38.82,38.709999,38.580002,39.279999,932400
7/20/2016,TXT,38.619999,39.27,38.599998,39.360001,1136500
7/21/2016,TXT,39.279999,39.209999,39.029999,39.599998,1723600
7/22/2016,TXT,39.450001,39.82,38.950001,40,2582900
7/25/2016,TXT,39.639999,39.150002,39.009998,39.720001,1762900
7/26/2016,TXT,39.25,39.560001,39.25,39.639999,1229400
7/27/2016,TXT,39.52,39.27,39.130001,39.52,1656800
7/28/2016,TXT,39.150002,39.200001,38.82,39.290001,983600
7/29/2016,TXT,39.130001,39,38.59,39.130001,870500
8/1/2016,TXT,38.919998,38.669998,38.5,39.080002,1091200
8/2/2016,TXT,38.580002,38.209999,38.029999,38.619999,1019500
8/3/2016,TXT,38.200001,38.720001,38.200001,38.810001,733600
8/4/2016,TXT,38.740002,38.57,38.490002,38.889999,692300
8/5/2016,TXT,38.700001,39.009998,38.509998,39.029999,854800
8/8/2016,TXT,39.09,39.110001,39.009998,39.330002,525700
8/9/2016,TXT,39.080002,39.150002,38.93,39.34,566900
8/10/2016,TXT,39.18,39.119999,38.77,39.18,785600
8/11/2016,TXT,39.18,39.389999,39.18,39.490002,490100
8/12/2016,TXT,39.290001,39.209999,39.009998,39.380001,518400
8/15/2016,TXT,39.27,40.310001,39.099998,40.32,1374300
8/16/2016,TXT,40.040001,40.200001,39.740002,40.419998,1160300
8/17/2016,TXT,40.259998,40.41,40.049999,40.48,1176100
8/18/2016,TXT,40.400002,40.540001,40.380001,40.650002,668000
8/19/2016,TXT,40.41,40.66,40.279999,40.669998,613100
8/22/2016,TXT,40.509998,40.779999,40.23,40.900002,727300
8/23/2016,TXT,40.91,41,40.799999,41.16,1054600
8/24/2016,TXT,40.900002,41,40.779999,41.200001,1994200
8/25/2016,TXT,40.959999,40.869999,40.689999,40.970001,2048800
8/26/2016,TXT,40.93,40.939999,40.639999,41.150002,1006000
8/29/2016,TXT,40.93,41.209999,40.880001,41.299999,1482200
8/30/2016,TXT,41.18,41.240002,41.049999,41.330002,833900
8/31/2016,TXT,41.189999,40.849998,40.650002,41.200001,1466400
9/1/2016,TXT,40.880001,40.810001,40.25,40.91,1378300
9/2/2016,TXT,41.040001,41.119999,40.880001,41.27,929700
9/6/2016,TXT,41.110001,40.709999,40.57,41.23,1062100
9/7/2016,TXT,40.540001,40.810001,40.439999,40.889999,857000
9/8/2016,TXT,40.610001,40.82,40.48,41,1031400
9/9/2016,TXT,40.41,39.830002,39.82,40.549999,1179300
9/12/2016,TXT,39.509998,40.419998,39.48,40.549999,1380900
9/13/2016,TXT,40.040001,39.779999,39.599998,40.220001,1052300
9/14/2016,TXT,39.830002,38.970001,38.810001,39.919998,1987800
9/15/2016,TXT,38.959999,39.380001,38.849998,39.470001,1307100
9/16/2016,TXT,39.18,38.91,38.860001,39.360001,1458000
9/19/2016,TXT,39.169998,39.09,38.959999,39.439999,566100
9/20/2016,TXT,39.330002,38.91,38.880001,39.41,1083200
9/21/2016,TXT,39.130001,39.279999,38.830002,39.32,852800
9/22/2016,TXT,39.59,39.720001,39.369999,39.860001,854200
9/23/2016,TXT,39.580002,39.450001,39.419998,39.779999,656900
9/26/2016,TXT,39.34,39.200001,39.099998,39.560001,561800
9/27/2016,TXT,39.130001,39.59,38.990002,39.610001,745300
9/28/2016,TXT,39.669998,40.18,39.57,40.220001,845200
9/29/2016,TXT,40.18,39.5,39.43,40.25,839900
9/30/2016,TXT,39.73,39.75,39.560001,39.900002,1282000
10/3/2016,TXT,39.450001,39.880001,39.450001,40.029999,790600
10/4/2016,TXT,40.02,39.209999,39.16,40.150002,838700
10/5/2016,TXT,39.380001,39.599998,39.290001,39.639999,1338000
10/6/2016,TXT,39.759998,39.91,39.619999,39.990002,989300
10/7/2016,TXT,37.68,38.490002,37.189999,38.630001,3175800
10/10/2016,TXT,38.700001,38.860001,38.630001,39.060001,832000
10/11/2016,TXT,38.66,37.900002,37.720001,38.759998,1209900
10/12/2016,TXT,37.880001,37.970001,37.880001,38.169998,1078900
10/13/2016,TXT,37.720001,37.950001,37.549999,38.029999,974800
10/14/2016,TXT,38.130001,37.77,37.669998,38.25,1303300
10/17/2016,TXT,37.82,37.82,37.75,37.98,628900
10/18/2016,TXT,38.220001,38.09,37.970001,38.369999,1814000
10/19/2016,TXT,38.25,38.09,37.959999,38.549999,2359900
10/20/2016,TXT,37.310001,39.490002,37.189999,39.91,2798000
10/21/2016,TXT,38.990002,38.91,38.669998,39.150002,1833600
10/24/2016,TXT,39.25,39.029999,39.02,39.630001,1387700
10/25/2016,TXT,39.040001,39.130001,38.939999,39.400002,1297200
10/26/2016,TXT,38.98,39.849998,38.869999,39.98,1826800
10/27/2016,TXT,40,39.57,39.509998,40.029999,1296800
10/28/2016,TXT,39.619999,39.810001,39.5,40.360001,1100300
10/31/2016,TXT,39.98,40.080002,39.84,40.290001,1100800
11/1/2016,TXT,40.209999,39.549999,39.310001,40.330002,1136900
11/2/2016,TXT,39.540001,39,38.990002,39.779999,1030600
11/3/2016,TXT,39.119999,39.02,38.790001,39.23,1030200
11/4/2016,TXT,39.049999,39.080002,39.009998,39.52,866200
11/7/2016,TXT,39.900002,40.75,39.849998,40.759998,1878600
11/8/2016,TXT,40.610001,40.73,40.509998,41.07,1341900
11/9/2016,TXT,40.189999,42.880001,40.16,43.09,3138600
11/10/2016,TXT,43.200001,44.080002,43.200001,44.599998,2720900
11/11/2016,TXT,43.799999,44.709999,43.41,44.759998,2353600
11/14/2016,TXT,44.75,45.139999,44.709999,45.849998,2512400
11/15/2016,TXT,45.029999,45.130001,44.48,45.209999,1354600
11/16/2016,TXT,44.880001,44.619999,44.59,45.220001,1023300
11/17/2016,TXT,44.740002,44.57,44.52,44.900002,945000
11/18/2016,TXT,44.389999,44.240002,44.169998,44.400002,841100
11/21/2016,TXT,44.290001,44.560001,44.200001,44.59,1425600
11/22/2016,TXT,44.75,45.209999,44.66,45.290001,968500
11/23/2016,TXT,45.290001,45.779999,45.09,45.869999,1059100
11/25/2016,TXT,45.830002,45.950001,45.450001,45.950001,643100
11/28/2016,TXT,45.700001,45.700001,45.23,45.849998,1425900
11/29/2016,TXT,45.630001,45.98,45.459999,46.150002,1182900
11/30/2016,TXT,46.139999,46.029999,45.990002,46.279999,1422400
12/1/2016,TXT,46.369999,47.880001,46.360001,47.880001,2736500
12/2/2016,TXT,47.93,47.490002,47.310001,48.389999,2668500
12/5/2016,TXT,47.959999,47.360001,47.130001,48.360001,1631500
12/6/2016,TXT,47.150002,47.66,46.919998,47.73,1105100
12/7/2016,TXT,47.509998,48.439999,47.419998,48.509998,1229900
12/8/2016,TXT,48.59,47.919998,47.740002,49.150002,1229400
12/9/2016,TXT,48.049999,48.389999,48.049999,48.900002,1682300
12/12/2016,TXT,47.990002,48.400002,47.439999,48.400002,1540200
12/13/2016,TXT,48.639999,48.470001,48.310001,48.849998,2056900
12/14/2016,TXT,48.459999,48.18,48.099998,49.169998,1677700
12/15/2016,TXT,48.07,49.009998,47.57,49.189999,1726100
12/16/2016,TXT,49.200001,48.599998,48.59,49.82,2962800
12/19/2016,TXT,48.700001,48.34,48.209999,49.200001,1763400
12/20/2016,TXT,48.540001,48.66,48.43,48.970001,1173400
12/21/2016,TXT,48.709999,48.700001,48.529999,48.970001,836300
12/22/2016,TXT,48.880001,48.59,48.389999,48.970001,779400
12/23/2016,TXT,48.59,48.939999,48.459999,48.970001,742300
12/27/2016,TXT,49.150002,49.040001,48.82,49.25,507000
12/28/2016,TXT,49.139999,48.52,48.5,49.139999,657500
12/29/2016,TXT,48.66,48.580002,48.349998,48.849998,456700
12/30/2016,TXT,48.68,48.560001,48.080002,48.759998,1066200
