1/4/2010,YHOO,16.940001,17.1,16.879999,17.200001,16587400
1/5/2010,YHOO,17.219999,17.23,17,17.23,11718100
1/6/2010,YHOO,17.17,17.17,17.07,17.299999,16422000
1/7/2010,YHOO,16.809999,16.700001,16.57,16.9,31816300
1/8/2010,YHOO,16.68,16.700001,16.620001,16.76,15470000
1/11/2010,YHOO,16.77,16.74,16.48,16.83,16181900
1/12/2010,YHOO,16.65,16.68,16.6,16.860001,15672400
1/13/2010,YHOO,16.879999,16.9,16.65,16.98,16955600
1/14/2010,YHOO,16.809999,17.120001,16.799999,17.23,16715600
1/15/2010,YHOO,17.25,16.82,16.75,17.25,18415000
1/19/2010,YHOO,16.780001,16.75,16.639999,16.959999,15182600
1/20/2010,YHOO,16.65,16.379999,16.25,16.68,14419500
1/21/2010,YHOO,16.389999,16.200001,16.1,16.58,21858400
1/22/2010,YHOO,16.08,15.88,15.81,16.209999,25132800
1/25/2010,YHOO,16.07,15.86,15.74,16.110001,19683700
1/26/2010,YHOO,15.82,15.99,15.7,16.17,43979400
1/27/2010,YHOO,16.459999,15.98,15.77,16.49,41701000
1/28/2010,YHOO,15.93,15.44,15.44,15.96,30159500
1/29/2010,YHOO,15.51,15.01,14.9,15.67,39664600
2/1/2010,YHOO,15.14,15.05,14.87,15.3,29865700
2/2/2010,YHOO,15.1,15.17,15.03,15.32,27555200
2/3/2010,YHOO,15.12,15.46,15.12,15.6,24730600
2/4/2010,YHOO,15.34,15.01,14.99,15.52,27668100
2/5/2010,YHOO,15.01,15.19,14.92,15.25,20713800
2/8/2010,YHOO,15.18,14.99,14.95,15.47,19856400
2/9/2010,YHOO,15.2,15.07,14.94,15.24,16716900
2/10/2010,YHOO,15.02,14.8,14.48,15.02,36518100
2/11/2010,YHOO,14.87,15.22,14.77,15.25,24509500
2/12/2010,YHOO,15.07,15.17,14.85,15.19,18926400
2/16/2010,YHOO,15.23,15.41,15.18,15.48,21447200
2/17/2010,YHOO,15.5,15.44,15.32,15.52,12731900
2/18/2010,YHOO,15.4,15.54,15.32,15.6,13700100
2/19/2010,YHOO,15.49,15.58,15.33,15.71,15407900
2/22/2010,YHOO,15.61,15.49,15.44,15.68,10463500
2/23/2010,YHOO,15.45,15.38,15.14,15.51,18346700
2/24/2010,YHOO,15.48,15.59,15.33,15.71,19284200
2/25/2010,YHOO,15.32,15.24,15.13,15.35,20126900
2/26/2010,YHOO,15.27,15.31,15.16,15.41,14975600
3/1/2010,YHOO,15.43,15.79,15.4,15.83,17238000
3/2/2010,YHOO,15.87,15.73,15.67,15.96,20101800
3/3/2010,YHOO,15.85,15.57,15.55,15.85,20613800
3/4/2010,YHOO,15.55,15.81,15.52,15.85,22906000
3/5/2010,YHOO,15.89,16.059999,15.89,16.379999,21415000
3/8/2010,YHOO,16.32,16.52,16.299999,16.610001,30554000
3/9/2010,YHOO,16.41,16.530001,16.4,16.719999,20755200
3/10/2010,YHOO,16.51,16.790001,16.51,16.940001,33088600
3/11/2010,YHOO,16.57,16.530001,16.1,16.65,21732900
3/12/2010,YHOO,16.51,16.32,16.26,16.59,23106400
3/15/2010,YHOO,16.35,16.459999,16.280001,16.639999,18967700
3/16/2010,YHOO,16.469999,16.360001,16.23,16.59,18309900
3/17/2010,YHOO,16.280001,16.5,16.280001,16.629999,13754600
3/18/2010,YHOO,16.459999,16.559999,16.32,16.57,12626200
3/19/2010,YHOO,16.620001,16.440001,16.34,16.809999,17871000
3/22/2010,YHOO,16.370001,16.34,16.32,16.540001,18743500
3/23/2010,YHOO,16.34,16.030001,15.97,16.34,31875700
3/24/2010,YHOO,16.1,16.09,15.92,16.200001,32654500
3/25/2010,YHOO,16.17,16.32,16.139999,16.59,27487400
3/26/2010,YHOO,16.34,16.540001,16.309999,16.57,23224900
3/29/2010,YHOO,16.48,16.559999,16.469999,16.68,14902800
3/30/2010,YHOO,16.549999,16.610001,16.389999,16.690001,16204100
3/31/2010,YHOO,16.450001,16.530001,16.42,16.58,11996900
4/1/2010,YHOO,16.58,16.290001,16.219999,16.6,20103800
4/5/2010,YHOO,16.389999,16.51,16.299999,16.559999,9220200
4/6/2010,YHOO,16.549999,16.92,16.42,16.98,25696700
4/7/2010,YHOO,16.780001,16.870001,16.76,16.92,19921000
4/8/2010,YHOO,16.91,17.35,16.9,17.41,45369200
4/9/2010,YHOO,17.42,17.52,17.25,18.07,47732000
4/12/2010,YHOO,17.52,17.639999,17.41,17.879999,22828900
4/13/2010,YHOO,17.51,18.18,17.4,18.299999,47514500
4/14/2010,YHOO,18.15,18.379999,18.059999,18.469999,41024800
4/15/2010,YHOO,18.299999,18.969999,18.129999,19.120001,60024700
4/16/2010,YHOO,18.67,18.17,17.959999,18.68,51424700
4/19/2010,YHOO,18.01,18.389999,17.99,18.4,26971800
4/20/2010,YHOO,18.5,18.379999,18.23,18.530001,39171900
4/21/2010,YHOO,17.58,17.450001,17.299999,17.780001,71686200
4/22/2010,YHOO,17.370001,17.719999,17.15,17.780001,36231400
4/23/2010,YHOO,17.709999,17.639999,17.5,17.83,18901000
4/26/2010,YHOO,17.690001,17.389999,17.34,17.719999,17363800
4/27/2010,YHOO,17.280001,16.92,16.879999,17.360001,22851000
4/28/2010,YHOO,16.98,16.75,16.629999,17,26452500
4/29/2010,YHOO,16.82,16.969999,16.780001,17.049999,16788100
4/30/2010,YHOO,17.110001,16.530001,16.530001,17.129999,19688200
5/3/2010,YHOO,16.68,16.950001,16.559999,16.99,18162400
5/4/2010,YHOO,16.629999,16.32,16.25,16.9,31375300
5/5/2010,YHOO,16.17,16.49,16.110001,16.700001,23004200
5/6/2010,YHOO,16.34,15.92,15.43,16.51,32125800
5/7/2010,YHOO,15.77,15.29,15.25,15.95,43941000
5/10/2010,YHOO,16.040001,16.33,16,16.83,28103500
5/11/2010,YHOO,15.95,16.41,15.91,16.639999,27786500
5/12/2010,YHOO,16.450001,16.469999,16.33,16.5,16405900
5/13/2010,YHOO,16.49,16.139999,16.08,16.5,15363800
5/14/2010,YHOO,16.51,16.389999,16.139999,16.66,28111400
5/17/2010,YHOO,16.41,16.27,15.96,16.469999,21935000
5/18/2010,YHOO,16.27,16.030001,15.95,16.440001,16182200
5/19/2010,YHOO,15.83,15.79,15.51,16,20485400
5/20/2010,YHOO,15.45,15.1,15.06,15.49,33789000
5/21/2010,YHOO,14.81,15.48,14.63,15.9,31215300
5/24/2010,YHOO,15.42,15.54,15.36,15.79,20116800
5/25/2010,YHOO,15.04,15.31,14.89,15.31,27856300
5/26/2010,YHOO,15.6,15.45,15.43,15.83,33656000
5/27/2010,YHOO,15.83,15.69,15.36,15.84,31091700
5/28/2010,YHOO,15.61,15.34,15,15.69,17619700
6/1/2010,YHOO,15.31,15.02,14.98,15.55,30475500
6/2/2010,YHOO,15.04,15.18,14.96,15.2,24993000
6/3/2010,YHOO,15.32,15.43,15.16,15.5,28395100
6/4/2010,YHOO,15.12,15,14.96,15.38,23606400
6/7/2010,YHOO,15.19,14.94,14.94,15.36,19153200
6/8/2010,YHOO,15.05,14.79,14.62,15.12,35500700
6/9/2010,YHOO,14.93,14.69,14.65,15.06,18108600
6/10/2010,YHOO,14.94,15.1,14.87,15.14,21249100
6/11/2010,YHOO,15.02,15.29,14.98,15.35,14056600
6/14/2010,YHOO,15.46,15.17,15.15,15.49,12493100
6/15/2010,YHOO,15.29,15.65,15.23,15.69,13888300
6/16/2010,YHOO,15.58,15.49,15.34,15.65,15920300
6/17/2010,YHOO,15.72,15.6,15.44,15.72,10769300
6/18/2010,YHOO,15.66,15.54,15.47,15.67,12767100
6/21/2010,YHOO,15.71,15.21,15.09,15.84,20412800
6/22/2010,YHOO,15.24,15.09,15.07,15.51,22418100
6/23/2010,YHOO,15.14,15.23,14.95,15.39,13374000
6/24/2010,YHOO,15.11,14.83,14.7,15.19,18287700
6/25/2010,YHOO,14.86,14.81,14.57,14.92,29817600
6/28/2010,YHOO,14.83,14.73,14.58,14.86,8175400
6/29/2010,YHOO,14.53,14.04,13.88,14.54,31825900
6/30/2010,YHOO,13.95,13.84,13.79,14.22,23912900
7/1/2010,YHOO,13.99,14.09,13.75,14.15,33222500
7/2/2010,YHOO,14.08,14.07,14.03,14.24,18564400
7/6/2010,YHOO,14.23,14.13,14,14.46,17334100
7/7/2010,YHOO,14.18,14.4,14.12,14.42,17417900
7/8/2010,YHOO,14.43,14.6,14.4,14.77,17088700
7/9/2010,YHOO,14.6,14.89,14.59,14.93,12682000
7/12/2010,YHOO,14.93,14.94,14.78,15.21,15585900
7/13/2010,YHOO,15.06,15.52,14.99,15.6,22328800
7/14/2010,YHOO,15.32,15.37,15.2,15.42,12255700
7/15/2010,YHOO,15.31,15.37,15.04,15.39,12626600
7/16/2010,YHOO,15.33,14.9,13.86,15.37,16829800
7/19/2010,YHOO,15.23,15.1,15.02,15.38,16168200
7/20/2010,YHOO,14.99,15.2,14.8,15.28,29578300
7/21/2010,YHOO,14.27,13.91,13.75,14.28,78035800
7/22/2010,YHOO,13.89,13.88,13.81,14.17,42677600
7/23/2010,YHOO,13.78,13.99,13.52,14.04,34318400
7/26/2010,YHOO,13.96,14.15,13.95,14.22,23247800
7/27/2010,YHOO,14.07,13.95,13.89,14.1,20971000
7/28/2010,YHOO,13.91,13.87,13.85,13.99,13522600
7/29/2010,YHOO,13.9,13.76,13.75,13.96,16703000
7/30/2010,YHOO,13.69,13.88,13.68,13.98,18380400
8/2/2010,YHOO,14.01,14,13.96,14.08,14167200
8/3/2010,YHOO,13.95,13.94,13.91,14.07,14098600
8/4/2010,YHOO,14,14.18,13.92,14.2,14297200
8/5/2010,YHOO,14.16,14.16,14.02,14.25,13072700
8/6/2010,YHOO,14.06,14.34,14,14.38,13394800
8/9/2010,YHOO,14.34,14.4,14.34,14.52,12202600
8/10/2010,YHOO,14.26,14.35,14.2,14.46,9658000
8/11/2010,YHOO,14.14,13.87,13.84,14.2,13235500
8/12/2010,YHOO,13.77,13.85,13.75,13.99,11659900
8/13/2010,YHOO,13.81,13.83,13.76,13.96,7845600
8/16/2010,YHOO,13.75,13.79,13.68,13.9,11416400
8/17/2010,YHOO,13.84,13.94,13.75,14,13298600
8/18/2010,YHOO,13.98,13.99,13.84,14.05,15533300
8/19/2010,YHOO,13.85,13.85,13.8,14,14100700
8/20/2010,YHOO,13.85,13.79,13.74,13.95,17192200
8/23/2010,YHOO,13.81,13.65,13.54,13.87,12297600
8/24/2010,YHOO,13.53,13.4,13.39,13.64,13425800
8/25/2010,YHOO,13.29,13.26,13.14,13.37,15556800
8/26/2010,YHOO,13.36,13.21,13.21,13.4,14602700
8/27/2010,YHOO,13.24,13.43,13.03,13.47,12705600
8/30/2010,YHOO,13.27,13.18,13.18,13.42,7120900
8/31/2010,YHOO,13.11,13.11,12.94,13.14,16489500
9/1/2010,YHOO,13.2,13.37,13.13,13.41,24616700
9/2/2010,YHOO,13.33,13.51,13.26,13.55,18190200
9/3/2010,YHOO,13.69,13.62,13.56,13.75,12478500
9/7/2010,YHOO,13.56,13.53,13.5,13.62,10240600
9/8/2010,YHOO,13.66,13.75,13.62,13.82,12102700
9/9/2010,YHOO,13.88,13.65,13.57,13.92,17735500
9/10/2010,YHOO,13.68,13.68,13.54,13.77,18590100
9/13/2010,YHOO,13.83,13.73,13.61,13.88,24261400
9/14/2010,YHOO,13.76,13.63,13.6,13.76,23064500
9/15/2010,YHOO,14.03,14.27,13.77,14.35,90035400
9/16/2010,YHOO,14.2,14.19,13.98,14.23,27281500
9/17/2010,YHOO,14.33,13.89,13.88,14.33,79565400
9/20/2010,YHOO,13.95,13.86,13.84,14.06,26234600
9/21/2010,YHOO,13.94,14.18,13.92,14.26,32048400
9/22/2010,YHOO,14.19,14.04,13.97,14.25,18567400
9/23/2010,YHOO,13.93,14.17,13.93,14.24,16931600
9/24/2010,YHOO,14.3,14.5,14.24,14.51,24154800
9/27/2010,YHOO,14.46,14.28,14.25,14.53,20674000
9/28/2010,YHOO,14.33,14.39,14.14,14.45,16074100
9/29/2010,YHOO,14.36,14.34,14.06,14.39,24475700
9/30/2010,YHOO,14.26,14.17,13.99,14.35,20376200
10/1/2010,YHOO,14.19,14.27,14.13,14.35,16096500
10/4/2010,YHOO,14.2,14.28,14.13,14.32,20557500
10/5/2010,YHOO,14.45,14.61,14.4,14.77,23988400
10/6/2010,YHOO,14.6,14.52,14.34,14.7,20297000
10/7/2010,YHOO,14.6,14.23,14.14,14.61,18068600
10/8/2010,YHOO,14.21,14.49,14.18,14.56,16102900
10/11/2010,YHOO,14.45,14.41,14.38,14.58,8348200
10/12/2010,YHOO,14.36,14.43,14.27,14.47,12465700
10/13/2010,YHOO,14.57,15.25,14.5,15.48,50773400
10/14/2010,YHOO,16.75,15.93,15.75,16.76,123449900
10/15/2010,YHOO,16.17,16.25,15.9,16.73,58481800
10/18/2010,YHOO,16.200001,15.93,15.75,16.280001,35876500
10/19/2010,YHOO,15.73,15.49,15.37,15.8,32678600
10/20/2010,YHOO,15.79,15.8,15.79,16.25,37790200
10/21/2010,YHOO,15.9,15.97,15.73,16,26935500
10/22/2010,YHOO,15.9,16.309999,15.86,16.41,24264100
10/25/2010,YHOO,16.299999,16.4,16.15,16.440001,17251500
10/26/2010,YHOO,16.219999,16.459999,16.200001,16.48,22349000
10/27/2010,YHOO,16.4,16.42,16.200001,16.43,13764400
10/28/2010,YHOO,16.450001,16.4,16.309999,16.450001,12689500
10/29/2010,YHOO,16.370001,16.49,16.33,16.52,16013700
11/1/2010,YHOO,16.5,16.15,16.08,16.52,14360600
11/2/2010,YHOO,16.290001,16.190001,16.18,16.4,9964700
11/3/2010,YHOO,16.209999,16.17,16.01,16.23,17325500
11/4/2010,YHOO,16.309999,16.200001,16.02,16.35,26484700
11/5/2010,YHOO,16.18,16.27,16.18,16.4,13414000
11/8/2010,YHOO,16.290001,16.440001,16.25,16.5,15561500
11/9/2010,YHOO,17.219999,16.969999,16.860001,17.6,56218900
11/10/2010,YHOO,17,16.940001,16.75,17.01,17012600
11/11/2010,YHOO,16.629999,16.799999,16.52,16.860001,15310600
11/12/2010,YHOO,16.65,16.549999,16.4,16.75,17703400
11/15/2010,YHOO,16.559999,16.6,16.33,16.889999,18934600
11/16/2010,YHOO,16.450001,16.24,16.1,16.49,23484100
11/17/2010,YHOO,16.209999,16.15,16.110001,16.33,10305800
11/18/2010,YHOO,16.4,16.99,16.290001,17.17,46500100
11/19/2010,YHOO,16.969999,16.57,16.52,16.969999,24036200
11/22/2010,YHOO,16.43,16.559999,16.25,16.65,14316900
11/23/2010,YHOO,16.34,16.190001,16.040001,16.43,22437900
11/24/2010,YHOO,16.309999,16.41,16.15,16.48,11561700
11/26/2010,YHOO,16.25,16.219999,16.219999,16.4,4953900
11/29/2010,YHOO,16.1,16.379999,15.95,16.450001,14653000
11/30/2010,YHOO,16.200001,15.82,15.77,16.34,24981100
12/1/2010,YHOO,16,16.15,16,16.4,17435900
12/2/2010,YHOO,16.200001,16.33,16.120001,16.41,13167300
12/3/2010,YHOO,16.27,16.35,16.200001,16.370001,9228000
12/6/2010,YHOO,16.469999,16.33,16.299999,16.6,12063800
12/7/2010,YHOO,16.5,16.940001,16.5,17.07,29056400
12/8/2010,YHOO,17.01,17.02,16.959999,17.219999,21773300
12/9/2010,YHOO,17.120001,16.950001,16.799999,17.190001,8673300
12/10/2010,YHOO,16.969999,17.01,16.91,17.049999,8985300
12/13/2010,YHOO,16.9,16.700001,16.690001,16.99,12755400
12/14/2010,YHOO,16.77,16.629999,16.57,16.84,11429500
12/15/2010,YHOO,16.549999,16.450001,16.42,16.73,10944200
12/16/2010,YHOO,16.450001,16.51,16.440001,16.700001,12940500
12/17/2010,YHOO,16.51,16.379999,16.32,16.66,24896100
12/20/2010,YHOO,16.379999,16.280001,16.15,16.42,17566400
12/21/2010,YHOO,16.309999,16.6,16.200001,16.68,11394700
12/22/2010,YHOO,16.67,16.629999,16.559999,16.780001,6767500
12/23/2010,YHOO,16.559999,16.719999,16.450001,16.73,8889200
12/27/2010,YHOO,16.620001,16.48,16.4,16.629999,7492300
12/28/2010,YHOO,16.469999,16.43,16.33,16.540001,8389100
12/29/2010,YHOO,16.5,16.610001,16.43,16.77,7668600
12/30/2010,YHOO,16.6,16.76,16.52,16.77,8318900
12/31/2010,YHOO,16.74,16.629999,16.469999,16.76,7754500
1/3/2011,YHOO,16.809999,16.75,16.67,16.940001,17684000
1/4/2011,YHOO,16.709999,16.59,16.57,16.83,11092800
1/5/2011,YHOO,16.549999,16.91,16.34,16.91,23447700
1/6/2011,YHOO,16.9,17.059999,16.77,17.34,30656800
1/7/2011,YHOO,17.030001,16.9,16.65,17.17,19869500
1/10/2011,YHOO,16.780001,16.6,16.5,16.799999,16176700
1/11/2011,YHOO,16.700001,16.58,16.530001,16.73,14615700
1/12/2011,YHOO,16.709999,16.65,16.59,16.809999,15066200
1/13/2011,YHOO,16.639999,16.75,16.57,16.92,15961000
1/14/2011,YHOO,16.67,16.809999,16.6,16.83,13593500
1/18/2011,YHOO,16.620001,16.5,16.42,16.68,21392500
1/19/2011,YHOO,16.49,16.309999,16.23,16.549999,17130000
1/20/2011,YHOO,16.290001,16.23,16.09,16.33,14622700
1/21/2011,YHOO,16.27,15.97,15.93,16.309999,23366200
1/24/2011,YHOO,16,16.09,15.76,16.24,23375300
1/25/2011,YHOO,16.17,16.02,15.85,16.190001,26673100
1/26/2011,YHOO,15.93,15.57,15.41,16.049999,49690800
1/27/2011,YHOO,15.58,16.200001,15.58,16.360001,39067000
1/28/2011,YHOO,16.15,15.83,15.68,16.209999,24734000
1/31/2011,YHOO,15.82,16.120001,15.79,16.200001,22911400
2/1/2011,YHOO,16.33,16.379999,16.23,16.459999,26938900
2/2/2011,YHOO,16.25,16.57,16.25,16.66,21106800
2/3/2011,YHOO,16.48,16.690001,16.4,16.91,33314600
2/4/2011,YHOO,16.74,16.790001,16.450001,16.91,19127900
2/7/2011,YHOO,16.809999,16.799999,16.77,17,16046500
2/8/2011,YHOO,16.83,16.6,16.48,16.85,17932000
2/9/2011,YHOO,16.540001,16.43,16.35,16.700001,17778700
2/10/2011,YHOO,16.389999,16.620001,16.35,16.719999,15430500
2/11/2011,YHOO,16.58,16.85,16.540001,16.870001,15386300
2/14/2011,YHOO,16.84,16.889999,16.719999,16.93,14503000
2/15/2011,YHOO,16.799999,17.200001,16.780001,17.389999,31395200
2/16/2011,YHOO,17.23,17.76,17.209999,17.82,41824100
2/17/2011,YHOO,17.75,17.77,17.5,17.82,23566600
2/18/2011,YHOO,17.690001,17.66,17.57,17.84,13729900
2/22/2011,YHOO,17.08,16.91,16.870001,17.389999,34759500
2/23/2011,YHOO,17.030001,16.58,16.35,17.1,35225100
2/24/2011,YHOO,16.66,16.370001,16.040001,16.73,31570400
2/25/2011,YHOO,16.389999,16.5,16.379999,16.77,16939600
2/28/2011,YHOO,16.370001,16.4,16.280001,16.6,20210300
3/1/2011,YHOO,16.459999,16.1,16.08,16.49,16702800
3/2/2011,YHOO,16.65,16.629999,16.6,16.85,24521100
3/3/2011,YHOO,16.85,16.860001,16.76,17.049999,35202100
3/4/2011,YHOO,16.75,17.08,16.719999,17.200001,20274200
3/7/2011,YHOO,17.07,16.700001,16.49,17.15,18770800
3/8/2011,YHOO,16.74,16.940001,16.719999,17.02,12717200
3/9/2011,YHOO,16.889999,17.65,16.85,17.700001,33798000
3/10/2011,YHOO,17.299999,17.059999,16.93,17.389999,25659700
3/11/2011,YHOO,17,17.42,17,17.540001,19454900
3/14/2011,YHOO,17.24,17.309999,17.09,17.440001,21615500
3/15/2011,YHOO,16.66,16.33,16.040001,16.68,51489300
3/16/2011,YHOO,16.33,15.91,15.85,16.48,38378500
3/17/2011,YHOO,16.16,15.86,15.81,16.42,37548800
3/18/2011,YHOO,16.1,16.030001,16.01,16.190001,26660400
3/21/2011,YHOO,16.18,16.290001,16.16,16.5,20613700
3/22/2011,YHOO,16.290001,16.360001,16.16,16.48,30692400
3/23/2011,YHOO,16.299999,16.129999,15.98,16.34,30842500
3/24/2011,YHOO,16.190001,16.83,16.17,16.91,20120300
3/25/2011,YHOO,16.940001,16.959999,16.700001,17.049999,21047200
3/28/2011,YHOO,17.01,16.58,16.58,17.059999,16066700
3/29/2011,YHOO,16.6,16.75,16.530001,16.780001,10037900
3/30/2011,YHOO,16.83,16.74,16.68,16.92,12944600
3/31/2011,YHOO,16.709999,16.68,16.65,16.879999,15131500
4/1/2011,YHOO,16.83,16.84,16.719999,16.98,12487400
4/4/2011,YHOO,16.9,16.870001,16.809999,17.049999,9560800
4/5/2011,YHOO,16.809999,17.110001,16.790001,17.290001,18464500
4/6/2011,YHOO,17.17,17.049999,16.940001,17.200001,13298700
4/7/2011,YHOO,16.91,17,16.790001,17.1,12778700
4/8/2011,YHOO,17.08,16.77,16.77,17.110001,13114200
4/11/2011,YHOO,16.91,16.59,16.370001,16.959999,34841900
4/12/2011,YHOO,16.549999,16.360001,16.290001,16.639999,19783600
4/13/2011,YHOO,16.43,16.639999,16.43,16.690001,16700400
4/14/2011,YHOO,16.549999,16.690001,16.43,16.82,16595500
4/15/2011,YHOO,16.639999,16.620001,16.540001,16.780001,14756500
4/18/2011,YHOO,16.35,16.35,16.059999,16.440001,21935700
4/19/2011,YHOO,16.209999,16.120001,16.08,16.360001,31547400
4/20/2011,YHOO,16.700001,16.870001,16.59,17.23,34310400
4/21/2011,YHOO,16.93,16.85,16.74,16.940001,13985200
4/25/2011,YHOO,17.01,17.110001,16.9,17.309999,17771500
4/26/2011,YHOO,17.110001,17.280001,17.02,17.370001,20000000
4/27/2011,YHOO,17.299999,17.26,17.18,17.43,16642400
4/28/2011,YHOO,17.219999,17.51,17.17,17.530001,14400000
4/29/2011,YHOO,17.459999,17.700001,17.360001,17.77,30800000
5/2/2011,YHOO,17.790001,18.139999,17.57,18.35,44030600
5/3/2011,YHOO,18.23,17.92,17.879999,18.639999,32600000
5/4/2011,YHOO,17.99,18.200001,17.959999,18.379999,23584900
5/5/2011,YHOO,18.120001,18.43,18.049999,18.559999,30800000
5/6/2011,YHOO,18.59,18.65,18.379999,18.799999,29690800
5/9/2011,YHOO,18.6,18.559999,18.540001,18.84,15595600
5/10/2011,YHOO,18.67,18.549999,18.42,18.700001,18475100
5/11/2011,YHOO,18.450001,17.200001,16.74,18.610001,131200000
5/12/2011,YHOO,17.120001,17.17,16.93,17.809999,53000000
5/13/2011,YHOO,16.139999,16.549999,15.96,16.84,120057600
5/16/2011,YHOO,16.68,15.81,15.63,16.690001,62082200
5/17/2011,YHOO,15.88,16,15.73,16.07,31205200
5/18/2011,YHOO,16.07,15.96,15.75,16.16,25880200
5/19/2011,YHOO,16.049999,16.35,16.040001,16.49,40356400
5/20/2011,YHOO,16.32,16.299999,16.15,16.440001,23582700
5/23/2011,YHOO,16.049999,16.059999,16,16.17,19300000
5/24/2011,YHOO,16.110001,16.139999,16.049999,16.41,23150600
5/25/2011,YHOO,16.190001,16.15,16.1,16.99,34172600
5/26/2011,YHOO,16.18,15.98,15.88,16.219999,23999500
5/27/2011,YHOO,16.030001,16.02,15.95,16.190001,20091200
5/31/2011,YHOO,16.17,16.549999,16.120001,16.59,30266600
6/1/2011,YHOO,16.34,15.85,15.79,16.43,40295600
6/2/2011,YHOO,16,16.02,15.87,16.110001,21005000
6/3/2011,YHOO,15.82,15.68,15.63,16,22245200
6/6/2011,YHOO,15.65,15.45,15.41,15.85,18200400
6/7/2011,YHOO,15.54,15.45,15.32,15.65,16516100
6/8/2011,YHOO,15.37,15.1,15.08,15.38,21986600
6/9/2011,YHOO,15.18,15.22,14.94,15.33,18681900
6/10/2011,YHOO,15.27,15.2,15.11,15.73,19452400
6/13/2011,YHOO,15.2,15.16,15.1,15.34,14581200
6/14/2011,YHOO,15.26,15.2,15.19,15.56,21994400
6/15/2011,YHOO,15.01,14.81,14.5,15.05,41286100
6/16/2011,YHOO,15.01,14.78,14.65,15.09,24446700
6/17/2011,YHOO,14.98,14.7,14.56,14.98,22963400
6/20/2011,YHOO,14.66,14.99,14.66,15.42,32646500
6/21/2011,YHOO,15.03,15.35,14.91,15.38,17507800
6/22/2011,YHOO,15.29,15.23,15.19,15.53,30154700
6/23/2011,YHOO,15.08,15.08,14.72,15.09,32524700
6/24/2011,YHOO,15.08,14.89,14.85,15.16,25340600
6/27/2011,YHOO,14.87,14.88,14.77,14.98,13836300
6/28/2011,YHOO,14.95,14.95,14.88,15.18,16056600
6/29/2011,YHOO,14.96,14.89,14.68,15.05,25465200
6/30/2011,YHOO,14.98,15.04,14.64,15.1,34905700
7/1/2011,YHOO,15.08,15.45,15.02,15.5,16272500
7/5/2011,YHOO,15.4,15.49,15.25,15.67,20481700
7/6/2011,YHOO,15.53,15.72,15.52,15.81,18287200
7/7/2011,YHOO,15.78,15.81,15.7,15.95,20991400
7/8/2011,YHOO,15.62,15.61,15.44,15.69,14364900
7/11/2011,YHOO,15.43,15.05,14.99,15.44,21486700
7/12/2011,YHOO,15.01,14.86,14.85,15.18,22791100
7/13/2011,YHOO,15.01,14.91,14.87,15.1,16646100
7/14/2011,YHOO,14.88,14.63,14.6,14.99,27078600
7/15/2011,YHOO,14.75,14.69,14.61,14.94,19745100
7/18/2011,YHOO,14.68,14.42,14.37,14.69,24504800
7/19/2011,YHOO,14.57,14.59,14.45,14.69,30168200
7/20/2011,YHOO,14.15,13.48,13.45,14.15,63098400
7/21/2011,YHOO,13.5,13.59,13.36,13.63,30487100
7/22/2011,YHOO,13.65,13.98,13.57,14.05,30144800
7/25/2011,YHOO,13.84,13.69,13.68,13.88,16725400
7/26/2011,YHOO,13.7,13.94,13.65,13.99,20934200
7/27/2011,YHOO,13.87,13.59,13.57,13.9,20559500
7/28/2011,YHOO,13.6,13.5,13.43,13.71,20636500
7/29/2011,YHOO,13.89,13.1,13.04,14.07,67798500
8/1/2011,YHOO,13.24,13.1,12.95,13.34,26880000
8/2/2011,YHOO,12.96,12.76,12.75,13.18,25800300
8/3/2011,YHOO,12.77,13.02,12.53,13.07,26161900
8/4/2011,YHOO,12.8,12,11.99,12.86,39442300
8/5/2011,YHOO,12.08,11.74,11.41,12.12,47066200
8/8/2011,YHOO,11.43,11.09,11.09,11.8,59577600
8/9/2011,YHOO,11.3,12.09,11.25,12.09,47484100
8/10/2011,YHOO,11.77,11.77,11.62,12.14,48027400
8/11/2011,YHOO,11.89,12.86,11.88,12.92,51098800
8/12/2011,YHOO,12.81,13.59,12.76,13.62,48472500
8/15/2011,YHOO,13.63,13.47,13.27,13.69,25682800
8/16/2011,YHOO,13.34,13.48,13.18,13.57,25581900
8/17/2011,YHOO,13.49,13.47,13.32,13.62,17006500
8/18/2011,YHOO,13.02,12.96,12.8,13.09,30447700
8/19/2011,YHOO,12.75,12.92,12.72,13.08,26183900
8/22/2011,YHOO,13.16,12.84,12.77,13.23,14199400
8/23/2011,YHOO,12.91,13.35,12.75,13.35,17186500
8/24/2011,YHOO,13.28,13.15,12.79,13.3,24967200
8/25/2011,YHOO,13.12,12.87,12.81,13.21,21811800
8/26/2011,YHOO,12.8,12.74,12.52,12.89,35882600
8/29/2011,YHOO,12.9,13.68,12.69,13.68,30990800
8/30/2011,YHOO,13.3,13.84,13.23,13.98,29162300
8/31/2011,YHOO,13.91,13.61,13.54,13.94,25390700
9/1/2011,YHOO,13.67,13.35,13.32,13.78,17962700
9/2/2011,YHOO,13.12,12.87,12.86,13.13,20508600
9/6/2011,YHOO,12.52,12.91,12.45,12.95,54455300
9/7/2011,YHOO,13.75,13.61,13.24,14,77324200
9/8/2011,YHOO,13.57,14.44,13.37,14.49,93972000
9/9/2011,YHOO,14.36,14.48,14.07,14.57,60031900
9/12/2011,YHOO,14.12,14.26,13.92,14.28,32692700
9/13/2011,YHOO,14.3,14.26,14.12,14.34,19928800
9/14/2011,YHOO,14.47,14.55,14.34,14.94,37385000
9/15/2011,YHOO,14.73,14.89,14.51,15.4,58585100
9/16/2011,YHOO,15.09,14.97,14.94,15.34,56827900
9/19/2011,YHOO,14.76,14.61,14.4,14.79,27290100
9/20/2011,YHOO,14.53,14.36,14.28,14.66,21767200
9/21/2011,YHOO,14.38,13.96,13.96,14.6,32012800
9/22/2011,YHOO,14.2,13.99,13.69,14.25,60456300
9/23/2011,YHOO,14.23,14.71,14.12,14.83,49333200
9/26/2011,YHOO,14.79,14.75,14.23,14.8,24466200
9/27/2011,YHOO,14.92,14.54,14.44,15,25084400
9/28/2011,YHOO,14.61,14.19,14.15,14.62,21284700
9/29/2011,YHOO,14.34,13.42,13.15,14.39,45776600
9/30/2011,YHOO,13.21,13.17,13.11,13.44,30232800
10/3/2011,YHOO,13.7,13.53,13.37,14.04,43196300
10/4/2011,YHOO,14,14.46,13.87,14.48,44487200
10/5/2011,YHOO,14.66,15.92,14.39,16.15,97330200
10/6/2011,YHOO,15.16,15.65,14.92,15.8,49961100
10/7/2011,YHOO,15.64,15.47,15.38,15.75,27954000
10/10/2011,YHOO,15.86,15.84,15.62,16.040001,33085000
10/11/2011,YHOO,15.79,15.86,15.59,15.95,18050300
10/12/2011,YHOO,15.93,15.77,15.67,15.95,20585400
10/13/2011,YHOO,15.76,15.93,15.54,16.370001,32487300
10/14/2011,YHOO,16.129999,15.91,15.66,16.15,23520100
10/17/2011,YHOO,15.95,15.7,15.65,16.040001,21204000
10/18/2011,YHOO,15.72,15.47,15.11,15.74,31377900
10/19/2011,YHOO,16.040001,15.94,15.73,16.790001,54264500
10/20/2011,YHOO,16.200001,16.18,15.97,16.49,40816900
10/21/2011,YHOO,16.379999,16.120001,16.059999,16.389999,29739400
10/24/2011,YHOO,16.57,16.709999,16.309999,16.75,29864000
10/25/2011,YHOO,16.66,16.24,16.18,16.700001,24059700
10/26/2011,YHOO,16.33,16.299999,15.86,16.440001,23630100
10/27/2011,YHOO,16.559999,16.629999,16.450001,16.700001,19772200
10/28/2011,YHOO,16.41,16.559999,16.25,16.700001,20286900
10/31/2011,YHOO,16.059999,15.64,15.45,16.07,39763700
11/1/2011,YHOO,14.95,14.93,14.75,15.08,41834700
11/2/2011,YHOO,15.1,15.1,15,15.3,20758800
11/3/2011,YHOO,15.2,15.48,15.03,15.5,16809500
11/4/2011,YHOO,15.39,15.24,14.95,15.54,41853000
11/7/2011,YHOO,15.26,15.69,15.25,15.7,22390700
11/8/2011,YHOO,15.87,15.97,15.81,16.18,25079700
11/9/2011,YHOO,16.17,15.92,15.87,16.5,45328300
11/10/2011,YHOO,16.18,15.95,15.84,16.219999,15366400
11/11/2011,YHOO,15.96,16.27,15.91,16.309999,14541600
11/14/2011,YHOO,16.17,16,15.93,16.309999,14277600
11/15/2011,YHOO,15.93,15.93,15.7,16.049999,17650700
11/16/2011,YHOO,15.8,15.72,15.7,16.1,14367600
11/17/2011,YHOO,15.69,15.34,15.2,15.77,17443700
11/18/2011,YHOO,15.57,15.38,15.37,15.69,17160300
11/21/2011,YHOO,15.19,14.99,14.77,15.19,23676900
11/22/2011,YHOO,14.88,14.97,14.75,15.08,14836000
11/23/2011,YHOO,15.2,14.94,14.83,15.24,20125200
11/25/2011,YHOO,15,15.1,14.9,15.25,10781800
11/28/2011,YHOO,15.24,15.35,15.21,15.47,19029000
11/29/2011,YHOO,15.6,15.7,15.45,15.94,29294000
11/30/2011,YHOO,15.9,15.71,15.65,16.040001,34718200
12/1/2011,YHOO,16.42,16.23,16.09,16.459999,47059800
12/2/2011,YHOO,16.309999,16.049999,16.030001,16.41,22714500
12/5/2011,YHOO,16.110001,15.89,15.83,16.139999,19896500
12/6/2011,YHOO,15.9,15.84,15.84,16.049999,17333200
12/7/2011,YHOO,15.82,15.62,15.56,15.86,19750500
12/8/2011,YHOO,15.6,15.61,15.53,15.76,18126100
12/9/2011,YHOO,15.61,15.94,15.6,15.96,13446300
12/12/2011,YHOO,15.71,15.47,15.41,15.72,14689400
12/13/2011,YHOO,15.54,15.42,15.35,15.74,15584400
12/14/2011,YHOO,15.19,15.02,14.8,15.28,27251100
12/15/2011,YHOO,15.21,15.16,15.01,15.29,14829800
12/16/2011,YHOO,15.05,14.96,14.92,15.26,32617200
12/19/2011,YHOO,14.95,14.62,14.57,15,21447300
12/20/2011,YHOO,14.68,15.11,14.68,15.19,15885700
12/21/2011,YHOO,15.15,15.99,14.74,16.24,47127600
12/22/2011,YHOO,16.360001,16,15.95,16.4,33812800
12/23/2011,YHOO,16.049999,16.190001,15.87,16.26,17865900
12/27/2011,YHOO,16.16,16.09,16.01,16.17,9739500
12/28/2011,YHOO,16.030001,15.78,15.67,16.049999,14679900
12/29/2011,YHOO,15.95,16.129999,15.8,16.23,15280900
12/30/2011,YHOO,16.18,16.129999,16.030001,16.209999,10832800
1/3/2012,YHOO,16.27,16.290001,16.200001,16.389999,19708600
1/4/2012,YHOO,16.120001,15.78,15.74,16.16,35655300
1/5/2012,YHOO,15.6,15.64,15.44,15.69,19422800
1/6/2012,YHOO,15.64,15.52,15.4,15.66,13308400
1/9/2012,YHOO,15.59,15.46,15.35,15.61,13191900
1/10/2012,YHOO,15.57,15.51,15.5,15.71,14048800
1/11/2012,YHOO,15.56,15.53,15.35,15.62,10800800
1/12/2012,YHOO,15.58,15.66,15.45,15.73,12664600
1/13/2012,YHOO,15.65,15.48,15.43,15.67,11704700
1/17/2012,YHOO,15.63,15.43,15.39,15.66,15334200
1/18/2012,YHOO,15.87,15.92,15.69,16,35695800
1/19/2012,YHOO,15.9,16.120001,15.89,16.15,22645000
1/20/2012,YHOO,16.110001,15.96,15.85,16.110001,22003800
1/23/2012,YHOO,15.85,15.68,15.64,15.93,17864500
1/24/2012,YHOO,15.57,15.69,15.55,15.81,17152200
1/25/2012,YHOO,15.6,15.56,15.46,15.71,23349500
1/26/2012,YHOO,15.63,15.53,15.42,15.69,15408400
1/27/2012,YHOO,15.5,15.74,15.46,15.8,10859000
1/30/2012,YHOO,15.61,15.55,15.5,15.65,11076900
1/31/2012,YHOO,15.54,15.47,15.41,15.62,10725500
2/1/2012,YHOO,15.57,15.73,15.53,15.8,13221000
2/2/2012,YHOO,15.76,15.72,15.69,15.82,9948800
2/3/2012,YHOO,15.94,15.92,15.83,15.98,13652100
2/6/2012,YHOO,15.94,15.82,15.76,15.95,11291100
2/7/2012,YHOO,15.84,15.83,15.74,15.89,13504500
2/8/2012,YHOO,15.96,15.78,15.72,15.97,13439400
2/9/2012,YHOO,16.1,16,15.9,16.1,22553000
2/10/2012,YHOO,16.02,16.139999,16,16.309999,27790100
2/13/2012,YHOO,16.129999,16.120001,16.049999,16.24,10067300
2/14/2012,YHOO,16.07,15.37,14.92,16.1,88638700
2/15/2012,YHOO,15.23,15.12,15.08,15.3,25318400
2/16/2012,YHOO,15.25,15.36,15.1,15.38,15377400
2/17/2012,YHOO,15.41,15.01,15,15.44,22889500
2/21/2012,YHOO,15.04,14.75,14.75,15.07,29696600
2/22/2012,YHOO,14.68,14.5,14.43,14.75,27187200
2/23/2012,YHOO,14.55,14.78,14.37,14.81,15689700
2/24/2012,YHOO,14.86,14.89,14.83,14.97,12105400
2/27/2012,YHOO,14.74,14.86,14.72,14.91,13431000
2/28/2012,YHOO,14.93,14.9,14.76,14.99,15395600
2/29/2012,YHOO,14.89,14.83,14.78,14.93,19611100
3/1/2012,YHOO,14.89,14.93,14.79,14.96,12283300
3/2/2012,YHOO,14.89,14.72,14.66,14.92,9164900
3/5/2012,YHOO,14.66,14.62,14.52,14.95,11749700
3/6/2012,YHOO,14.61,14.42,14.35,14.69,12696600
3/7/2012,YHOO,14.48,14.62,14.44,14.71,10622500
3/8/2012,YHOO,14.7,14.62,14.52,14.77,11271400
3/9/2012,YHOO,14.63,14.63,14.61,14.7,9769900
3/12/2012,YHOO,14.66,14.49,14.48,14.76,11309200
3/13/2012,YHOO,14.54,14.55,14.39,14.62,17134400
3/14/2012,YHOO,14.54,14.63,14.42,14.64,14765500
3/15/2012,YHOO,14.64,14.89,14.57,14.98,19809800
3/16/2012,YHOO,14.95,15.18,14.92,15.18,28337600
3/19/2012,YHOO,15.08,15.15,14.92,15.22,16649600
3/20/2012,YHOO,15,15.41,14.92,15.61,22095600
3/21/2012,YHOO,15.42,15.51,15.17,15.61,25024100
3/22/2012,YHOO,15.51,15.49,15.38,15.56,14618600
3/23/2012,YHOO,15.52,15.39,15.31,15.59,8493700
3/26/2012,YHOO,15.46,15.54,15.36,15.56,11500800
3/27/2012,YHOO,15.53,15.43,15.41,15.55,11891000
3/28/2012,YHOO,15.45,15.32,15.14,15.48,18831800
3/29/2012,YHOO,15.19,15.3,15.11,15.34,9933800
3/30/2012,YHOO,15.37,15.22,15.18,15.42,15514100
4/2/2012,YHOO,15.19,15.46,15.11,15.51,14423800
4/3/2012,YHOO,15.36,15.18,15.06,15.43,18215000
4/4/2012,YHOO,15.15,15.27,15,15.34,20954600
4/5/2012,YHOO,15.14,15.07,15,15.26,11717000
4/9/2012,YHOO,15,15.1,14.96,15.25,11335400
4/10/2012,YHOO,15.08,14.99,14.91,15.18,15284200
4/11/2012,YHOO,15.08,14.88,14.84,15.08,11200900
4/12/2012,YHOO,14.9,15.06,14.84,15.1,9487500
4/13/2012,YHOO,14.99,14.87,14.86,15.18,15335800
4/16/2012,YHOO,15,14.79,14.73,15.04,13639200
4/17/2012,YHOO,14.82,15.01,14.82,15.18,20559000
4/18/2012,YHOO,15.4,15.49,15.3,15.57,36559000
4/19/2012,YHOO,15.44,15.4,15.36,15.57,18431200
4/20/2012,YHOO,15.41,15.6,15.39,15.7,24558400
4/23/2012,YHOO,15.41,15.33,15.29,15.47,21683700
4/24/2012,YHOO,15.33,15.43,15.33,15.52,12140200
4/25/2012,YHOO,15.43,15.5,15.38,15.51,13236900
4/26/2012,YHOO,15.44,15.53,15.38,15.55,12542800
4/27/2012,YHOO,15.51,15.57,15.49,15.62,9711600
4/30/2012,YHOO,15.55,15.54,15.45,15.57,10894600
5/1/2012,YHOO,15.51,15.63,15.5,15.73,9799300
5/2/2012,YHOO,15.58,15.67,15.54,15.77,10841000
5/3/2012,YHOO,15.65,15.4,15.33,15.65,10932700
5/4/2012,YHOO,15.25,15.15,15.09,15.29,13771300
5/7/2012,YHOO,15.34,15.35,15.16,15.49,13466000
5/8/2012,YHOO,15.31,15.36,15.09,15.44,18603600
5/9/2012,YHOO,15.17,15.3,15.03,15.45,19008500
5/10/2012,YHOO,15.4,15.44,15.3,15.54,11175700
5/11/2012,YHOO,14.88,15.19,14.8,15.44,21134300
5/14/2012,YHOO,15.48,15.5,15.4,15.77,30818600
5/15/2012,YHOO,15.47,15.4,15.34,15.55,13742500
5/16/2012,YHOO,15.4,15.28,15.26,15.57,17247400
5/17/2012,YHOO,15.26,14.87,14.85,15.37,17345100
5/18/2012,YHOO,15.78,15.42,15.36,15.87,32679400
5/21/2012,YHOO,16,15.58,15.1,16,51145800
5/22/2012,YHOO,15.58,15.29,15.19,15.61,33542000
5/23/2012,YHOO,15.19,15.38,15.14,15.43,18115300
5/24/2012,YHOO,15.34,15.35,15.22,15.51,13875600
5/25/2012,YHOO,15.4,15.36,15.28,15.48,13629000
5/29/2012,YHOO,15.4,15.47,15.28,15.55,18464900
5/30/2012,YHOO,15.3,15.25,15.16,15.34,14924600
5/31/2012,YHOO,15.23,15.24,15.12,15.37,17160000
6/1/2012,YHOO,15.04,14.92,14.85,15.12,16196700
6/4/2012,YHOO,14.9,15.01,14.81,15.03,15478000
6/5/2012,YHOO,15,15.1,14.91,15.14,9725400
6/6/2012,YHOO,15.14,15.36,15.14,15.41,18295500
6/7/2012,YHOO,15.47,15.36,15.33,15.5,12635700
6/8/2012,YHOO,15.52,15.65,15.4,15.68,16420600
6/11/2012,YHOO,15.73,15.3,15.27,15.73,17145100
6/12/2012,YHOO,15.35,15.47,15.26,15.52,17012500
6/13/2012,YHOO,15.47,15.34,15.27,15.49,16454100
6/14/2012,YHOO,15.3,15.36,15.25,15.46,11612700
6/15/2012,YHOO,15.44,15.36,15.33,15.44,11716500
6/18/2012,YHOO,15.33,15.49,15.27,15.54,9654000
6/19/2012,YHOO,15.52,15.65,15.51,15.69,10635800
6/20/2012,YHOO,15.69,15.74,15.58,15.75,11260700
6/21/2012,YHOO,15.74,15.52,15.47,15.8,13102700
6/22/2012,YHOO,15.53,15.61,15.52,15.7,11042700
6/25/2012,YHOO,15.51,15.44,15.31,15.55,13383100
6/26/2012,YHOO,15.4,15.35,15.19,15.47,13640400
6/27/2012,YHOO,15.41,15.52,15.38,15.63,11261800
6/28/2012,YHOO,15.41,15.45,15.29,15.48,12479200
6/29/2012,YHOO,15.61,15.83,15.53,15.83,13501800
7/2/2012,YHOO,15.8,15.84,15.76,15.94,7226600
7/3/2012,YHOO,15.83,15.98,15.82,15.99,8148400
7/5/2012,YHOO,15.9,15.85,15.81,15.99,11440800
7/6/2012,YHOO,15.8,15.78,15.68,15.91,12151600
7/9/2012,YHOO,15.78,15.75,15.7,15.84,10375900
7/10/2012,YHOO,15.83,15.82,15.71,15.98,15933900
7/11/2012,YHOO,15.82,15.8,15.68,15.94,16482300
7/12/2012,YHOO,15.63,15.69,15.54,15.81,18390200
7/13/2012,YHOO,15.7,15.74,15.69,15.84,11811600
7/16/2012,YHOO,15.69,15.65,15.6,15.8,14982900
7/17/2012,YHOO,15.85,15.6,15.42,15.89,30596300
7/18/2012,YHOO,15.64,15.7,15.51,15.75,19270600
7/19/2012,YHOO,15.71,15.73,15.64,15.86,15985300
7/20/2012,YHOO,15.75,15.92,15.68,15.94,16919700
7/23/2012,YHOO,15.7,15.76,15.59,15.81,14825800
7/24/2012,YHOO,15.74,15.43,15.23,15.76,19733400
7/25/2012,YHOO,15.52,15.5,15.4,15.64,15092000
7/26/2012,YHOO,15.69,15.8,15.62,15.88,11033200
7/27/2012,YHOO,15.88,16.110001,15.84,16.17,14220800
7/30/2012,YHOO,16.15,15.98,15.9,16.15,10187600
7/31/2012,YHOO,16,15.84,15.81,16.059999,13753800
8/1/2012,YHOO,15.86,15.99,15.83,16.07,14008000
8/2/2012,YHOO,15.86,15.75,15.64,16,12900500
8/3/2012,YHOO,15.89,15.97,15.82,16.030001,9140800
8/6/2012,YHOO,16,16.040001,15.95,16.07,8803900
8/7/2012,YHOO,16.09,16.219999,16.07,16.370001,17281700
8/8/2012,YHOO,16.15,16.17,16.09,16.32,7379000
8/9/2012,YHOO,16.16,16.01,15.98,16.16,8613100
8/10/2012,YHOO,15.25,15.15,15.01,15.35,61987300
8/13/2012,YHOO,15.03,15.02,15,15.21,20849400
8/14/2012,YHOO,15.04,14.73,14.69,15.05,29655200
8/15/2012,YHOO,14.77,14.76,14.65,14.86,20682900
8/16/2012,YHOO,14.81,14.99,14.75,15.01,24971900
8/17/2012,YHOO,15.02,15.03,14.85,15.07,19640700
8/20/2012,YHOO,14.99,14.96,14.88,15.05,11193900
8/21/2012,YHOO,14.95,14.97,14.88,15.01,27934700
8/22/2012,YHOO,14.95,14.92,14.86,14.99,9168400
8/23/2012,YHOO,14.9,14.87,14.82,14.97,12463000
8/24/2012,YHOO,14.82,14.92,14.77,14.94,8650400
8/27/2012,YHOO,14.92,14.85,14.77,14.93,10054000
8/28/2012,YHOO,14.84,14.72,14.69,14.87,12706400
8/29/2012,YHOO,14.73,14.84,14.7,14.94,21113600
8/30/2012,YHOO,14.81,14.67,14.64,14.84,10698800
8/31/2012,YHOO,14.79,14.65,14.59,14.82,11619700
9/4/2012,YHOO,14.64,14.89,14.59,14.98,18809200
9/5/2012,YHOO,14.86,15.09,14.85,15.14,21118800
9/6/2012,YHOO,15.13,15.11,14.96,15.15,18011600
9/7/2012,YHOO,15.12,15.22,15.1,15.29,12988700
9/10/2012,YHOO,15.19,15.11,15.11,15.28,10520100
9/11/2012,YHOO,15.09,15.16,15.06,15.25,8036400
9/12/2012,YHOO,15.3,15.4,15.28,15.55,22006000
9/13/2012,YHOO,15.38,15.6,15.37,15.69,12136300
9/14/2012,YHOO,15.7,15.77,15.62,15.84,17642600
9/17/2012,YHOO,15.81,15.68,15.63,15.84,11697700
9/18/2012,YHOO,15.65,15.91,15.6,16.17,42449600
9/19/2012,YHOO,15.96,15.86,15.84,16.129999,30681100
9/20/2012,YHOO,15.76,15.79,15.65,15.86,18169800
9/21/2012,YHOO,15.72,15.74,15.66,15.82,49167000
9/24/2012,YHOO,15.69,16,15.6,16.040001,23019900
9/25/2012,YHOO,16.09,15.68,15.67,16.09,22966300
9/26/2012,YHOO,15.71,15.61,15.55,15.81,12784100
9/27/2012,YHOO,15.9,16.040001,15.79,16.200001,24416200
9/28/2012,YHOO,16.01,15.98,15.93,16.09,19744300
10/1/2012,YHOO,16,15.83,15.77,16.09,20601900
10/2/2012,YHOO,16.030001,15.94,15.88,16.040001,13696700
10/3/2012,YHOO,16,16.209999,15.99,16.24,20399000
10/4/2012,YHOO,16.219999,16.27,16.15,16.35,17283900
10/5/2012,YHOO,16.27,16.09,16.09,16.379999,9240400
10/8/2012,YHOO,16.02,16.030001,16,16.16,11736700
10/9/2012,YHOO,16.030001,15.85,15.81,16.049999,14110000
10/10/2012,YHOO,15.83,15.83,15.8,15.99,14546300
10/11/2012,YHOO,15.94,15.92,15.84,16.02,12973000
10/12/2012,YHOO,15.9,15.88,15.86,16.02,12239100
10/15/2012,YHOO,15.85,15.68,15.65,15.87,20786500
10/16/2012,YHOO,15.82,15.92,15.76,15.98,20574100
10/17/2012,YHOO,15.85,16.09,15.83,16.120001,19570500
10/18/2012,YHOO,16.23,16,15.83,16.24,26361000
10/19/2012,YHOO,16,15.84,15.83,16.030001,32893100
10/22/2012,YHOO,15.81,15.77,15.74,15.95,32288000
10/23/2012,YHOO,16.530001,16.67,16.26,16.790001,71575400
10/24/2012,YHOO,16.780001,16.549999,16.48,16.799999,25119700
10/25/2012,YHOO,16.719999,16.610001,16.49,16.77,23080800
10/26/2012,YHOO,16.540001,16.790001,16.52,16.82,23374200
10/31/2012,YHOO,16.809999,16.84,16.6,16.889999,21058800
11/1/2012,YHOO,16.9,16.950001,16.860001,17.049999,19764900
11/2/2012,YHOO,17,17.110001,16.950001,17.139999,27568700
11/5/2012,YHOO,17.1,17.370001,17.01,17.43,31854300
11/6/2012,YHOO,17.440001,17.459999,17.32,17.530001,26321200
11/7/2012,YHOO,17.24,17.389999,17.18,17.559999,24344200
11/8/2012,YHOO,17.299999,17.24,17.23,17.5,20322000
11/9/2012,YHOO,17.219999,17.26,17.18,17.52,23832100
11/12/2012,YHOO,17.18,17.51,17.17,17.559999,22361500
11/13/2012,YHOO,17.42,17.85,17.379999,17.85,29016900
11/14/2012,YHOO,17.9,17.83,17.75,18.08,36398900
11/15/2012,YHOO,17.82,17.889999,17.74,18.16,35659000
11/16/2012,YHOO,17.91,17.860001,17.76,18.02,31014300
11/19/2012,YHOO,18.02,18.360001,17.870001,18.370001,32995900
11/20/2012,YHOO,18.440001,18.24,18.190001,18.5,26228200
11/21/2012,YHOO,18.24,18.4,18.200001,18.5,19584800
11/23/2012,YHOO,18.5,18.57,18.4,18.59,7714800
11/26/2012,YHOO,18.879999,18.76,18.700001,19,34042700
11/27/2012,YHOO,18.870001,18.93,18.799999,19.16,29330500
11/28/2012,YHOO,18.780001,18.91,18.530001,18.950001,30313200
11/29/2012,YHOO,18.950001,18.870001,18.85,19.030001,27259800
11/30/2012,YHOO,18.9,18.77,18.690001,18.950001,24075300
12/3/2012,YHOO,18.549999,18.549999,18.34,18.84,29603000
12/4/2012,YHOO,18.639999,18.93,18.6,18.959999,30725600
12/5/2012,YHOO,18.98,18.889999,18.77,19.030001,24739100
12/6/2012,YHOO,18.780001,19.200001,18.77,19.280001,25312800
12/7/2012,YHOO,19.16,19.200001,19.059999,19.299999,19159700
12/10/2012,YHOO,19.18,19.43,19.15,19.469999,24127800
12/11/2012,YHOO,19.530001,19.52,19.43,19.629999,19049500
12/12/2012,YHOO,19.559999,19.379999,19.34,19.6,22899200
12/13/2012,YHOO,19.440001,19.35,19.26,19.540001,20454600
12/14/2012,YHOO,19.4,19.639999,19.4,19.719999,19580400
12/17/2012,YHOO,19.719999,19.690001,19.530001,19.74,14760300
12/18/2012,YHOO,19.719999,19.620001,19.58,19.76,17094600
12/19/2012,YHOO,19.59,19.6,19.58,19.690001,12351400
12/20/2012,YHOO,19.58,19.690001,19.41,19.709999,24572800
12/21/2012,YHOO,19.49,19.35,19.23,19.49,32727700
12/24/2012,YHOO,19.450001,19.65,19.379999,19.66,11431500
12/26/2012,YHOO,19.700001,19.57,19.52,19.75,9376200
12/27/2012,YHOO,19.540001,19.6,19.440001,19.67,13999400
12/28/2012,YHOO,19.440001,19.5,19.280001,19.57,16667800
12/31/2012,YHOO,19.43,19.9,19.4,19.969999,20645100
1/2/2013,YHOO,20.200001,20.08,20.01,20.32,20463100
1/3/2013,YHOO,20.049999,19.780001,19.719999,20.1,19504400
1/4/2013,YHOO,19.76,19.860001,19.719999,19.950001,12489600
1/7/2013,YHOO,19.559999,19.4,19.280001,19.58,23864500
1/8/2013,YHOO,19.32,19.66,19.299999,19.68,16931700
1/9/2013,YHOO,19.73,19.32,19.219999,19.75,21646700
1/10/2013,YHOO,19.190001,18.99,18.93,19.379999,30647000
1/11/2013,YHOO,19.049999,19.290001,18.889999,19.379999,21552200
1/14/2013,YHOO,19.33,19.43,19.25,19.540001,13828400
1/15/2013,YHOO,19.280001,19.52,19.280001,19.540001,16087600
1/16/2013,YHOO,19.91,20.07,19.620001,20.139999,33291700
1/17/2013,YHOO,20.139999,20.129999,20,20.209999,14500600
1/18/2013,YHOO,20.07,20.02,19.969999,20.17,13535100
1/22/2013,YHOO,19.91,19.9,19.719999,19.950001,13866900
1/23/2013,YHOO,19.98,20.110001,19.91,20.190001,13857900
1/24/2013,YHOO,20.08,20.440001,20.07,20.52,13711400
1/25/2013,YHOO,20.43,20.370001,20.23,20.48,14954300
1/28/2013,YHOO,20.5,20.309999,20.200001,20.5,39510100
1/29/2013,YHOO,20.870001,19.700001,19.68,20.879999,57652300
1/30/2013,YHOO,19.92,20.120001,19.690001,20.120001,36572300
1/31/2013,YHOO,19.92,19.629999,19.57,19.99,34973700
2/1/2013,YHOO,19.77,19.76,19.58,19.83,27610600
2/4/2013,YHOO,19.76,19.34,19.309999,19.809999,23906500
2/5/2013,YHOO,19.49,19.66,19.42,19.780001,13559800
2/6/2013,YHOO,19.629999,19.85,19.59,19.9,15392300
2/7/2013,YHOO,20.1,20.32,19.93,20.43,24705600
2/8/2013,YHOO,20.379999,20.5,20.299999,20.610001,22249700
2/11/2013,YHOO,20.440001,20.9,20.389999,20.98,22089900
2/12/2013,YHOO,20.940001,21.209999,20.889999,21.4,27750200
2/13/2013,YHOO,21.15,21.15,21.07,21.43,18797900
2/14/2013,YHOO,21.1,21.18,21.059999,21.26,12817900
2/15/2013,YHOO,21.15,21.02,20.9,21.25,12584000
2/19/2013,YHOO,21.030001,21.290001,20.969999,21.41,16665800
2/20/2013,YHOO,21.309999,20.92,20.9,21.450001,14438900
2/21/2013,YHOO,20.92,20.83,20.74,21,13296100
2/22/2013,YHOO,20.870001,21.219999,20.85,21.309999,13673300
2/25/2013,YHOO,21.26,20.73,20.719999,21.32,13334900
2/26/2013,YHOO,20.68,20.76,20.58,20.85,14038200
2/27/2013,YHOO,20.809999,21.16,20.690001,21.309999,15697300
2/28/2013,YHOO,21.059999,21.309999,21.049999,21.57,18873700
3/1/2013,YHOO,21.360001,21.940001,21.26,22.280001,33776700
3/4/2013,YHOO,22.370001,22.700001,22.200001,22.74,30075300
3/5/2013,YHOO,22.91,22.950001,22.610001,23.08,30497400
3/6/2013,YHOO,23.08,22.799999,22.709999,23.09,15193900
3/7/2013,YHOO,22.92,22.700001,22.65,23,12881800
3/8/2013,YHOO,22.92,22.9,22.709999,22.959999,10583500
3/11/2013,YHOO,22.799999,22.6,22.57,23,16489200
3/12/2013,YHOO,22.51,22.4,22.190001,22.58,12012300
3/13/2013,YHOO,22.48,22.34,22.16,22.48,13956200
3/14/2013,YHOO,22.469999,22.43,22.41,22.75,12798500
3/15/2013,YHOO,22.34,22.07,21.969999,22.389999,33557400
3/18/2013,YHOO,21.9,22.01,21.870001,22.17,15071700
3/19/2013,YHOO,22.059999,22.17,21.889999,22.33,12846900
3/20/2013,YHOO,22.030001,22.1,21.950001,22.33,18094100
3/21/2013,YHOO,22.389999,22.860001,22.360001,22.950001,24719100
3/22/2013,YHOO,22.879999,23.26,22.719999,23.26,18062100
3/25/2013,YHOO,23.41,23.379999,23.309999,23.879999,23138900
3/26/2013,YHOO,23.459999,23.59,23.35,23.620001,16893200
3/27/2013,YHOO,23.540001,23.59,23.41,23.83,13943600
3/28/2013,YHOO,23.629999,23.530001,23.450001,23.77,17611900
4/1/2013,YHOO,23.309999,23.5,23.190001,23.620001,12344300
4/2/2013,YHOO,23.77,23.780001,23.6,23.9,14724800
4/3/2013,YHOO,23.780001,23.379999,23.24,23.879999,14934300
4/4/2013,YHOO,23.49,23.52,23.360001,23.719999,12521200
4/5/2013,YHOO,23.18,23.299999,23.01,23.41,14243700
4/8/2013,YHOO,23.24,23.48,23.129999,23.48,9998100
4/9/2013,YHOO,23.559999,23.83,23.440001,24,14773900
4/10/2013,YHOO,24,24.200001,23.950001,24.32,17281900
4/11/2013,YHOO,24.41,24.49,24.309999,24.57,12362500
4/12/2013,YHOO,24.58,24.690001,24.34,24.799999,13342800
4/15/2013,YHOO,24.719999,23.98,23.83,24.99,28129600
4/16/2013,YHOO,24.059999,23.790001,23.76,24.26,30877500
4/17/2013,YHOO,23.450001,23.700001,23.129999,24.1,45148600
4/18/2013,YHOO,23.66,23.26,22.700001,23.700001,25822300
4/19/2013,YHOO,23.120001,23.469999,22.83,23.629999,17860200
4/22/2013,YHOO,23.709999,23.950001,23.469999,23.959999,15539700
4/23/2013,YHOO,23.959999,24.379999,23.959999,24.450001,16718000
4/24/2013,YHOO,24.450001,24.75,24.440001,24.969999,15138800
4/25/2013,YHOO,24.93,25.200001,24.879999,25.290001,17289100
4/26/2013,YHOO,25.139999,24.68,24.58,25.370001,19573300
4/29/2013,YHOO,24.85,24.43,24.35,24.91,12533100
4/30/2013,YHOO,24.379999,24.73,24.360001,24.790001,10091200
5/1/2013,YHOO,24.67,24.299999,24.26,24.719999,11075000
5/2/2013,YHOO,24.34,24.969999,24.18,24.969999,10651000
5/3/2013,YHOO,25.129999,25.07,24.99,25.25,11513900
5/6/2013,YHOO,25.049999,25.17,24.92,25.34,11990500
5/7/2013,YHOO,26.01,26.07,25.549999,26.790001,25883100
5/8/2013,YHOO,26.17,26.41,25.959999,26.66,24960800
5/9/2013,YHOO,26.41,26.24,26.139999,26.49,11186000
5/10/2013,YHOO,26.32,26.83,26.309999,26.860001,16236400
5/13/2013,YHOO,26.76,26.389999,26.360001,26.83,15808000
5/14/2013,YHOO,26.75,26.639999,26.52,26.870001,14828200
5/15/2013,YHOO,26.629999,27.34,26.549999,27.68,21956500
5/16/2013,YHOO,27.43,26.58,26.57,27.43,18192300
5/17/2013,YHOO,26.780001,26.52,26.459999,26.98,14889300
5/20/2013,YHOO,26.68,26.58,26.209999,27.049999,25099100
5/21/2013,YHOO,26.9,27,26.719999,27.129999,14889000
5/22/2013,YHOO,27.07,26.540001,26.440001,27.190001,16046200
5/23/2013,YHOO,25.950001,26.02,25.700001,26.27,23307000
5/24/2013,YHOO,25.9,26.33,25.65,26.48,14967100
5/28/2013,YHOO,26.65,26.07,25.98,26.77,19015300
5/29/2013,YHOO,25.9,25.809999,25.32,26.040001,18738900
5/30/2013,YHOO,25.83,26.33,25.799999,26.5,12916200
5/31/2013,YHOO,26.200001,26.299999,26.09,26.6,23994200
6/3/2013,YHOO,26.370001,26.389999,26.129999,26.620001,16454100
6/4/2013,YHOO,26.459999,26.26,25.969999,26.57,13218300
6/5/2013,YHOO,26.110001,25.75,25.690001,26.25,14270500
6/6/2013,YHOO,25.879999,26.209999,25.66,26.209999,13559000
6/7/2013,YHOO,26.389999,27.040001,26.280001,27.09,16948700
6/10/2013,YHOO,27.040001,26.74,26.700001,27.120001,15850700
6/11/2013,YHOO,26.43,26.4,26.32,26.879999,10097100
6/12/2013,YHOO,26.5,25.889999,25.889999,26.530001,11920800
6/13/2013,YHOO,25.790001,26.370001,25.709999,26.459999,9763800
6/14/2013,YHOO,26.32,26.280001,26.16,26.549999,7398800
6/17/2013,YHOO,26.290001,26.540001,26.24,26.85,10289700
6/18/2013,YHOO,26.57,26.66,26.51,26.889999,9710700
6/19/2013,YHOO,26.6,26.24,26.23,26.780001,11398300
6/20/2013,YHOO,26.030001,25.35,25.23,26.049999,19115500
6/21/2013,YHOO,25.290001,25.190001,24.940001,25.43,24574100
6/24/2013,YHOO,24.98,24.07,23.82,25.09,37006200
6/25/2013,YHOO,24.290001,24.959999,24.23,25.01,18883900
6/26/2013,YHOO,25.219999,25.290001,25.01,25.68,12583100
6/27/2013,YHOO,25.469999,25.469999,25.440001,25.98,14489800
6/28/2013,YHOO,25.43,25.129999,24.889999,25.540001,26774300
7/1/2013,YHOO,25.26,25.24,25.18,25.540001,10679300
7/2/2013,YHOO,25.27,24.99,24.9,25.5,10129600
7/3/2013,YHOO,24.84,25.59,24.82,25.639999,6059100
7/5/2013,YHOO,25.85,25.68,25.52,26.26,11097500
7/8/2013,YHOO,25.719999,25.530001,25.49,25.99,10478400
7/9/2013,YHOO,25.74,26.68,25.74,26.700001,17567800
7/10/2013,YHOO,26.879999,26.559999,26.190001,27.07,15103300
7/11/2013,YHOO,26.950001,27.040001,26.940001,27.190001,17589800
7/12/2013,YHOO,27.08,27.23,27.01,27.440001,17315300
7/15/2013,YHOO,27.469999,27.34,27.059999,27.469999,16674800
7/16/2013,YHOO,27.299999,26.879999,26.73,27.450001,31375200
7/17/2013,YHOO,27.66,29.66,27.52,29.73,83791400
7/18/2013,YHOO,29.57,29.66,28.73,29.83,35025600
7/19/2013,YHOO,29.41,29.110001,29.040001,29.719999,20756900
7/22/2013,YHOO,28.08,27.860001,27.629999,28.42,46046400
7/23/2013,YHOO,28.030001,27.360001,27.209999,28.040001,25923400
7/24/2013,YHOO,27.540001,27.84,27.23,27.92,22739800
7/25/2013,YHOO,27.73,28.27,27.65,28.459999,20000600
7/26/2013,YHOO,28,28.110001,27.74,28.34,11918700
7/29/2013,YHOO,27.950001,27.93,27.799999,28.33,11095100
7/30/2013,YHOO,28.09,28.049999,27.860001,28.23,10337800
7/31/2013,YHOO,27.92,28.09,27.57,28.209999,20920100
8/1/2013,YHOO,28.35,27.959999,27.91,28.450001,13157600
8/2/2013,YHOO,28.07,27.65,27.549999,28.09,11863400
8/5/2013,YHOO,27.709999,27.67,27.450001,27.799999,7839200
8/6/2013,YHOO,27.67,27.32,27.15,27.75,10951100
8/7/2013,YHOO,27.309999,27.389999,27.059999,27.51,9450700
8/8/2013,YHOO,27.549999,27.48,27.23,27.620001,8934400
8/9/2013,YHOO,27.41,27.68,27.200001,27.700001,13051100
8/12/2013,YHOO,27.549999,28.35,27.5,28.370001,16561900
8/13/2013,YHOO,28.379999,28.34,28.23,28.6,14891300
8/14/2013,YHOO,28.190001,28.049999,28,28.209999,8471400
8/15/2013,YHOO,27.83,27.139999,27.120001,27.83,14217100
8/16/2013,YHOO,27,27.32,27,27.6,14823400
8/19/2013,YHOO,27.27,26.91,26.91,27.440001,11876000
8/20/2013,YHOO,26.92,27.120001,26.9,27.309999,10707200
8/21/2013,YHOO,27.09,27.059999,27,27.49,8791300
8/22/2013,YHOO,27.6,27.9,27.370001,28.01,15728600
8/23/2013,YHOO,28.299999,27.99,27.809999,28.32,13192900
8/26/2013,YHOO,27.99,27.700001,27.700001,28.040001,9754400
8/27/2013,YHOO,27.24,27,26.75,27.459999,14549500
8/28/2013,YHOO,26.9,27.110001,26.83,27.24,9603100
8/29/2013,YHOO,27.030001,27.299999,27.030001,27.450001,13911900
8/30/2013,YHOO,27.389999,27.120001,26.82,27.440001,16344400
9/3/2013,YHOO,27.379999,27.780001,27.370001,27.870001,14591100
9/4/2013,YHOO,27.700001,28.07,27.6,28.120001,8880500
9/5/2013,YHOO,28.1,28.23,27.91,28.35,8989600
9/6/2013,YHOO,28.35,28.17,27.82,28.5,10807500
9/9/2013,YHOO,28.32,29.24,28.32,29.32,21178000
9/10/2013,YHOO,29.43,29.48,29.08,29.629999,13007600
9/11/2013,YHOO,29.379999,29.190001,28.969999,29.41,10374600
9/12/2013,YHOO,29.719999,29.65,29.5,30.27,22060700
9/13/2013,YHOO,29.469999,29.26,28.799999,29.469999,13836600
9/16/2013,YHOO,29.639999,29.620001,29.51,30.040001,15748700
9/17/2013,YHOO,29.639999,30,29.309999,30,10499700
9/18/2013,YHOO,30.01,30.440001,29.85,30.459999,15570600
9/19/2013,YHOO,30.530001,31.030001,30.34,31.049999,12795100
9/20/2013,YHOO,31.049999,30.93,30.76,31.1,14925400
9/23/2013,YHOO,31.030001,30.26,30.02,31.030001,15728900
9/24/2013,YHOO,30.549999,31.27,30.540001,31.66,27820600
9/25/2013,YHOO,31.4,31.34,31.120001,32.029999,19146600
9/26/2013,YHOO,31.65,32.75,31.58,33,39233700
9/27/2013,YHOO,33.330002,33.549999,32.759998,33.849998,31791600
9/30/2013,YHOO,33.040001,33.169998,32.68,33.75,30065800
10/1/2013,YHOO,33.360001,34.310001,33.299999,34.439999,28180900
10/2/2013,YHOO,34.150002,34.139999,33.900002,34.700001,21637400
10/3/2013,YHOO,34.32,33.880001,33.200001,34.360001,23263900
10/4/2013,YHOO,33.959999,34.889999,33.959999,35.060001,23950200
10/7/2013,YHOO,34.459999,34.139999,34.080002,34.689999,15448700
10/8/2013,YHOO,34.459999,32.93,32.099998,34.5,42914600
10/9/2013,YHOO,33.07,33.009998,31.790001,33.330002,33509700
10/10/2013,YHOO,33.490002,33.869999,33.330002,33.91,23448100
10/11/2013,YHOO,33.669998,34.150002,33.610001,34.369999,17012300
10/14/2013,YHOO,33.799999,34,33.68,34.099998,17614000
10/15/2013,YHOO,34.200001,33.380001,33.060001,34.32,42773900
10/16/2013,YHOO,33.900002,33.09,32.830002,34.110001,44820000
10/17/2013,YHOO,32.880001,32.740002,32.310001,33.009998,25229700
10/18/2013,YHOO,33.169998,33.43,33.110001,33.75,24622900
10/21/2013,YHOO,33.650002,34.060001,33.650002,34.349998,17776700
10/22/2013,YHOO,34.240002,33.939999,33.580002,34.599998,17549100
10/23/2013,YHOO,33.759998,33.099998,33.02,33.84,15931700
10/24/2013,YHOO,33.16,33.080002,32.810001,33.310001,15086700
10/25/2013,YHOO,32.310001,32.25,32,32.950001,22290000
10/28/2013,YHOO,32.09,32.349998,31.700001,32.700001,18325700
10/29/2013,YHOO,33.07,33.169998,32.82,34,29349200
10/30/2013,YHOO,33.330002,32.57,32.380001,33.48,14292300
10/31/2013,YHOO,32.43,32.939999,32.279999,33.119999,15301900
11/1/2013,YHOO,33.150002,33.18,33,33.349998,15201400
11/4/2013,YHOO,33.200001,33.189999,33.009998,33.66,15778500
11/5/2013,YHOO,33.029999,32.970001,32.549999,33.080002,13471100
11/6/2013,YHOO,33.07,32.880001,32.709999,33.299999,10826400
11/7/2013,YHOO,32.990002,32.110001,32.060001,33.049999,16861300
11/8/2013,YHOO,32.23,33.119999,32.200001,33.119999,15082800
11/11/2013,YHOO,33.57,33.82,33.25,33.990002,15846800
11/12/2013,YHOO,34,34.07,33.880001,34.52,18227600
11/13/2013,YHOO,33.82,35.099998,33.630001,35.119999,21359400
11/14/2013,YHOO,35.07,35.689999,34.759998,35.889999,21411400
11/15/2013,YHOO,35.799999,35.470001,35.299999,35.939999,15615700
11/18/2013,YHOO,35.650002,34.98,34.509998,36.189999,19070000
11/19/2013,YHOO,35.029999,34.630001,34.509998,35.169998,14955300
11/20/2013,YHOO,35.43,35.619999,35.220001,36.220001,32439800
11/21/2013,YHOO,36.23,36.299999,36.220001,36.66,26425000
11/22/2013,YHOO,36.189999,36.490002,35.959999,36.630001,13247500
11/25/2013,YHOO,36.779999,36.290001,35.959999,36.849998,15159800
11/26/2013,YHOO,36.32,36.639999,36.110001,36.75,10458300
11/27/2013,YHOO,36.700001,36.959999,36.509998,37.119999,10427500
11/29/2013,YHOO,36.91,36.98,36.900002,37.349998,6455400
12/2/2013,YHOO,37.040001,37.009998,36.68,37.150002,11573000
12/3/2013,YHOO,36.77,36.560001,36.34,37.07,14098300
12/4/2013,YHOO,36.470001,38.130001,36.25,38.150002,26139700
12/5/2013,YHOO,38.240002,38.869999,38.049999,39.310001,27662000
12/6/2013,YHOO,39.240002,38.860001,38.529999,39.279999,22215000
12/9/2013,YHOO,39.130001,38.869999,38.57,39.200001,14386300
12/10/2013,YHOO,38.919998,40.220001,38.919998,40.25,25479700
12/11/2013,YHOO,39.900002,39.16,38.919998,40.16,20915200
12/12/2013,YHOO,39.02,39.349998,39,40,16184600
12/13/2013,YHOO,39.610001,39.73,39.560001,40.200001,13773700
12/16/2013,YHOO,39.970001,39.73,39.599998,40.27,11439100
12/17/2013,YHOO,39.990002,39.509998,39.400002,40,9842000
12/18/2013,YHOO,39.529999,40.040001,38.82,40.040001,16844000
12/19/2013,YHOO,40.040001,40.200001,39.91,40.380001,10710200
12/20/2013,YHOO,40.389999,40.119999,40.110001,40.599998,24637200
12/23/2013,YHOO,40.25,40.77,40.130001,40.799999,7447900
12/24/2013,YHOO,40.91,40.849998,40.66,40.950001,5113900
12/26/2013,YHOO,41,40.650002,40.220001,41.049999,7364600
12/27/2013,YHOO,40.720001,40.490002,40.32,40.75,6138700
12/30/2013,YHOO,40.459999,40.200001,39.849998,40.580002,8676800
12/31/2013,YHOO,40.169998,40.439999,40,40.5,8291400
1/2/2014,YHOO,40.369999,39.59,39.310001,40.490002,21504200
1/3/2014,YHOO,40.16,40.119999,39.82,40.439999,15755200
1/6/2014,YHOO,40.049999,39.93,39.75,40.32,12467500
1/7/2014,YHOO,40.080002,40.919998,40.080002,41.200001,14100000
1/8/2014,YHOO,41.290001,41.02,41.02,41.720001,18638200
1/9/2014,YHOO,41.330002,40.919998,40.610001,41.349998,12897300
1/10/2014,YHOO,40.950001,41.23,40.82,41.349998,8721700
1/13/2014,YHOO,41.16,39.990002,39.799999,41.220001,16047200
1/14/2014,YHOO,40.209999,41.139999,40.040001,41.139999,14473900
1/15/2014,YHOO,41.060001,41.07,40.759998,41.310001,9475500
1/16/2014,YHOO,40.43,40.34,40.110001,40.75,16348200
1/17/2014,YHOO,40.119999,40.009998,39.470001,40.439999,19262500
1/21/2014,YHOO,39.98,39.52,38.860001,40.049999,21436400
1/22/2014,YHOO,39.66,40.18,39.32,40.400002,12994600
1/23/2014,YHOO,39.310001,39.389999,39.139999,39.77,15384300
1/24/2014,YHOO,38.669998,37.91,37.619999,38.98,26309000
1/27/2014,YHOO,37.599998,36.650002,36.619999,37.939999,26728000
1/28/2014,YHOO,36.830002,38.220001,36.52,38.32,39765300
1/29/2014,YHOO,35.77,34.889999,34.82,36.310001,67190500
1/30/2014,YHOO,34.889999,35.310001,34.450001,35.810001,32244700
1/31/2014,YHOO,34.689999,36.009998,34.549999,36.330002,30072400
2/3/2014,YHOO,35.939999,34.900002,34.66,36.009998,22195200
2/4/2014,YHOO,35.110001,35.66,34.860001,35.860001,21082500
2/5/2014,YHOO,35.599998,35.490002,34.990002,35.939999,14022900
2/6/2014,YHOO,35.650002,36.240002,35.610001,36.75,14250000
2/7/2014,YHOO,36.650002,37.23,36.240002,37.27,16178500
2/10/2014,YHOO,38,37.759998,37.25,38.130001,17642900
2/11/2014,YHOO,38.150002,38.5,38.09,38.860001,18348000
2/12/2014,YHOO,38.599998,38.110001,38.029999,38.91,14088500
2/13/2014,YHOO,37.919998,38.52,37.790001,38.689999,12088100
2/14/2014,YHOO,38.43,38.23,38.110001,38.450001,9975800
2/18/2014,YHOO,38.310001,38.310001,38.09,38.59,12096400
2/19/2014,YHOO,38.060001,37.810001,37.68,38.330002,15851900
2/20/2014,YHOO,37.830002,37.790001,37.299999,38.040001,11155900
2/21/2014,YHOO,37.900002,37.290001,37.220001,37.959999,12351900
2/24/2014,YHOO,37.23,37.419998,36.82,37.709999,15738900
2/25/2014,YHOO,37.48,37.259998,37.02,37.580002,9756900
2/26/2014,YHOO,37.349998,37.619999,37.34,38.099998,15778900
2/27/2014,YHOO,37.799999,38.470001,37.740002,38.48,15489400
2/28/2014,YHOO,38.549999,38.669998,38.220001,39.380001,16957100
3/3/2014,YHOO,37.650002,38.25,37.43,38.66,14714700
3/4/2014,YHOO,38.759998,39.630001,38.68,39.790001,16139400
3/5/2014,YHOO,39.830002,39.5,39.189999,40.150002,12536800
3/6/2014,YHOO,39.599998,39.66,39.5,39.98,10626700
3/7/2014,YHOO,39.709999,38.700001,38.450001,39.91,14455500
3/10/2014,YHOO,38.630001,38.049999,37.91,38.779999,11819200
3/11/2014,YHOO,38.25,37.560001,37.43,38.299999,12592300
3/12/2014,YHOO,37.209999,37.5,36.48,37.610001,14794700
3/13/2014,YHOO,38.049999,37.23,36.810001,38.419998,21179700
3/14/2014,YHOO,36.689999,37.599998,36.450001,38.189999,30862300
3/17/2014,YHOO,39,39.110001,38.610001,39.360001,29698300
3/18/2014,YHOO,39,39.450001,38.799999,39.509998,16934700
3/19/2014,YHOO,39.66,38.610001,38.509998,39.939999,19324600
3/20/2014,YHOO,38.369999,37.77,37.419998,38.470001,19517000
3/21/2014,YHOO,38.099998,37.939999,37.73,38.27,16044200
3/24/2014,YHOO,38,36.68,36.279999,38.040001,29589000
3/25/2014,YHOO,37,35.93,35.860001,37.07,31715100
3/26/2014,YHOO,36.240002,35.450001,35.450001,36.740002,20938800
3/27/2014,YHOO,35.5,35.59,35.049999,36.150002,21929600
3/28/2014,YHOO,35.77,35.900002,35.529999,36.73,18292900
3/31/2014,YHOO,36.459999,35.900002,35.73,36.580002,15153200
4/1/2014,YHOO,36.16,36.490002,36.150002,36.860001,15734000
4/2/2014,YHOO,36.68,36.639999,36.560001,36.860001,14522800
4/3/2014,YHOO,36.66,35.759998,35.509998,36.790001,16827800
4/4/2014,YHOO,36.009998,34.259998,33.830002,36.049999,41049900
4/7/2014,YHOO,34.110001,33.07,32.529999,34.369999,47770200
4/8/2014,YHOO,33.099998,33.830002,33.02,34.43,35486100
4/9/2014,YHOO,34.189999,34.869999,33.950001,35,21651200
4/10/2014,YHOO,34.880001,33.400002,33.09,34.98,34024900
4/11/2014,YHOO,32.639999,32.869999,32.150002,33.48,28040700
4/14/2014,YHOO,33.549999,33.450001,33.040001,34.040001,26322600
4/15/2014,YHOO,33.93,34.209999,32.639999,34.279999,50600400
4/16/2014,YHOO,36.98,36.349998,35.810001,37.299999,61599100
4/17/2014,YHOO,36.290001,36.380001,35.549999,36.599998,28932700
4/21/2014,YHOO,36.599998,36.400002,35.889999,36.650002,16685400
4/22/2014,YHOO,36.709999,36.139999,36.110001,36.849998,17915200
4/23/2014,YHOO,36.080002,35.439999,35.400002,36.189999,19051700
4/24/2014,YHOO,35.82,35.240002,34.77,35.82,17242300
4/25/2014,YHOO,35.029999,34.48,34.290001,35.099998,19401600
4/28/2014,YHOO,34.669998,33.990002,33.650002,35,31019200
4/29/2014,YHOO,34.369999,35.830002,34.119999,35.889999,28736000
4/30/2014,YHOO,35.889999,35.950001,35.25,36.439999,23341500
5/1/2014,YHOO,36.259998,36.509998,36,36.689999,19474700
5/2/2014,YHOO,36.59,36.869999,36.209999,37.119999,22454100
5/5/2014,YHOO,36.68,36.91,36.299999,37.049999,13129100
5/6/2014,YHOO,36.939999,36.490002,36.48,37.169998,19156000
5/7/2014,YHOO,35.990002,34.07,33.669998,35.990002,66062700
5/8/2014,YHOO,33.880001,33.919998,33.610001,34.57,30407700
5/9/2014,YHOO,34.009998,33.759998,33.41,34.099998,20303400
5/12/2014,YHOO,33.990002,34.450001,33.869999,34.599998,22520600
5/13/2014,YHOO,34.43,34.400002,34.169998,34.689999,12477100
5/14/2014,YHOO,34.48,34.169998,33.98,34.650002,17039000
5/15/2014,YHOO,34.18,33.799999,33.400002,34.189999,18879800
5/16/2014,YHOO,33.66,33.41,33.099998,33.66,18847100
5/19/2014,YHOO,33.41,33.889999,33.279999,33.990002,14845700
5/20/2014,YHOO,33.990002,33.869999,33.669998,34.470001,18596700
5/21/2014,YHOO,34,34.360001,33.889999,34.389999,13804500
5/22/2014,YHOO,34.599998,34.700001,34.259998,34.860001,17522800
5/23/2014,YHOO,34.849998,35.02,34.509998,35.080002,16294400
5/27/2014,YHOO,35,35.119999,34.73,35.130001,13057000
5/28/2014,YHOO,35.150002,34.779999,34.419998,35.169998,16960500
5/29/2014,YHOO,34.900002,34.900002,34.669998,35.099998,9780800
5/30/2014,YHOO,34.919998,34.650002,34.130001,34.93,13153000
6/2/2014,YHOO,34.689999,34.869999,34.279999,34.950001,9178900
6/3/2014,YHOO,34.799999,34.650002,34.580002,34.970001,6557500
6/4/2014,YHOO,34.48,34.73,34.259998,34.830002,9434100
6/5/2014,YHOO,34.790001,34.939999,34.360001,34.990002,11192800
6/6/2014,YHOO,35.060001,35.919998,35.049999,36.080002,18707200
6/9/2014,YHOO,35.860001,36.040001,35.540001,36.32,14390000
6/10/2014,YHOO,35.869999,36.310001,35.860001,36.52,9179300
6/11/2014,YHOO,36.25,36.630001,36.110001,36.84,13321500
6/12/2014,YHOO,36.5,36.779999,36.34,36.790001,12466100
6/13/2014,YHOO,36.880001,36.939999,36.639999,37.060001,12926300
6/16/2014,YHOO,35,34.810001,34.77,35.490002,32432300
6/17/2014,YHOO,34.799999,34.43,34.299999,34.939999,24402900
6/18/2014,YHOO,34.669998,34.939999,34.259998,35.009998,17836000
6/19/2014,YHOO,35.139999,34.68,34.52,35.200001,16200000
6/20/2014,YHOO,34.810001,34.049999,33.970001,34.810001,21605800
6/23/2014,YHOO,34.130001,33.639999,33.369999,34.220001,26206400
6/24/2014,YHOO,33.790001,33.48,33.349998,33.990002,14589800
6/25/2014,YHOO,33.380001,33.25,33.099998,33.650002,18074400
6/26/2014,YHOO,33.25,33.66,33.02,33.75,16010000
6/27/2014,YHOO,33.849998,34.25,33.700001,34.549999,25500600
6/30/2014,YHOO,34.93,35.130001,34.849998,35.259998,20450100
7/1/2014,YHOO,35.5,35.349998,35.209999,35.700001,18609600
7/2/2014,YHOO,35.619999,35.880001,35.400002,35.91,16533600
7/3/2014,YHOO,36.07,36.139999,35.900002,36.150002,8604900
7/7/2014,YHOO,36.150002,35.52,35.48,36.23,15716800
7/8/2014,YHOO,35.639999,34.529999,34.279999,35.66,23096900
7/9/2014,YHOO,34.68,34.849998,34.68,35.07,12626900
7/10/2014,YHOO,34.330002,34.93,34.099998,34.970001,18064800
7/11/2014,YHOO,34.950001,35.43,34.779999,35.560001,18379500
7/14/2014,YHOO,35.799999,35.700001,35.450001,35.950001,18680500
7/15/2014,YHOO,35.720001,35.610001,35.200001,35.939999,36316600
7/16/2014,YHOO,34.419998,33.790001,33.720001,34.450001,56260600
7/17/2014,YHOO,33.82,33.209999,32.98,33.900002,37535900
7/18/2014,YHOO,33.18,33.330002,32.93,33.349998,21540900
7/21/2014,YHOO,33.349998,33.279999,33.16,33.639999,18431000
7/22/2014,YHOO,33.48,33.599998,33.400002,33.84,18153600
7/23/2014,YHOO,33.779999,34.709999,33.68,34.919998,38622500
7/24/2014,YHOO,35.09,36.169998,35.040001,36.549999,47391000
7/25/2014,YHOO,36,36.119999,35.75,36.330002,20143800
7/28/2014,YHOO,36.23,35.900002,35.509998,36.23,14607200
7/29/2014,YHOO,35.91,35.68,35.669998,36.16,11570900
7/30/2014,YHOO,35.939999,36.599998,35.799999,36.990002,29876700
7/31/2014,YHOO,36.259998,35.810001,35.68,36.490002,17937400
8/1/2014,YHOO,35.689999,35.619999,35.310001,36.080002,14573000
8/4/2014,YHOO,35.709999,36.529999,35.650002,36.66,13097200
8/5/2014,YHOO,36.32,35.700001,35.619999,36.419998,17636400
8/6/2014,YHOO,35.580002,35.790001,35.439999,35.939999,11770500
8/7/2014,YHOO,36,35.66,35.529999,36,11306600
8/8/2014,YHOO,35.73,35.91,35.400002,35.959999,10593700
8/11/2014,YHOO,36.099998,35.790001,35.75,36.150002,8660100
8/12/2014,YHOO,35.799999,35.52,35.150002,35.990002,12902700
8/13/2014,YHOO,35.959999,36.189999,35.77,36.450001,16532300
8/14/2014,YHOO,36.32,36.360001,36.169998,36.419998,8927300
8/15/2014,YHOO,36.200001,36.470001,36.119999,36.57,13338900
8/18/2014,YHOO,36.77,37.380001,36.75,37.77,20153200
8/19/2014,YHOO,37.560001,37.830002,37.5,37.939999,17084900
8/20/2014,YHOO,37.610001,37.5,37.310001,37.75,12670300
8/21/2014,YHOO,37.650002,37.639999,37.310001,37.75,12254900
8/22/2014,YHOO,37.700001,38.009998,37.639999,38.200001,14879100
8/25/2014,YHOO,38.139999,37.709999,37.540001,38.220001,14356400
8/26/2014,YHOO,37.759998,37.790001,37.560001,37.919998,9516800
8/27/2014,YHOO,38.299999,38.18,37.830002,38.720001,24843000
8/28/2014,YHOO,38.09,38.310001,37.900002,38.57,16490600
8/29/2014,YHOO,38.57,38.509998,38.200001,38.669998,11634100
9/2/2014,YHOO,38.900002,39.27,38.790001,39.299999,19803300
9/3/2014,YHOO,39.490002,38.869999,38.689999,39.599998,16092900
9/4/2014,YHOO,39.139999,39.189999,38.959999,39.34,14763300
9/5/2014,YHOO,39.049999,39.59,39.049999,39.799999,26200400
9/8/2014,YHOO,40.34,41.810001,40.259998,41.82,75520200
9/9/2014,YHOO,42.009998,40.779999,40.599998,42.060001,52683000
9/10/2014,YHOO,41.049999,41.139999,40.330002,41.23,30741800
9/11/2014,YHOO,41.02,41.259998,40.93,41.560001,25203000
9/12/2014,YHOO,41.73,42.880001,41.5,43.200001,69556500
9/15/2014,YHOO,43.98,42.549999,42.139999,44.009998,72409900
9/16/2014,YHOO,42.610001,42.709999,41.689999,42.959999,61490700
9/17/2014,YHOO,42.369999,42.59,42.299999,42.959999,39495500
9/18/2014,YHOO,43.049999,42.09,41.419998,43.32,93702100
9/19/2014,YHOO,42.439999,40.93,39.549999,43.189999,233872100
9/22/2014,YHOO,39.77,38.650002,38.220001,40.040001,109217100
9/23/2014,YHOO,38.150002,39.049999,37.900002,39.27,66105300
9/24/2014,YHOO,39.259998,39.880001,38.91,40.099998,49014100
9/25/2014,YHOO,39.560001,38.950001,38.82,39.799999,35916500
9/26/2014,YHOO,39.009998,40.66,39,40.799999,62189200
9/29/2014,YHOO,40.41,40.52,40.16,41.09,35883300
9/30/2014,YHOO,40.580002,40.75,40.439999,41.23,30386500
10/1/2014,YHOO,40.66,40.32,40.110001,41.240002,35172900
10/2/2014,YHOO,40.240002,40.5,39.689999,40.639999,24584400
10/3/2014,YHOO,40.790001,41.029999,40.650002,41.689999,38191700
10/6/2014,YHOO,41.200001,41.52,41.040001,41.73,23576100
10/7/2014,YHOO,41.060001,40.93,40.779999,41.290001,22538300
10/8/2014,YHOO,41,41.080002,40.099998,41.290001,26593500
10/9/2014,YHOO,40.900002,41.099998,40.419998,41.25,33519600
10/10/2014,YHOO,40.73,39.599998,39.59,41.07,36771500
10/13/2014,YHOO,39.52,38.380001,38.290001,40.07,38841900
10/14/2014,YHOO,38.66,37.970001,37.709999,39,38509000
10/15/2014,YHOO,37.27,37.82,36.200001,38.080002,41973500
10/16/2014,YHOO,36.950001,38.119999,36.919998,38.5,26998500
10/17/2014,YHOO,38.740002,38.450001,38.310001,38.98,24107000
10/20/2014,YHOO,38.470001,39.279999,38.25,39.400002,17802400
10/21/2014,YHOO,39.650002,40.18,39.459999,40.48,41955200
10/22/2014,YHOO,42.419998,42,41.77,42.880001,69348900
10/23/2014,YHOO,42.400002,42.599998,42.259998,42.830002,30653400
10/24/2014,YHOO,42.529999,43.5,42.400002,43.650002,33805800
10/27/2014,YHOO,43.310001,44.700001,43.290001,44.82,36596500
10/28/2014,YHOO,45.009998,45.869999,44.880001,46.150002,36889300
10/29/2014,YHOO,45.939999,45.43,45.130001,45.98,25389100
10/30/2014,YHOO,45.209999,45.630001,45.130001,45.84,16209600
10/31/2014,YHOO,46.16,46.049999,45.669998,46.52,18446800
11/3/2014,YHOO,46.049999,46.34,45.939999,46.720001,17181500
11/4/2014,YHOO,45.990002,47.080002,45.740002,47.130001,25051500
11/5/2014,YHOO,47.619999,47.459999,47.32,48.279999,33021500
11/6/2014,YHOO,47.369999,47.93,46.599998,47.98,22636000
11/7/2014,YHOO,47.900002,48.549999,47.860001,48.669998,24166700
11/10/2014,YHOO,48.799999,49.41,48.790001,49.630001,24730300
11/11/2014,YHOO,48.57,49.049999,48.099998,49.18,31586300
11/12/2014,YHOO,49.330002,50.599998,49.220001,50.630001,30564700
11/13/2014,YHOO,50.959999,50.5,49.950001,51.169998,35519200
11/14/2014,YHOO,50.52,51.75,50.470001,51.950001,28824700
11/17/2014,YHOO,51.830002,52.369999,50.939999,52.419998,38392800
11/18/2014,YHOO,52.279999,51.75,51.34,52.619999,26847300
11/19/2014,YHOO,51.240002,50.580002,50,51.369999,29260000
11/20/2014,YHOO,50.599998,51.25,50.27,52.23,28916000
11/21/2014,YHOO,51.990002,51.040001,50.990002,52.25,22227000
11/24/2014,YHOO,51.25,51.830002,51.07,51.830002,14643500
11/25/2014,YHOO,51.98,51.720001,51.599998,52.189999,14219600
11/26/2014,YHOO,51.560001,51.93,51.52,52.259998,13428500
11/28/2014,YHOO,51.869999,51.740002,51.639999,52,8913700
12/1/2014,YHOO,51.43,50.099998,49.66,51.43,23146900
12/2/2014,YHOO,50.27,50.669998,50.009998,51.119999,16300600
12/3/2014,YHOO,50.709999,50.279999,50.200001,50.970001,14236000
12/4/2014,YHOO,50.189999,50.41,49.900002,50.669998,12136700
12/5/2014,YHOO,51.029999,50.990002,50.509998,51.25,15418100
12/8/2014,YHOO,50.52,49.619999,49.220001,50.900002,18190100
12/9/2014,YHOO,48.75,50.509998,48.290001,50.529999,19655600
12/10/2014,YHOO,50.330002,49.209999,49.189999,50.689999,16184100
12/11/2014,YHOO,49.540001,49.939999,49.43,50.580002,21100200
12/12/2014,YHOO,49.540001,50.240002,49.48,51.169998,20370500
12/15/2014,YHOO,50.419998,49.82,49.5,50.919998,18132500
12/16/2014,YHOO,49.5,48.849998,48.810001,50.080002,21399300
12/17/2014,YHOO,49.02,50.119999,48.900002,50.25,17112300
12/18/2014,YHOO,50.93,50.91,50.439999,51.150002,15338900
12/19/2014,YHOO,51.060001,50.880001,50.830002,51.470001,24110200
12/22/2014,YHOO,50.990002,51.150002,50.950001,51.599998,24021100
12/23/2014,YHOO,51.459999,50.02,49.93,51.459999,15514000
12/24/2014,YHOO,50.189999,50.650002,50.189999,50.919998,5961900
12/26/2014,YHOO,50.650002,50.860001,50.610001,51.060001,5169700
12/29/2014,YHOO,50.669998,50.529999,50.509998,51.009998,6624500
12/30/2014,YHOO,50.349998,51.220001,50.349998,51.27,10703500
12/31/2014,YHOO,51.540001,50.509998,50.459999,51.68,9305000
1/2/2015,YHOO,50.66,50.169998,49.470001,50.779999,11924500
1/5/2015,YHOO,49.709999,49.130001,48.91,49.880001,14389300
1/6/2015,YHOO,49.200001,49.209999,48.330002,49.880001,16204300
1/7/2015,YHOO,49.619999,48.59,48.509998,49.639999,11788000
1/8/2015,YHOO,48.990002,50.23,48.720001,50.23,14704800
1/9/2015,YHOO,50.279999,49.720001,49.619999,50.41,7466100
1/12/2015,YHOO,49.919998,48.799999,48.560001,49.93,10170700
1/13/2015,YHOO,49.150002,48.299999,47.400002,49.48,21605200
1/14/2015,YHOO,47.700001,47.509998,47.07,48.09,15831500
1/15/2015,YHOO,47.540001,46.23,46.200001,47.75,17126000
1/16/2015,YHOO,46.060001,46.470001,45.849998,46.59,14681800
1/20/2015,YHOO,46.790001,47.630001,46.77,47.889999,15845900
1/21/2015,YHOO,47.599998,48.18,47.32,48.380001,16305100
1/22/2015,YHOO,48.43,48.889999,48.009998,49.080002,12647400
1/23/2015,YHOO,48.740002,48.950001,48.630001,49.23,14294300
1/26/2015,YHOO,49.57,49.439999,49.07,49.790001,18976400
1/27/2015,YHOO,49.139999,47.990002,47.66,49.279999,45777200
1/28/2015,YHOO,49.799999,46.459999,46.299999,50.32,84839700
1/29/2015,YHOO,43.560001,43.73,41.799999,43.799999,74370100
1/30/2015,YHOO,43.75,43.990002,43.509998,44.849998,36033600
2/2/2015,YHOO,44.43,44.689999,43.880001,44.759998,20305700
2/3/2015,YHOO,45.099998,44.700001,44.380001,45.25,16985900
2/4/2015,YHOO,44.799999,44.049999,43.880001,44.98,16281400
2/5/2015,YHOO,44.080002,43.549999,43.029999,44.259998,18414500
2/6/2015,YHOO,43.57,42.939999,42.669998,43.66,16063500
2/9/2015,YHOO,42.610001,42.57,42.540001,43.150002,15507600
2/10/2015,YHOO,42.900002,43.07,42.66,43.18,12160800
2/11/2015,YHOO,43.18,42.959999,42.759998,43.259998,9791100
2/12/2015,YHOO,43.07,43.93,42.860001,44.16,18158200
2/13/2015,YHOO,44.119999,44.419998,44,44.59,13785800
2/17/2015,YHOO,44.369999,43.529999,43.349998,44.540001,12798400
2/18/2015,YHOO,43.560001,43.650002,43.299999,43.82,10410700
2/19/2015,YHOO,43.650002,44.369999,43.5,44.419998,13301000
2/20/2015,YHOO,44.299999,44.110001,43.759998,44.360001,12036200
2/23/2015,YHOO,43.990002,43.529999,43.419998,43.990002,12129100
2/24/2015,YHOO,43.450001,43.380001,42.91,43.52,9797500
2/25/2015,YHOO,43.209999,44.43,43.209999,44.720001,17922900
2/26/2015,YHOO,44.599998,44.450001,44.259998,44.759998,9223800
2/27/2015,YHOO,44.380001,44.279999,44.049999,44.57,10044200
3/2/2015,YHOO,44.060001,44.110001,43.700001,44.43,11027300
3/3/2015,YHOO,43.700001,42.619999,42.419998,43.950001,22392400
3/4/2015,YHOO,42.080002,43.990002,41.970001,44.380001,30098500
3/5/2015,YHOO,44.18,44.16,43.5,44.310001,11867700
3/6/2015,YHOO,43.98,43.439999,43.400002,44.240002,11888000
3/9/2015,YHOO,43.599998,42.98,42.669998,43.93,11801900
3/10/2015,YHOO,42.57,42.68,42.18,42.919998,10600700
3/11/2015,YHOO,42.77,42.5,42.360001,42.990002,10007300
3/12/2015,YHOO,42.700001,42.950001,42.580002,43.360001,8384800
3/13/2015,YHOO,42.84,42.869999,42.439999,42.98,9087000
3/16/2015,YHOO,42.93,43.509998,42.75,43.880001,11376400
3/17/2015,YHOO,43.540001,43.790001,43.459999,44.16,9656200
3/18/2015,YHOO,43.580002,44.669998,43.43,44.709999,18919900
3/19/2015,YHOO,44.900002,44.98,44.810001,45.450001,14758000
3/20/2015,YHOO,45.369999,45.040001,44.91,45.580002,14194200
3/23/2015,YHOO,45.25,44.720001,44.709999,45.540001,8268800
3/24/2015,YHOO,44.639999,44.419998,44.279999,44.779999,7559100
3/25/2015,YHOO,44.59,44.200001,44.130001,44.93,14036900
3/26/2015,YHOO,43.779999,44.470001,43.68,44.669998,16162900
3/27/2015,YHOO,45.200001,45.099998,45.009998,45.669998,20563500
3/30/2015,YHOO,45.360001,44.950001,44.82,45.419998,8884300
3/31/2015,YHOO,44.82,44.439999,44.419998,45.200001,10415500
4/1/2015,YHOO,44.450001,44.130001,43.950001,44.599998,14722300
4/2/2015,YHOO,44.240002,44.150002,43.68,44.360001,12229400
4/6/2015,YHOO,43.82,43.669998,43.610001,44.029999,10717000
4/7/2015,YHOO,43.790001,43.610001,43.560001,44.220001,11382000
4/8/2015,YHOO,43.860001,45.169998,43.799999,45.189999,16071000
4/9/2015,YHOO,45.700001,45.630001,45.16,46.169998,13678000
4/10/2015,YHOO,45.790001,45.18,45,45.790001,8436400
4/13/2015,YHOO,45.25,44.77,44.720001,45.59,8837300
4/14/2015,YHOO,44.82,45.529999,44.790001,45.639999,12365800
4/15/2015,YHOO,45.459999,45.73,45.23,45.830002,15039600
4/16/2015,YHOO,45.82,45.779999,45.529999,46.130001,13833100
4/17/2015,YHOO,45.299999,44.450001,44.25,45.439999,13591600
4/20/2015,YHOO,44.73,44.66,44.41,44.91,10228700
4/21/2015,YHOO,45.150002,44.490002,44.450001,45.18,18617900
4/22/2015,YHOO,44.580002,43.98,43.669998,44.849998,32284300
4/23/2015,YHOO,43.919998,43.700001,43.580002,44.060001,14298900
4/24/2015,YHOO,43.73,44.52,43.689999,44.709999,11281100
4/27/2015,YHOO,44.650002,44.360001,44.25,45.099998,10855400
4/28/2015,YHOO,44.34,44.34,43.939999,44.57,7197100
4/29/2015,YHOO,43.880001,43.279999,43.09,44.049999,12712600
4/30/2015,YHOO,43.119999,42.57,42.259998,43.310001,14257900
5/1/2015,YHOO,42.549999,42.509998,42.09,42.68,10467600
5/4/2015,YHOO,42.5,42.040001,41.830002,42.549999,14483800
5/5/2015,YHOO,41.860001,41.299999,40.810001,42,19377100
5/6/2015,YHOO,41.310001,41.66,41.209999,41.73,13976300
5/7/2015,YHOO,44.93,43.869999,43.549999,44.98,28213800
5/8/2015,YHOO,44.34,44.09,44,44.549999,15750200
5/11/2015,YHOO,43.82,43.599998,43.59,44.139999,11509600
5/12/2015,YHOO,44.299999,43.84,43.689999,44.310001,14264800
5/13/2015,YHOO,44.029999,44.400002,43.98,44.669998,10987200
5/14/2015,YHOO,44.529999,44.950001,44.450001,44.990002,10301800
5/15/2015,YHOO,45,44.75,44.689999,45.07,7768600
5/18/2015,YHOO,44.52,44.360001,44.040001,44.57,9230000
5/19/2015,YHOO,44.380001,40.98,39.119999,44.66,45363900
5/20/2015,YHOO,42.279999,42.790001,42.16,43.040001,54530800
5/21/2015,YHOO,43.060001,43.68,43.049999,43.869999,30404300
5/22/2015,YHOO,43.580002,43.490002,43.470001,44,10279400
5/26/2015,YHOO,43.41,42.849998,42.580002,43.5,12796000
5/27/2015,YHOO,42.599998,43.380001,42.279999,43.439999,13686500
5/28/2015,YHOO,43.060001,43.07,42.93,43.419998,9414000
5/29/2015,YHOO,43.450001,42.939999,42.810001,43.59,10928000
6/1/2015,YHOO,43.049999,43.349998,42.91,43.630001,11152900
6/2/2015,YHOO,43.18,43.150002,42.919998,43.619999,8866500
6/3/2015,YHOO,43.299999,43.209999,42.98,43.779999,11884100
6/4/2015,YHOO,43.09,42.880001,42.759998,43.439999,10033400
6/5/2015,YHOO,42.830002,42.810001,42.700001,43.259998,9831100
6/8/2015,YHOO,42.720001,42.009998,42,42.889999,7625500
6/9/2015,YHOO,41.919998,41.630001,41.02,41.950001,11995200
6/10/2015,YHOO,41.700001,42.060001,41.689999,42.310001,7943800
6/11/2015,YHOO,42.09,40.939999,40.549999,42.209999,23695000
6/12/2015,YHOO,40.77,40.529999,40.459999,41.110001,9232700
6/15/2015,YHOO,40.240002,40.470001,40.209999,40.669998,10876300
6/16/2015,YHOO,40.349998,40.639999,40.02,41.400002,20454500
6/17/2015,YHOO,40.799999,40.959999,40.779999,41.52,11943100
6/18/2015,YHOO,41.040001,40.91,40.790001,41.27,10017600
6/19/2015,YHOO,40.900002,40.509998,40.369999,40.93,11661500
6/22/2015,YHOO,40.66,40.73,40.540001,40.889999,6141500
6/23/2015,YHOO,40.740002,40.650002,40.509998,40.799999,6860600
6/24/2015,YHOO,40.68,40.939999,40.580002,41.23,11462200
6/25/2015,YHOO,41.099998,41.07,40.900002,41.389999,10776200
6/26/2015,YHOO,40.830002,40.060001,39.93,40.869999,16430900
6/29/2015,YHOO,39.490002,38.91,38.849998,39.779999,12481300
6/30/2015,YHOO,39.389999,39.290001,39.189999,39.650002,11258300
7/1/2015,YHOO,39.459999,39.330002,39.150002,39.779999,6398400
7/2/2015,YHOO,39.259998,39.380001,39.189999,39.639999,7713000
7/6/2015,YHOO,38.759998,38.610001,38.459999,39.119999,11803400
7/7/2015,YHOO,38.240002,38.23,36.580002,38.380001,19432500
7/8/2015,YHOO,37.200001,37.23,36.939999,37.490002,20529200
7/9/2015,YHOO,38.23,37.610001,37.52,38.68,16871200
7/10/2015,YHOO,38.349998,37.919998,37.779999,38.419998,10057600
7/13/2015,YHOO,38.25,38.759998,38.099998,38.799999,8713200
7/14/2015,YHOO,38.650002,38.630001,38.439999,39.029999,9506500
7/15/2015,YHOO,38.509998,38.380001,38.150002,38.799999,9147300
7/16/2015,YHOO,38.700001,38.91,38.599998,38.959999,8462400
7/17/2015,YHOO,39.189999,39.68,38.93,39.790001,14864300
7/20/2015,YHOO,39.98,39.540001,39.259998,39.98,14752100
7/21/2015,YHOO,39.610001,39.73,39.349998,39.849998,14861600
7/22/2015,YHOO,38.57,39.240002,38.259998,39.630001,17714800
7/23/2015,YHOO,39.299999,39.209999,39.060001,39.779999,9267400
7/24/2015,YHOO,39.580002,38.849998,38.669998,39.580002,8590700
7/27/2015,YHOO,38.310001,37.84,37.650002,38.310001,12942700
7/28/2015,YHOO,37.639999,37.720001,37.27,37.919998,10333100
7/29/2015,YHOO,37.919998,37.669998,37.380001,37.919998,10290600
7/30/2015,YHOO,37.5,37.419998,37.299999,37.689999,9542700
7/31/2015,YHOO,37.560001,36.669998,36.619999,37.57,15446100
8/3/2015,YHOO,36.669998,36.689999,36.369999,36.98,9887300
8/4/2015,YHOO,36.610001,37.119999,36.599998,37.209999,9051900
8/5/2015,YHOO,37.32,37.25,37.23,37.709999,6844000
8/6/2015,YHOO,37.34,36.459999,36.299999,37.52,12299700
8/7/2015,YHOO,36.52,36.669998,36.150002,36.759998,11845500
8/10/2015,YHOO,36.869999,37.150002,36.869999,37.689999,11351400
8/11/2015,YHOO,36.740002,36.029999,35.73,36.77,13833200
8/12/2015,YHOO,34.290001,34.490002,33.849998,34.77,31405700
8/13/2015,YHOO,35.080002,35.93,34.82,36.610001,28987700
8/14/2015,YHOO,35.82,36.240002,35.720001,36.349998,12241100
8/17/2015,YHOO,36.240002,36.099998,35.77,36.240002,7933600
8/18/2015,YHOO,35.779999,35.689999,35.599998,36.189999,11445300
8/19/2015,YHOO,35.669998,35.189999,35.029999,35.669998,8974100
8/20/2015,YHOO,34.77,34.099998,33.869999,34.950001,15604400
8/21/2015,YHOO,33.580002,32.93,32.91,34.02,18373600
8/24/2015,YHOO,29.02,31.309999,29,32.279999,23163400
8/25/2015,YHOO,32.98,31.74,31.540001,33.029999,15752300
8/26/2015,YHOO,32.459999,32.52,31.110001,32.619999,25414500
8/27/2015,YHOO,33.360001,33.689999,32.950001,33.77,19105100
8/28/2015,YHOO,33.32,33.139999,32.93,33.57,9366100
8/31/2015,YHOO,32.91,32.240002,32.23,32.990002,13609000
9/1/2015,YHOO,31.49,31.6,31.23,32.099998,19903500
9/2/2015,YHOO,32.009998,31.77,31.379999,32.029999,15688100
9/3/2015,YHOO,31.860001,32.540001,31.799999,32.740002,13748900
9/4/2015,YHOO,32,31.58,31.440001,32.290001,13854100
9/8/2015,YHOO,32.200001,30.9,30.860001,32.830002,26873900
9/9/2015,YHOO,30.4,31.52,30.35,31.799999,47058500
9/10/2015,YHOO,31.35,31.15,31.030001,31.59,14330900
9/11/2015,YHOO,31.09,31.43,30.629999,31.43,14365400
9/14/2015,YHOO,30.68,30.32,30,30.92,22186900
9/15/2015,YHOO,29.719999,31.040001,29.41,31.23,25661600
9/16/2015,YHOO,31.139999,31.4,30.99,31.77,22179700
9/17/2015,YHOO,31.309999,30.93,30.809999,31.33,17094200
9/18/2015,YHOO,30.51,30.74,30.41,30.799999,20538300
9/21/2015,YHOO,31.200001,31.17,30.879999,31.74,18745000
9/22/2015,YHOO,30.780001,30.4,30.17,30.92,15614900
9/23/2015,YHOO,30.559999,29.74,29.629999,30.57,12755400
9/24/2015,YHOO,29.469999,29.34,28.85,29.57,19109900
9/25/2015,YHOO,29.66,29.129999,28.91,29.709999,12817500
9/28/2015,YHOO,29.030001,27.6,27.200001,29.219999,49541300
9/29/2015,YHOO,28.58,28.26,27.85,29.23,41895400
9/30/2015,YHOO,28.65,28.91,28.49,29.110001,18317900
10/1/2015,YHOO,28.950001,28.91,28.440001,29,14467600
10/2/2015,YHOO,28.620001,30.709999,28.43,30.709999,29250500
10/5/2015,YHOO,30.799999,30.85,30.35,31.200001,12883300
10/6/2015,YHOO,30.790001,30.959999,30.66,31.190001,10572800
10/7/2015,YHOO,31.309999,31.870001,31.209999,31.99,12224800
10/8/2015,YHOO,31.790001,32.369999,31.73,32.5,14245400
10/9/2015,YHOO,32.349998,32.52,31.99,32.689999,11830400
10/12/2015,YHOO,32.709999,32.860001,32.549999,33.02,12580300
10/13/2015,YHOO,32.560001,32.34,32.32,32.830002,15873800
10/14/2015,YHOO,32.279999,32.09,31.77,32.490002,11282800
10/15/2015,YHOO,32.419998,33.48,32.400002,33.490002,19403800
10/16/2015,YHOO,33.639999,33.369999,33.16,33.860001,12498900
10/19/2015,YHOO,33.259998,33.5,33.18,33.630001,10856500
10/20/2015,YHOO,33.490002,32.830002,32.77,33.59,18644700
10/21/2015,YHOO,32.060001,31.120001,31.01,32.43,30390400
10/22/2015,YHOO,31.26,31.67,31.209999,31.9,18501200
10/23/2015,YHOO,32.650002,33.169998,32.240002,33.360001,24308600
10/26/2015,YHOO,33.130001,33.400002,33,33.490002,15810300
10/27/2015,YHOO,34.970001,34.299999,33.880001,35.470001,26380900
10/28/2015,YHOO,34.299999,35.189999,34.299999,35.27,15174300
10/29/2015,YHOO,34.869999,35.049999,34.700001,35.150002,10796200
10/30/2015,YHOO,35.139999,35.619999,35.049999,35.700001,17418900
11/2/2015,YHOO,35.459999,35.27,35.07,35.48,15206700
11/3/2015,YHOO,35.150002,34.720001,34.650002,35.34,12394300
11/4/2015,YHOO,34.889999,35.07,34.75,35.240002,17501800
11/5/2015,YHOO,35.02,35.119999,34.16,35.299999,15679100
11/6/2015,YHOO,34.939999,34.200001,33.459999,35.200001,16608600
11/9/2015,YHOO,34.07,33.68,33.080002,34.080002,13645500
11/10/2015,YHOO,33.450001,33.990002,33.259998,34.130001,11511000
11/11/2015,YHOO,34.209999,33.380001,33.029999,34.23,11804100
11/12/2015,YHOO,33.200001,33.23,33.130001,33.849998,14273100
11/13/2015,YHOO,32.779999,32.189999,32.169998,33.040001,11063300
11/16/2015,YHOO,32.23,32.950001,32.119999,32.990002,11087800
11/17/2015,YHOO,33.009998,32.860001,32.619999,33.119999,10270400
11/18/2015,YHOO,32.889999,32.98,32.32,33.02,11105600
11/19/2015,YHOO,33.209999,32.630001,32.580002,33.5,14222100
11/20/2015,YHOO,32.860001,33.110001,32.689999,33.299999,12498500
11/23/2015,YHOO,33,33.360001,32.869999,33.869999,11899700
11/24/2015,YHOO,33.09,32.959999,32.610001,33.189999,13364700
11/25/2015,YHOO,32.77,33.16,32.75,33.52,13257200
11/27/2015,YHOO,32.790001,32.939999,32.439999,33.09,5316100
11/30/2015,YHOO,33.029999,33.810001,32.849998,33.830002,17534700
12/1/2015,YHOO,33.869999,33.709999,33.470001,33.889999,11020400
12/2/2015,YHOO,35,35.650002,34.77,36.389999,56708100
12/3/2015,YHOO,35.59,34.34,34.099998,35.720001,17080500
12/4/2015,YHOO,34.34,34.91,34.18,35.200001,16109600
12/7/2015,YHOO,34.759998,34.68,34.470001,34.919998,12047900
12/8/2015,YHOO,34.240002,34.849998,34.029999,34.98,19852600
12/9/2015,YHOO,35.799999,34.400002,33.150002,35.84,45101900
12/10/2015,YHOO,34.490002,34.630001,33.91,34.73,16128800
12/11/2015,YHOO,34.009998,32.91,32.82,34.150002,14936200
12/14/2015,YHOO,32.939999,32.59,32.209999,33.27,15949600
12/15/2015,YHOO,32.529999,33.029999,32.5,33.389999,16187300
12/16/2015,YHOO,33.150002,33.779999,32.91,33.880001,12689400
12/17/2015,YHOO,33.810001,33.23,33.110001,34.080002,13243500
12/18/2015,YHOO,33.099998,32.950001,32.869999,33.630001,16921800
12/21/2015,YHOO,33.119999,32.970001,32.689999,33.299999,9106700
12/22/2015,YHOO,32.990002,34.189999,32.970001,34.209999,15531300
12/23/2015,YHOO,34.240002,34.450001,33.990002,34.580002,13469200
12/24/2015,YHOO,34.189999,34.110001,34.099998,34.740002,3468900
12/28/2015,YHOO,33.900002,33.599998,33.349998,33.91,11020800
12/29/2015,YHOO,33.630001,34.040001,33.599998,34.169998,12621900
12/30/2015,YHOO,33.849998,33.369999,33.349998,34.040001,5933500
12/31/2015,YHOO,33.220001,33.259998,33.18,33.689999,7396000
1/4/2016,YHOO,32.119999,31.4,31.139999,32.349998,25194400
1/5/2016,YHOO,31.549999,32.200001,31.530001,32.330002,14301100
1/6/2016,YHOO,31.67,32.16,31.6,32.459999,16047800
1/7/2016,YHOO,30.969999,30.16,30.02,31.190001,21209100
1/8/2016,YHOO,30.51,30.629999,30,31.540001,26322800
1/11/2016,YHOO,30.65,30.17,29.74,30.75,17140100
1/12/2016,YHOO,30.58,30.690001,30.209999,30.969999,13198500
1/13/2016,YHOO,30.889999,29.440001,29.33,31.17,16692400
1/14/2016,YHOO,29.690001,30.32,28.709999,30.57,15031400
1/15/2016,YHOO,29.280001,29.139999,28.59,29.77,17352000
1/19/2016,YHOO,29.84,29.74,29.309999,30,20053000
1/20/2016,YHOO,28.98,28.780001,27.440001,29.110001,20458900
1/21/2016,YHOO,28.75,29.309999,28.190001,29.799999,16282500
1/22/2016,YHOO,29.969999,29.75,29.309999,30.52,16298100
1/25/2016,YHOO,29.959999,29.780001,29.66,30.389999,23176900
1/26/2016,YHOO,29.76,29.98,29.620001,30.190001,11426200
1/27/2016,YHOO,29.9,29.690001,29.450001,30.530001,13534600
1/28/2016,YHOO,30.59,28.75,28.6,30.629999,15589300
1/29/2016,YHOO,29.1,29.51,28.51,29.51,18979500
2/1/2016,YHOO,29.27,29.57,28.790001,29.790001,12905700
2/2/2016,YHOO,29.32,29.059999,28.129999,30.23,36544700
2/3/2016,YHOO,28.450001,27.68,26.57,28.610001,55707000
2/4/2016,YHOO,27.91,29.15,27.709999,29.23,28548200
2/5/2016,YHOO,29.059999,27.969999,27.73,29.139999,16379600
2/8/2016,YHOO,27.610001,27.049999,26.48,27.969999,24498200
2/9/2016,YHOO,26.639999,26.82,26.51,27.690001,14324800
2/10/2016,YHOO,27.110001,27.1,26.84,27.809999,9098800
2/11/2016,YHOO,26.459999,26.76,26.15,26.969999,11188200
2/12/2016,YHOO,27.120001,27.040001,26.719999,27.32,13011900
2/16/2016,YHOO,27.98,29.280001,27.940001,29.440001,20187900
2/17/2016,YHOO,29.469999,29.370001,29.059999,29.66,12949700
2/18/2016,YHOO,29.559999,29.42,29.389999,30.139999,15319400
2/19/2016,YHOO,30.190001,30.040001,29.700001,30.23,20735000
2/22/2016,YHOO,30.65,31.17,30.389999,31.209999,21465100
2/23/2016,YHOO,31.200001,30.67,30.51,31.379999,17072300
2/24/2016,YHOO,30.41,30.950001,29.799999,31.120001,12613500
2/25/2016,YHOO,30.74,31.360001,30.24,31.360001,19907400
2/26/2016,YHOO,31.68,31.370001,31.219999,31.9,16683500
2/29/2016,YHOO,31.309999,31.790001,31.309999,32.459999,21168500
3/1/2016,YHOO,32.040001,32.799999,32.040001,32.849998,14850900
3/2/2016,YHOO,32.810001,32.91,32.77,33.240002,10462200
3/3/2016,YHOO,32.709999,32.880001,32.419998,33.209999,11361400
3/4/2016,YHOO,32.91,33.860001,32.759998,33.93,22946600
3/7/2016,YHOO,33.68,33.959999,33.59,34.380001,22924000
3/8/2016,YHOO,33.66,32.93,32.84,33.82,21043800
3/9/2016,YHOO,33.09,33.509998,32.779999,33.52,12653200
3/10/2016,YHOO,33.59,32.82,32.09,33.599998,19452000
3/11/2016,YHOO,33.290001,33.810001,32.84,33.860001,12380800
3/14/2016,YHOO,33.75,33.580002,33.509998,34.09,8252700
3/15/2016,YHOO,33.32,33.259998,33.110001,33.459999,10672300
3/16/2016,YHOO,33.029999,34.009998,33,34.080002,11002500
3/17/2016,YHOO,33.880001,34.279999,33.869999,34.549999,9335700
3/18/2016,YHOO,34.540001,35.169998,34.380001,35.209999,20552600
3/21/2016,YHOO,35,35.470001,35,36.099998,13551300
3/22/2016,YHOO,34.68,35.41,34.68,35.610001,11613900
3/23/2016,YHOO,35.43,34.799999,34.709999,35.700001,12217700
3/24/2016,YHOO,34.450001,34.860001,33.93,34.869999,14118600
3/28/2016,YHOO,35.389999,35.23,34.619999,35.450001,12981000
3/29/2016,YHOO,35.049999,36.32,35.009998,36.43,23603400
3/30/2016,YHOO,36.610001,36.560001,36.439999,37.279999,19849800
3/31/2016,YHOO,36.509998,36.810001,36.5,37.02,18679000
4/1/2016,YHOO,36.540001,36.48,36.310001,36.880001,13656200
4/4/2016,YHOO,36.549999,37.02,36.540001,37.5,20227300
4/5/2016,YHOO,36.700001,36.41,36.220001,36.919998,12443000
4/6/2016,YHOO,36.400002,36.66,36.310001,37,19445000
4/7/2016,YHOO,35.860001,36.169998,35.720001,37.25,38789100
4/8/2016,YHOO,36.849998,36.07,35.619999,36.919998,20273400
4/11/2016,YHOO,36.380001,36.48,36.32,36.849998,13750800
4/12/2016,YHOO,36.650002,36.66,36.279999,36.830002,10447800
4/13/2016,YHOO,36.939999,37.310001,36.900002,37.349998,17166400
4/14/2016,YHOO,37.470001,37.169998,36.849998,37.5,16620000
4/15/2016,YHOO,37.130001,36.509998,36.419998,37.150002,19046900
4/18/2016,YHOO,36.240002,36.52,35.880001,37,17723000
4/19/2016,YHOO,36.459999,36.330002,36.110001,36.73,20460600
4/20/2016,YHOO,37.099998,37.84,37,38.189999,30761900
4/21/2016,YHOO,37.919998,37.669998,37.349998,38.119999,11658700
4/22/2016,YHOO,37.5,37.48,37.16,38.09,9106700
4/25/2016,YHOO,37.470001,37.23,37.18,37.540001,9832100
4/26/2016,YHOO,37.32,37.110001,36.91,37.540001,10083100
4/27/2016,YHOO,37.52,36.950001,36.630001,37.59,16401800
4/28/2016,YHOO,36.84,36.59,36.509998,37.439999,13175900
4/29/2016,YHOO,36.509998,36.599998,36.150002,36.98,12006800
5/2/2016,YHOO,36.650002,36.529999,36.32,36.740002,6585500
5/3/2016,YHOO,36.25,36.009998,35.91,36.41,9088800
5/4/2016,YHOO,35.810001,36,35.740002,36.09,9668700
5/5/2016,YHOO,37.060001,36.939999,36.860001,37.450001,13718900
5/6/2016,YHOO,36.549999,37.23,36.490002,37.310001,9208300
5/9/2016,YHOO,36.970001,37.18,36.919998,37.349998,6157400
5/10/2016,YHOO,37.169998,37.439999,37.139999,37.580002,7178500
5/11/2016,YHOO,37.279999,37.369999,37.200001,37.630001,10010800
5/12/2016,YHOO,37.389999,37.029999,36.790001,37.509998,11170900
5/13/2016,YHOO,36.91,36.48,36.380001,37.07,11073200
5/16/2016,YHOO,37.029999,37.48,36.880001,37.790001,16995100
5/17/2016,YHOO,37.439999,37.27,37.25,37.700001,11340300
5/18/2016,YHOO,37.09,37.240002,36.889999,37.5,8465900
5/19/2016,YHOO,36.939999,37.02,36.669998,37.23,7127500
5/20/2016,YHOO,36.049999,36.5,35.880001,36.720001,34330700
5/23/2016,YHOO,36.459999,36.66,36.43,36.950001,7785800
5/24/2016,YHOO,36.849998,37.529999,36.77,37.630001,10623800
5/25/2016,YHOO,36.630001,35.59,35.470001,36.959999,33984900
5/26/2016,YHOO,36.130001,36.759998,36.07,36.849998,16285700
5/27/2016,YHOO,36.880001,37.82,36.84,37.880001,14642500
5/31/2016,YHOO,37.73,37.939999,37.5,38.080002,12873600
6/1/2016,YHOO,37.25,36.650002,36.560001,37.740002,22177600
6/2/2016,YHOO,36.66,37.150002,36.580002,37.220001,12179300
6/3/2016,YHOO,37.110001,36.599998,36.5,37.110001,12059100
6/6/2016,YHOO,36.669998,37.07,36.52,37.200001,8426100
6/7/2016,YHOO,36.900002,36.73,36.630001,36.990002,14757100
6/8/2016,YHOO,36.84,36.970001,36.84,37.299999,9181900
6/9/2016,YHOO,36.82,37.349998,36.709999,37.73,14759100
6/10/2016,YHOO,36.970001,36.830002,36.59,37.139999,11216500
6/13/2016,YHOO,36.700001,36.470001,36.419998,36.91,6519800
6/14/2016,YHOO,36.630001,37.400002,36.630001,37.439999,13023100
6/15/2016,YHOO,37.43,37.32,37.099998,37.599998,10213200
6/16/2016,YHOO,37.389999,37.389999,36.540001,37.450001,10634000
6/17/2016,YHOO,37.43,36.939999,36.810001,37.439999,12593900
6/20/2016,YHOO,37.27,37.290001,37.240002,37.68,8957300
6/21/2016,YHOO,37.369999,37.400002,37.200001,37.549999,5574600
6/22/2016,YHOO,37.369999,37.360001,37.169998,37.52,6279200
6/23/2016,YHOO,37.639999,37.779999,37.41,37.779999,7710900
6/24/2016,YHOO,36.400002,36.240002,36.09,36.950001,19657800
6/27/2016,YHOO,35.869999,35.220001,35.049999,36.009998,14108600
6/28/2016,YHOO,35.580002,36.040001,35.5,36.139999,10990700
6/29/2016,YHOO,36.25,36.860001,36.25,37.080002,10808200
6/30/2016,YHOO,36.889999,37.560001,36.889999,37.580002,15209900
7/1/2016,YHOO,37.560001,37.990002,37.43,38.080002,10602800
7/5/2016,YHOO,37.68,37.5,37.169998,37.77,8746700
7/6/2016,YHOO,37.43,37.509998,37.130001,37.560001,8328100
7/7/2016,YHOO,37.57,37.52,37.290001,37.759998,9031400
7/8/2016,YHOO,37.529999,37.740002,37.060001,37.84,8786600
7/11/2016,YHOO,37.439999,37.959999,37.369999,38.150002,20342600
7/12/2016,YHOO,38,37.889999,37.869999,38.330002,15224000
7/13/2016,YHOO,37.990002,37.639999,37.459999,38.009998,9566100
7/14/2016,YHOO,37.849998,37.959999,37.849998,38.349998,10713000
7/15/2016,YHOO,38.16,37.720001,37.68,38.189999,13513400
7/18/2016,YHOO,37.68,37.950001,37.5,37.970001,16046800
7/19/2016,YHOO,37.77,38.169998,37.650002,38.490002,10394000
7/20/2016,YHOO,38.360001,38.900002,38.259998,38.93,8178000
7/21/2016,YHOO,39.009998,38.849998,38.720001,39.25,7671800
7/22/2016,YHOO,38.900002,39.380001,38.779999,39.419998,11325700
7/25/2016,YHOO,39.200001,38.32,38.220001,39.209999,41814400
7/26/2016,YHOO,38.07,38.759998,37.900002,38.830002,15978600
7/27/2016,YHOO,38.66,38.66,38.43,38.77,12148400
7/28/2016,YHOO,38.580002,38.52,38.23,38.639999,7424400
7/29/2016,YHOO,38.470001,38.189999,38.080002,38.52,13199100
8/1/2016,YHOO,38.18,38.799999,38.099998,38.889999,9605000
8/2/2016,YHOO,38.599998,38.57,38.259998,38.669998,7504700
8/3/2016,YHOO,38.43,38.389999,38.279999,38.549999,5890100
8/4/2016,YHOO,38.470001,38.919998,38.43,39.029999,11000800
8/5/2016,YHOO,39,38.990002,38.900002,39.150002,9127100
8/8/2016,YHOO,39,39.240002,38.860001,39.27,10131300
8/9/2016,YHOO,39.240002,39.240002,39.099998,39.310001,5971500
8/10/2016,YHOO,39.34,39.93,39.299999,39.98,12981600
8/11/2016,YHOO,41.119999,41.27,40.93,41.73,23938900
8/12/2016,YHOO,41.279999,42.939999,41.279999,42.98,25182900
8/15/2016,YHOO,43.18,42.669998,42.43,43.290001,14441800
8/16/2016,YHOO,42.299999,42.490002,41.950001,42.790001,13793800
8/17/2016,YHOO,42.389999,42.700001,42.389999,42.75,8571900
8/18/2016,YHOO,42.689999,42.900002,42.59,42.970001,11293900
8/19/2016,YHOO,42.799999,43.02,42.650002,43.119999,9460800
8/22/2016,YHOO,42.84,42.52,42.330002,42.869999,6229400
8/23/2016,YHOO,42.610001,42.599998,42.450001,42.91,8963800
8/24/2016,YHOO,42.5,41.91,41.790001,42.77,6930300
8/25/2016,YHOO,41.830002,42.029999,41.73,42.240002,5360900
8/26/2016,YHOO,42.150002,42.27,41.939999,42.610001,6328000
8/29/2016,YHOO,42.200001,42.259998,42.080002,42.459999,4555600
8/30/2016,YHOO,42.279999,42.580002,42.279999,42.740002,5804100
8/31/2016,YHOO,42.459999,42.75,42.459999,42.799999,7715900
9/1/2016,YHOO,42.779999,42.93,42.720001,43.099998,5575300
9/2/2016,YHOO,43.27,43.279999,43.080002,43.599998,7339000
9/6/2016,YHOO,43.5,44.709999,43.5,44.849998,18125800
9/7/2016,YHOO,44.549999,44.349998,44.189999,44.919998,9109400
9/8/2016,YHOO,44.07,44.360001,44.029999,44.720001,7882600
9/9/2016,YHOO,43.919998,42.919998,42.82,44.150002,12060700
9/12/2016,YHOO,42.279999,43.459999,42.18,43.650002,10808800
9/13/2016,YHOO,43.189999,43.040001,42.689999,43.52,10132000
9/14/2016,YHOO,42.91,43.459999,42.860001,43.619999,11617300
9/15/2016,YHOO,43.41,43.990002,43.220001,44.049999,12533900
9/16/2016,YHOO,43.939999,43.669998,43.470001,44.02,19093900
9/19/2016,YHOO,43.919998,43.189999,43,43.950001,7887400
9/20/2016,YHOO,43.240002,42.790001,42.66,43.389999,9788900
9/21/2016,YHOO,42.889999,44.139999,42.889999,44.220001,12313700
9/22/2016,YHOO,43.939999,44.150002,43.740002,44.869999,33355600
9/23/2016,YHOO,43.5,42.799999,42.540001,43.759998,31888500
9/26/2016,YHOO,42.380001,42.290001,41.849998,42.740002,12745100
9/27/2016,YHOO,42.43,43.369999,42.32,43.41,8765000
9/28/2016,YHOO,43.400002,43.689999,43.25,43.720001,7419000
9/29/2016,YHOO,43.169998,42.57,42.43,43.299999,13720700
9/30/2016,YHOO,42.740002,43.099998,42.720001,43.25,10374800
10/3/2016,YHOO,42.950001,43.130001,42.82,43.18,7965900
10/4/2016,YHOO,43.200001,43.18,42.959999,43.5,8998400
10/5/2016,YHOO,43.23,43.709999,43.220001,43.869999,6117900
10/6/2016,YHOO,43.639999,43.68,43.369999,43.82,6293900
10/7/2016,YHOO,43.259998,43.220001,43.119999,43.68,8502100
10/10/2016,YHOO,43.360001,43.919998,43.25,44.07,6573600
10/11/2016,YHOO,43.869999,42.68,42.490002,44.080002,9513300
10/12/2016,YHOO,42.599998,42.360001,42.049999,42.779999,7290500
10/13/2016,YHOO,42,41.619999,41.169998,42.080002,15689700
10/14/2016,YHOO,42.040001,41.439999,41.41,42.25,7781300
10/17/2016,YHOO,41.349998,41.790001,41.240002,41.939999,8620400
10/18/2016,YHOO,42.040001,41.68,41.630001,42.610001,19360800
10/19/2016,YHOO,42.299999,42.73,42.259998,42.939999,14532500
10/20/2016,YHOO,42.689999,42.380001,42.07,42.689999,11671000
10/21/2016,YHOO,42.099998,42.169998,41.73,42.200001,7194200
10/24/2016,YHOO,42.5,42.59,42.380001,42.68,4346900
10/25/2016,YHOO,42.720001,42.549999,42.43,42.75,5338900
10/26/2016,YHOO,42.259998,42.080002,41.950001,42.439999,6117200
10/27/2016,YHOO,42.310001,41.869999,41.810001,42.490002,7236500
10/28/2016,YHOO,42.029999,41.779999,41.709999,42.220001,6180200
10/31/2016,YHOO,42.029999,41.549999,41.549999,42.16,3730800
11/1/2016,YHOO,41.130001,41.330002,40.689999,41.34,11748900
11/2/2016,YHOO,41.799999,40.68,40.360001,42.16,13017500
11/3/2016,YHOO,40.619999,40.23,40.169998,40.75,7811600
11/4/2016,YHOO,39.959999,40.279999,39.799999,40.669998,4574200
11/7/2016,YHOO,41.169998,41.049999,40.860001,41.23,5388700
11/8/2016,YHOO,40.970001,41.16,40.68,41.279999,4227100
11/9/2016,YHOO,40.439999,41.209999,40.220001,41.389999,23998600
11/10/2016,YHOO,41.549999,40.16,39.540001,41.650002,16441900
11/11/2016,YHOO,39.84,40.419998,39.369999,40.52,15178200
11/14/2016,YHOO,40.360001,39.299999,38.869999,40.389999,12687400
11/15/2016,YHOO,39.610001,40.209999,39.580002,40.450001,10851400
11/16/2016,YHOO,40.099998,40.98,40.099998,41.049999,15592700
11/17/2016,YHOO,41.34,41.450001,41.200001,41.650002,8689300
11/18/2016,YHOO,41.48,41.189999,40.900002,41.650002,8129700
11/21/2016,YHOO,41.439999,41.110001,40.939999,41.48,11338000
11/22/2016,YHOO,41.200001,41.009998,40.830002,41.400002,8881200
11/23/2016,YHOO,40.91,40.959999,40.549999,40.98,3634900
11/25/2016,YHOO,41.080002,40.869999,40.709999,41.080002,2586900
11/28/2016,YHOO,40.849998,41.450001,40.740002,41.700001,6765800
11/29/2016,YHOO,41.43,41.599998,41.119999,41.830002,7246100
11/30/2016,YHOO,41.619999,41.02,40.880001,41.669998,7624500
12/1/2016,YHOO,41,39.630001,39.529999,41.040001,12614600
12/2/2016,YHOO,39.77,40.07,39.580002,40.32,8568100
12/5/2016,YHOO,40.02,40.200001,39.849998,40.389999,4401700
12/6/2016,YHOO,40.310001,39.970001,39.880001,40.419998,6943800
12/7/2016,YHOO,39.98,40.52,39.75,40.57,7199000
12/8/2016,YHOO,40.66,41.41,40.419998,41.599998,9169400
12/9/2016,YHOO,41.52,41.759998,41.439999,41.799999,6836000
12/12/2016,YHOO,41.450001,41.299999,41.130001,41.529999,4451500
12/13/2016,YHOO,41.349998,41.470001,41.139999,41.790001,6500400
12/14/2016,YHOO,41.439999,40.91,40.830002,41.529999,19296600
12/15/2016,YHOO,40,38.41,38.25,40,43656200
12/16/2016,YHOO,38.619999,38.610001,38.419998,39.220001,21447400
12/19/2016,YHOO,38.66,38.419998,38.27,38.790001,13607200
12/20/2016,YHOO,38.400002,39.16,38.240002,39.18,15007900
12/21/2016,YHOO,39.080002,39.150002,38.970001,39.32,8263600
12/22/2016,YHOO,38.689999,38.5,38.259998,38.790001,11685600
12/23/2016,YHOO,38.459999,38.66,38.369999,38.810001,3840100
12/27/2016,YHOO,38.59,38.919998,38.5,39.07,4240300
12/28/2016,YHOO,39.119999,38.73,38.709999,39.220001,4393500
12/29/2016,YHOO,38.759998,38.639999,38.48,38.93,4170200
12/30/2016,YHOO,38.720001,38.669998,38.43,39,6431600
