2/1/2013,ZTS,31.5,31.01,30.469999,31.74,66789100
2/4/2013,ZTS,31.09,31.02,30.76,31.99,7695400
2/5/2013,ZTS,31.25,31.040001,30.85,31.98,5013200
2/6/2013,ZTS,30.98,31.030001,30.75,31.43,2126100
2/7/2013,ZTS,31,32,31,32.73,3800800
2/8/2013,ZTS,32.310001,33.049999,32.299999,33.48,2599300
2/11/2013,ZTS,33.060001,33.259998,32.880001,33.5,1487200
2/12/2013,ZTS,33.400002,33.740002,33.150002,34,1637300
2/13/2013,ZTS,33.799999,33.549999,33,33.799999,1269700
2/14/2013,ZTS,33.389999,33.27,32.77,33.450001,2954500
2/15/2013,ZTS,33.310001,33.98,33,34.09,5415400
2/19/2013,ZTS,34.02,33.84,33.57,34.07,1206900
2/20/2013,ZTS,33.84,32.720001,32.599998,33.880001,1842900
2/21/2013,ZTS,32.5,32.560001,31.860001,32.799999,3242300
2/22/2013,ZTS,32.779999,32.59,32.5,32.93,954500
2/25/2013,ZTS,32.68,32.07,32,32.689999,818900
2/26/2013,ZTS,32.049999,32.040001,31.99,32.400002,1048700
2/27/2013,ZTS,32,32.32,32,33.049999,1343600
2/28/2013,ZTS,32.560001,33.450001,32.560001,33.549999,2991400
3/1/2013,ZTS,33.360001,34.599998,33.150002,34.700001,2334000
3/4/2013,ZTS,34.799999,34.349998,34.240002,34.889999,865400
3/5/2013,ZTS,34.41,34.290001,33.75,34.48,1413400
3/6/2013,ZTS,34.34,33.849998,33.849998,34.380001,802000
3/7/2013,ZTS,33.950001,34.560001,33.560001,34.68,1320000
3/8/2013,ZTS,34.029999,34.09,33.799999,34.689999,1541100
3/11/2013,ZTS,33.970001,34.18,33.25,34.259998,1729400
3/12/2013,ZTS,34.119999,33.82,33.599998,34.240002,1557600
3/13/2013,ZTS,33.900002,34,33.080002,34.060001,2240800
3/14/2013,ZTS,34.330002,34.639999,34.299999,35.419998,1865200
3/15/2013,ZTS,34.700001,33.439999,33.310001,34.84,2692100
3/18/2013,ZTS,32.75,32.84,32.639999,32.939999,2372000
3/19/2013,ZTS,32.799999,32.799999,32.330002,33.419998,1336200
3/20/2013,ZTS,32.900002,33.509998,32.5,33.540001,1944000
3/21/2013,ZTS,33.900002,33.470001,33.290001,34,514500
3/22/2013,ZTS,33.549999,33.119999,32.740002,33.75,763300
3/25/2013,ZTS,33.48,32.459999,32.25,33.48,1324600
3/26/2013,ZTS,32.73,32.509998,32,32.790001,1396500
3/27/2013,ZTS,32.380001,32.740002,32.060001,32.889999,1896800
3/28/2013,ZTS,32.849998,33.400002,32.630001,33.5,7434900
4/1/2013,ZTS,33.419998,32.59,32.43,33.59,1466300
4/2/2013,ZTS,32.66,32.549999,32.459999,33.130001,712200
4/3/2013,ZTS,32.669998,32.529999,32.360001,32.98,1409700
4/4/2013,ZTS,32.41,31.84,31.709999,32.5,1946400
4/5/2013,ZTS,31.73,31.959999,30.57,32.07,3963500
4/8/2013,ZTS,31.950001,32.919998,31.77,32.98,1965200
4/9/2013,ZTS,33.049999,33.439999,32.560001,33.59,2004400
4/10/2013,ZTS,33.759998,33.150002,32.98,33.759998,969500
4/11/2013,ZTS,33.220001,33.16,32.869999,33.240002,1826600
4/12/2013,ZTS,32.970001,33.23,32.599998,33.349998,723500
4/15/2013,ZTS,33.07,32.240002,32.169998,33.23,839500
4/16/2013,ZTS,32.360001,33.209999,32.290001,33.369999,2271200
4/17/2013,ZTS,32.98,32.889999,32.169998,33.23,3140500
4/18/2013,ZTS,33.099998,32.470001,32.380001,33.099998,799900
4/19/2013,ZTS,32.709999,32.709999,31.809999,32.790001,2159300
4/22/2013,ZTS,32.900002,32.66,32.220001,32.900002,922100
4/23/2013,ZTS,32.779999,31.700001,31.5,32.959999,2731700
4/24/2013,ZTS,31.629999,30.620001,30.42,31.690001,4149300
4/25/2013,ZTS,30.93,31.549999,30.75,31.99,1520600
4/26/2013,ZTS,31.610001,32.639999,31.610001,32.68,1421800
4/29/2013,ZTS,32.950001,32.66,32.169998,32.950001,1711600
4/30/2013,ZTS,33.68,33.02,32.93,34.740002,3390300
5/1/2013,ZTS,32.970001,33.389999,32.66,33.509998,1393100
5/2/2013,ZTS,33.380001,33.279999,33.110001,33.869999,696300
5/3/2013,ZTS,33.619999,33.209999,33,33.639999,998400
5/6/2013,ZTS,33.349998,32.939999,32.75,33.490002,503700
5/7/2013,ZTS,33.080002,32.880001,32.290001,33.080002,700700
5/8/2013,ZTS,33,33.259998,32.720001,33.439999,1034100
5/9/2013,ZTS,33.310001,33.549999,33.279999,33.669998,977200
5/10/2013,ZTS,33.540001,33.18,32.970001,33.610001,534100
5/13/2013,ZTS,33.060001,33.040001,32.75,33.490002,438700
5/14/2013,ZTS,33.130001,33.080002,32.849998,33.75,872300
5/15/2013,ZTS,32.939999,32.790001,32.560001,33.060001,563200
5/16/2013,ZTS,33.48,33.389999,33.16,33.799999,1278700
5/17/2013,ZTS,33.349998,33.900002,33.189999,33.900002,962200
5/20/2013,ZTS,33.900002,33.709999,33.599998,34,735700
5/21/2013,ZTS,33.57,33.040001,32.990002,33.740002,1692400
5/22/2013,ZTS,32.549999,33.549999,31.75,33.990002,26006000
5/23/2013,ZTS,33.25,32.84,32.709999,33.799999,9008500
5/24/2013,ZTS,33.200001,33.459999,32.529999,33.619999,5911600
5/28/2013,ZTS,33.799999,34.259998,33.59,34.279999,4960300
5/29/2013,ZTS,34.25,32.950001,32.880001,34.25,3095700
5/30/2013,ZTS,32.77,32.240002,32.099998,33.099998,3934100
5/31/2013,ZTS,32.299999,32,31.799999,32.34,6512400
6/3/2013,ZTS,32.009998,32.75,31.309999,32.84,3398000
6/4/2013,ZTS,32.830002,32.400002,31.84,32.990002,4513400
6/5/2013,ZTS,32.419998,32.169998,31.75,32.419998,3522300
6/6/2013,ZTS,32.169998,32.080002,31.540001,32.310001,2918200
6/7/2013,ZTS,32.259998,31.5,31.209999,32.34,5134200
6/10/2013,ZTS,31.83,32.009998,31.469999,32.110001,4992100
6/11/2013,ZTS,31.700001,31.700001,31.4,32.02,6367500
6/12/2013,ZTS,31.950001,31.530001,31.4,32.029999,7648500
6/13/2013,ZTS,31.469999,31.17,30.870001,31.549999,5849800
6/14/2013,ZTS,31,30.799999,30.610001,31.26,10665000
6/17/2013,ZTS,31.4,30.959999,30.709999,31.76,26785600
6/18/2013,ZTS,31.33,31.18,30.950001,31.389999,24286200
6/19/2013,ZTS,31.059999,31,30.82,31.24,23483400
6/20/2013,ZTS,30.889999,30.190001,30.049999,31.040001,14938500
6/21/2013,ZTS,30.549999,30.6,30.34,31.09,33694200
6/24/2013,ZTS,30.15,30.379999,29.4,30.5,40766000
6/25/2013,ZTS,30.799999,31.49,30.5,31.620001,13511100
6/26/2013,ZTS,31.799999,30.969999,30.92,31.9,23779700
6/27/2013,ZTS,31.459999,30.870001,30.790001,31.51,16734600
6/28/2013,ZTS,30.9,30.889999,30.540001,31.389999,19415100
7/1/2013,ZTS,31.02,30.610001,30.129999,31.059999,17601000
7/2/2013,ZTS,30.219999,29.700001,29.620001,30.83,11157300
7/3/2013,ZTS,29.67,29.280001,28.969999,29.74,12930000
7/5/2013,ZTS,29.809999,30.17,29.780001,30.18,10819200
7/8/2013,ZTS,30.450001,30.940001,30.219999,30.969999,15675100
7/9/2013,ZTS,31.120001,30.98,30.940001,31.4,8704800
7/10/2013,ZTS,31.08,31.040001,30.469999,31.24,6506200
7/11/2013,ZTS,31.43,30.92,30.84,31.450001,4486900
7/12/2013,ZTS,31.02,31.35,31.01,31.379999,5429400
7/15/2013,ZTS,31.309999,31.58,31.1,31.65,4201900
7/16/2013,ZTS,31.559999,31.16,31.1,31.65,4301200
7/17/2013,ZTS,31.23,30.99,30.85,31.23,3545800
7/18/2013,ZTS,31.110001,30.82,30.77,31.200001,4053700
7/19/2013,ZTS,30.790001,30.24,30.120001,30.799999,8946200
7/22/2013,ZTS,30.360001,30.27,30.16,30.59,4255800
7/23/2013,ZTS,30.41,30.059999,29.76,30.440001,5091800
7/24/2013,ZTS,30.129999,29.9,29.66,30.549999,4890100
7/25/2013,ZTS,29.879999,30.52,29.709999,30.549999,5472900
7/26/2013,ZTS,30.4,30.43,30,30.530001,5051600
7/29/2013,ZTS,30.27,30.09,29.98,30.540001,4123600
7/30/2013,ZTS,30.15,30.040001,29.889999,30.32,4630100
7/31/2013,ZTS,30,29.809999,29.799999,30.190001,5375100
8/1/2013,ZTS,29.969999,30.16,29.459999,30.209999,8105500
8/2/2013,ZTS,30.120001,30.940001,29.91,30.959999,5187500
8/5/2013,ZTS,30.469999,31.25,30.469999,31.389999,7283300
8/6/2013,ZTS,31.68,31.129999,31.09,32.5,12471200
8/7/2013,ZTS,31.1,31.24,30.65,31.4,5920100
8/8/2013,ZTS,31.4,31.24,31.18,31.83,7161900
8/9/2013,ZTS,31.139999,30.91,30.780001,31.24,2784100
8/12/2013,ZTS,30.68,30.33,30.040001,30.99,5793700
8/13/2013,ZTS,30.5,30.450001,30.200001,30.75,3116200
8/14/2013,ZTS,30.5,30.139999,30.08,30.629999,3858200
8/15/2013,ZTS,29.940001,30.02,29.790001,30.16,5818900
8/16/2013,ZTS,29.940001,30,29.75,30.200001,3678800
8/19/2013,ZTS,29.91,29.870001,29.84,30.299999,2480600
8/20/2013,ZTS,29.860001,30.23,29.709999,30.41,3804100
8/21/2013,ZTS,30.07,29.85,29.6,30.190001,3531400
8/22/2013,ZTS,29.83,29.870001,29.57,30.01,3030800
8/23/2013,ZTS,29.879999,30.200001,29.639999,30.23,2531600
8/26/2013,ZTS,30.16,29.799999,29.65,30.16,7179000
8/27/2013,ZTS,29.530001,29.200001,29,29.67,8103500
8/28/2013,ZTS,29.07,29.57,28.809999,29.83,7067300
8/29/2013,ZTS,29.43,29.469999,29.219999,29.610001,1590600
8/30/2013,ZTS,29.450001,29.15,29.040001,29.5,2296300
9/3/2013,ZTS,29.459999,29.43,29.190001,29.77,2052100
9/4/2013,ZTS,29.450001,29.690001,29.35,29.709999,3187200
9/5/2013,ZTS,29.719999,30.33,29.66,30.49,5688100
9/6/2013,ZTS,30.450001,30.610001,29.969999,30.950001,5245900
9/9/2013,ZTS,30.639999,30.59,30.360001,31,2723800
9/10/2013,ZTS,31.33,30.950001,30.860001,31.82,5024400
9/11/2013,ZTS,31.360001,31.33,30.889999,31.459999,6367900
9/12/2013,ZTS,31.360001,31.08,30.82,31.389999,2881300
9/13/2013,ZTS,31.07,31.049999,30.91,31.299999,3087300
9/16/2013,ZTS,31.440001,31.85,31.389999,32.18,7069200
9/17/2013,ZTS,32.009998,32.380001,31.98,32.52,4616300
9/18/2013,ZTS,32.279999,32.720001,31.959999,32.73,3913200
9/19/2013,ZTS,32.799999,32.509998,32.16,32.900002,4128700
9/20/2013,ZTS,32.68,32.189999,31.870001,32.75,11372300
9/23/2013,ZTS,32.189999,31.58,31.35,32.189999,3322100
9/24/2013,ZTS,31.620001,31.48,31.209999,31.66,2212100
9/25/2013,ZTS,31.48,31.059999,31.030001,31.59,3165800
9/26/2013,ZTS,31.219999,31.58,31.200001,31.639999,2289100
9/27/2013,ZTS,31.559999,31.15,31.049999,31.6,2391000
9/30/2013,ZTS,31.1,31.120001,30.93,31.32,2890400
10/1/2013,ZTS,31.120001,31.780001,31.01,32.040001,3263200
10/2/2013,ZTS,31.67,32,31.43,32.130001,3071500
10/3/2013,ZTS,31.790001,31.48,31.34,31.82,2520500
10/4/2013,ZTS,32.290001,32.049999,31.639999,32.560001,5795500
10/7/2013,ZTS,31.700001,31.93,31.59,32.380001,4420200
10/8/2013,ZTS,31.860001,31.530001,31.459999,32.09,4152500
10/9/2013,ZTS,31.73,31.43,31.08,31.73,3379900
10/10/2013,ZTS,31.780001,32.360001,31.469999,32.360001,4397600
10/11/2013,ZTS,32.439999,32.400002,32.029999,32.77,6164800
10/14/2013,ZTS,32.029999,32.290001,31.860001,32.459999,2527800
10/15/2013,ZTS,32.220001,32.07,32,32.419998,2326600
10/16/2013,ZTS,32.259998,32.889999,32.259998,32.970001,3625900
10/17/2013,ZTS,32.830002,33.029999,32.77,33.189999,2891500
10/18/2013,ZTS,33.16,33.220001,32.849998,33.299999,3979400
10/21/2013,ZTS,33.16,32.77,32.619999,33.34,2677800
10/22/2013,ZTS,32.919998,32.509998,32.259998,33,3084600
10/23/2013,ZTS,32.48,32.599998,32.48,32.900002,2817700
10/24/2013,ZTS,32.75,32.740002,32.5,32.889999,2351500
10/25/2013,ZTS,32.799999,32.470001,32.349998,32.799999,1480800
10/28/2013,ZTS,32.529999,31.98,31.940001,32.529999,3636400
10/29/2013,ZTS,31.99,32.029999,31.92,32.299999,2912000
10/30/2013,ZTS,32.169998,32.060001,31.950001,32.610001,4398600
10/31/2013,ZTS,32,31.66,31.66,32.279999,4241700
11/1/2013,ZTS,31.77,31.84,31.379999,31.93,5890500
11/4/2013,ZTS,31.84,31.93,31.52,31.99,3838900
11/5/2013,ZTS,31.9,31.690001,31.26,31.969999,6642200
11/6/2013,ZTS,32.080002,31.27,30.889999,32.18,6722800
11/7/2013,ZTS,31.379999,31.040001,30.860001,31.530001,5204600
11/8/2013,ZTS,31.17,31.59,30.959999,31.629999,4664000
11/11/2013,ZTS,31.700001,31.77,31.620001,32,3078700
11/12/2013,ZTS,31.75,31.84,31.450001,31.98,3204200
11/13/2013,ZTS,31.65,31.719999,31.280001,31.809999,4179800
11/14/2013,ZTS,31.93,31.68,31.48,32.18,2945000
11/15/2013,ZTS,31.690001,31.809999,31.41,31.870001,3601700
11/18/2013,ZTS,31.84,31.620001,31.459999,31.959999,2927500
11/19/2013,ZTS,31.66,31.42,31.200001,31.950001,2571200
11/20/2013,ZTS,31.42,31.370001,31.209999,31.82,2374400
11/21/2013,ZTS,31.49,31.58,31.32,31.719999,4425000
11/22/2013,ZTS,31.639999,31.360001,31.25,31.73,3850500
11/25/2013,ZTS,31.41,31.290001,31.059999,31.42,4719800
11/26/2013,ZTS,31.459999,31.42,31.389999,31.92,4398400
11/27/2013,ZTS,31.450001,31.280001,31.1,31.549999,1783200
11/29/2013,ZTS,31.290001,31.15,31.08,31.450001,1058600
12/2/2013,ZTS,31.309999,31.15,31.09,31.6,4065200
12/3/2013,ZTS,31.129999,31.09,30.889999,31.24,5514800
12/4/2013,ZTS,31.07,31.209999,30.959999,31.34,3196400
12/5/2013,ZTS,31.200001,31.440001,31,31.709999,6498000
12/6/2013,ZTS,31.620001,31.540001,31.299999,31.690001,3263700
12/9/2013,ZTS,31.559999,31.75,31.389999,31.940001,3073800
12/10/2013,ZTS,31.620001,31.360001,31.200001,31.620001,2941900
12/11/2013,ZTS,31.43,31.09,30.76,31.540001,4436300
12/12/2013,ZTS,30.98,31.17,30.98,31.41,3603500
12/13/2013,ZTS,31.309999,31.58,31.23,31.889999,3286500
12/16/2013,ZTS,31.67,32,31.549999,32,2635600
12/17/2013,ZTS,31.91,31.639999,31.32,31.969999,2629700
12/18/2013,ZTS,31.610001,32.169998,31.299999,32.200001,3684400
12/19/2013,ZTS,32.139999,32.310001,31.66,32.369999,3447300
12/20/2013,ZTS,32.330002,32.380001,32.259998,32.689999,3681000
12/23/2013,ZTS,32.610001,32.369999,32.16,32.639999,2219800
12/24/2013,ZTS,32.299999,32.369999,32.07,32.48,624300
12/26/2013,ZTS,32.5,32.59,32.400002,32.779999,1504700
12/27/2013,ZTS,32.689999,32.669998,32.470001,32.77,1322400
12/30/2013,ZTS,32.740002,32.669998,32.540001,32.84,1803600
12/31/2013,ZTS,32.799999,32.689999,32.459999,32.810001,2270400
1/2/2014,ZTS,32.529999,32.360001,32.110001,32.66,2576100
1/3/2014,ZTS,32.34,32.049999,32.02,32.5,2524900
1/6/2014,ZTS,32.299999,31.98,31.85,32.73,2763200
1/7/2014,ZTS,32.189999,32.099998,31.950001,32.450001,2338200
1/8/2014,ZTS,31.709999,31.74,31.51,32.09,3965900
1/9/2014,ZTS,31.83,31.959999,31.530001,31.969999,2303300
1/10/2014,ZTS,31.9,32.540001,31.860001,32.560001,2999900
1/13/2014,ZTS,32.389999,31.780001,31.690001,32.419998,4042800
1/14/2014,ZTS,31.940001,31.85,31.65,31.99,2334500
1/15/2014,ZTS,31.889999,31.809999,31.68,31.959999,2916300
1/16/2014,ZTS,31.85,32,31.709999,32.080002,1960400
1/17/2014,ZTS,31.91,31.73,31.629999,32.09,2502500
1/21/2014,ZTS,31.98,31.27,31.26,32.09,5681900
1/22/2014,ZTS,31.42,31.459999,31.26,31.67,5693600
1/23/2014,ZTS,31.459999,31.74,31.4,31.83,3263800
1/24/2014,ZTS,31.51,31.459999,31.299999,31.67,4520900
1/27/2014,ZTS,31.530001,31.360001,31.26,31.620001,6934000
1/28/2014,ZTS,31.32,31.440001,31.190001,31.620001,4203400
1/29/2014,ZTS,31.27,30.780001,30.719999,31.450001,3152000
1/30/2014,ZTS,31.07,30.67,30.59,31.33,4700400
1/31/2014,ZTS,30.389999,30.360001,30.07,30.540001,5302200
2/3/2014,ZTS,30.4,30.370001,30.139999,30.549999,6569400
2/4/2014,ZTS,30.559999,30.23,30.139999,30.75,3657300
2/5/2014,ZTS,30.1,30.129999,29.950001,30.43,3758700
2/6/2014,ZTS,30.09,30.049999,30,30.24,3327100
2/7/2014,ZTS,30.110001,30.700001,30.110001,30.799999,4130100
2/10/2014,ZTS,30.780001,31.139999,30.780001,31.530001,6339700
2/11/2014,ZTS,29.629999,29.129999,28.77,29.75,29137200
2/12/2014,ZTS,29.200001,30,29.129999,30.129999,14394200
2/13/2014,ZTS,29.93,29.67,29.559999,30.17,7891600
2/14/2014,ZTS,29.620001,29.879999,29.549999,30,5571100
2/18/2014,ZTS,29.91,30.27,29.879999,30.59,6087800
2/19/2014,ZTS,30.040001,29.75,29.629999,30.16,6169900
2/20/2014,ZTS,29.74,29.969999,29.639999,30.17,4699300
2/21/2014,ZTS,29.99,29.610001,29.530001,30.030001,3235700
2/24/2014,ZTS,29.780001,29.700001,29.620001,30.07,3105500
2/25/2014,ZTS,29.559999,30.129999,29.549999,30.379999,4412600
2/26/2014,ZTS,30.040001,30.4,30,30.450001,3647400
2/27/2014,ZTS,30.4,30.719999,30.35,30.74,3778000
2/28/2014,ZTS,30.75,31.02,30.629999,31.02,5186800
3/3/2014,ZTS,30.879999,30.99,30.790001,31.18,3534700
3/4/2014,ZTS,31.23,30.889999,30.799999,31.299999,5501800
3/5/2014,ZTS,31,30.719999,30.59,31.139999,4399200
3/6/2014,ZTS,30.82,30.780001,30.67,31.049999,3617500
3/7/2014,ZTS,30.879999,30.58,30.469999,30.99,4421500
3/10/2014,ZTS,30.620001,30.35,30.200001,30.639999,3902900
3/11/2014,ZTS,30.469999,30.280001,30.08,30.629999,2641400
3/12/2014,ZTS,30.07,29.700001,29.65,30.24,4363300
3/13/2014,ZTS,29.719999,29.25,29.059999,29.780001,4090900
3/14/2014,ZTS,29.25,29.42,29.23,29.82,4021900
3/17/2014,ZTS,29.48,29.379999,29.32,29.610001,3837100
3/18/2014,ZTS,29.42,29.280001,29.25,29.48,5453400
3/19/2014,ZTS,29.309999,29.91,29.27,30.110001,5692400
3/20/2014,ZTS,29.809999,30.09,29.67,30.110001,3672400
3/21/2014,ZTS,30.370001,29.26,29.190001,30.43,9668600
3/24/2014,ZTS,29.32,29.139999,28.969999,29.379999,4632800
3/25/2014,ZTS,29.27,29.26,29.110001,29.379999,3182000
3/26/2014,ZTS,29.41,29.209999,29.16,29.450001,3914800
3/27/2014,ZTS,29.209999,29.299999,29.08,29.4,2984200
3/28/2014,ZTS,29.459999,29.01,28.91,29.51,6398900
3/31/2014,ZTS,29.07,28.940001,28.66,29.139999,8689200
4/1/2014,ZTS,28.969999,29.35,28.969999,29.389999,3658000
4/2/2014,ZTS,29.280001,29.620001,29.139999,29.700001,2341200
4/3/2014,ZTS,29.709999,29.620001,29.389999,29.709999,2896500
4/4/2014,ZTS,29.639999,29.32,29.209999,30.01,4963400
4/7/2014,ZTS,29.25,29,28.85,29.32,4073700
4/8/2014,ZTS,28.9,29.15,28.68,29.219999,4744600
4/9/2014,ZTS,29.219999,29.059999,28.77,29.219999,3631300
4/10/2014,ZTS,28.99,28.860001,28.799999,29.219999,5372600
4/11/2014,ZTS,28.76,28.4,28.280001,28.870001,3185500
4/14/2014,ZTS,28.48,28.48,28.26,28.780001,2559900
4/15/2014,ZTS,28.57,28.549999,28.139999,28.57,3231600
4/16/2014,ZTS,28.549999,28.530001,28.4,28.700001,4220000
4/17/2014,ZTS,28.51,28.6,28.459999,28.709999,3425800
4/21/2014,ZTS,28.700001,29.030001,28.530001,29.059999,4437500
4/22/2014,ZTS,29.52,29.889999,29.190001,30.02,8353800
4/23/2014,ZTS,29.75,29.389999,29.299999,29.889999,3803300
4/24/2014,ZTS,29.299999,29.889999,29.25,30.02,4412100
4/25/2014,ZTS,29.809999,30.16,29.620001,30.290001,4857700
4/28/2014,ZTS,30.52,30.4,30.040001,30.67,3704400
4/29/2014,ZTS,30.43,30.530001,30.200001,30.530001,2531700
4/30/2014,ZTS,30.360001,30.26,29.959999,30.459999,4116100
5/1/2014,ZTS,30.309999,30.309999,30.18,30.530001,3207000
5/2/2014,ZTS,30.32,30.639999,30.299999,30.75,3042100
5/5/2014,ZTS,30.42,30.530001,30.110001,30.629999,4425200
5/6/2014,ZTS,29.85,30.889999,29.559999,31.389999,6532400
5/7/2014,ZTS,30.1,30.65,30,30.74,6810600
5/8/2014,ZTS,30.549999,30.48,30.41,30.809999,2687200
5/9/2014,ZTS,30.469999,30.540001,30.049999,30.57,3339700
5/12/2014,ZTS,30.58,30.809999,30.549999,30.860001,1971000
5/13/2014,ZTS,30.799999,30.73,30.6,30.860001,1932200
5/14/2014,ZTS,30.639999,30.639999,30.48,30.809999,2253600
5/15/2014,ZTS,30.530001,30.459999,30.35,30.639999,3104500
5/16/2014,ZTS,30.43,30.6,30.32,30.610001,3058700
5/19/2014,ZTS,30.6,30.459999,30.280001,30.629999,3671100
5/20/2014,ZTS,30.51,30.280001,30.27,30.59,2538700
5/21/2014,ZTS,30.379999,30.42,30.24,30.5,2421900
5/22/2014,ZTS,30.35,30.33,30.26,30.549999,4522700
5/23/2014,ZTS,30.34,30.530001,30.299999,30.58,4085500
5/27/2014,ZTS,30.74,30.700001,30.540001,30.77,2395700
5/28/2014,ZTS,30.73,30.48,30.43,30.73,5791000
5/29/2014,ZTS,30.6,30.719999,30.5,30.77,2610800
5/30/2014,ZTS,30.790001,30.700001,30.67,30.93,3076700
6/2/2014,ZTS,30.799999,30.92,30.65,30.959999,3561300
6/3/2014,ZTS,30.889999,31.25,30.790001,31.26,3323000
6/4/2014,ZTS,31.18,31.370001,31.129999,31.450001,3349900
6/5/2014,ZTS,31.41,31.610001,31.219999,31.65,2784700
6/6/2014,ZTS,31.620001,31.74,31.610001,31.799999,2524200
6/9/2014,ZTS,31.780001,32.009998,31.65,32.009998,3189400
6/10/2014,ZTS,31.940001,32.5,31.91,32.509998,4639800
6/11/2014,ZTS,32.5,32.130001,32.099998,32.529999,3600700
6/12/2014,ZTS,32.080002,31.99,31.82,32.130001,4298500
6/13/2014,ZTS,31.959999,32.119999,31.83,32.139999,1904500
6/16/2014,ZTS,32.080002,32.130001,31.99,32.209999,2197200
6/17/2014,ZTS,32.060001,32.810001,32.060001,32.849998,4407200
6/18/2014,ZTS,32.720001,32.889999,32.459999,32.889999,2482800
6/19/2014,ZTS,32.970001,32.549999,32.529999,33.049999,4062900
6/20/2014,ZTS,32.400002,32.459999,32.049999,32.580002,7836200
6/23/2014,ZTS,32.540001,32.639999,32.43,32.73,2513600
6/24/2014,ZTS,32.669998,32.369999,32.349998,32.700001,1772500
6/25/2014,ZTS,32.41,32.369999,32.290001,32.57,2751400
6/26/2014,ZTS,32.349998,32.240002,32.080002,32.43,2240100
6/27/2014,ZTS,32.209999,32.380001,32.16,32.41,1435000
6/30/2014,ZTS,32.450001,32.27,32.119999,32.73,1847300
7/1/2014,ZTS,32.459999,32.509998,32.310001,32.610001,2263500
7/2/2014,ZTS,32.5,32.740002,32.5,32.759998,1850700
7/3/2014,ZTS,32.759998,32.91,32.650002,32.919998,1370200
7/7/2014,ZTS,32.880001,32.560001,32.560001,32.889999,2087600
7/8/2014,ZTS,32.400002,32.48,32.169998,32.509998,1846200
7/9/2014,ZTS,32.470001,32.459999,32.290001,32.639999,1339900
7/10/2014,ZTS,32.220001,32.52,32.02,32.689999,2003800
7/11/2014,ZTS,32.439999,32.369999,32.299999,32.560001,1422900
7/14/2014,ZTS,32.560001,32.73,32.400002,32.849998,1900200
7/15/2014,ZTS,32.630001,32.389999,32.259998,32.709999,2496200
7/16/2014,ZTS,32.43,32.630001,32.349998,32.700001,1768100
7/17/2014,ZTS,32.43,32.209999,32.150002,32.509998,2154100
7/18/2014,ZTS,32.150002,32.689999,32.07,32.740002,3261000
7/21/2014,ZTS,32.610001,32.849998,32.599998,32.880001,2513300
7/22/2014,ZTS,32.959999,32.869999,32.830002,33.23,2590600
7/23/2014,ZTS,32.849998,32.84,32.779999,32.939999,2078600
7/24/2014,ZTS,32.900002,32.889999,32.759998,32.970001,2007900
7/25/2014,ZTS,32.77,32.82,32.68,32.900002,1579600
7/28/2014,ZTS,32.77,32.860001,32.669998,32.970001,1627800
7/29/2014,ZTS,32.799999,33.029999,32.700001,33.220001,2994400
7/30/2014,ZTS,33.150002,33.139999,32.919998,33.25,1800600
7/31/2014,ZTS,32.91,32.91,32.869999,33.130001,3002700
8/1/2014,ZTS,32.77,32.740002,32.59,33.040001,5381100
8/4/2014,ZTS,32.720001,33.240002,32.580002,33.349998,4676100
8/5/2014,ZTS,32.57,32.209999,31.98,32.880001,5933100
8/6/2014,ZTS,32.029999,32.299999,32.009998,32.369999,3163800
8/7/2014,ZTS,32.369999,31.790001,31.67,32.48,3747800
8/8/2014,ZTS,31.799999,32.32,31.799999,32.34,2191500
8/11/2014,ZTS,32.459999,32.599998,32.380001,32.650002,2282500
8/12/2014,ZTS,32.48,32.450001,32.349998,32.689999,2837900
8/13/2014,ZTS,32.709999,32.869999,32.689999,33.040001,3729200
8/14/2014,ZTS,32.93,33.07,32.869999,33.099998,2562500
8/15/2014,ZTS,33.130001,33.689999,33.130001,33.700001,3843000
8/18/2014,ZTS,33.75,33.93,33.700001,34.009998,3459500
8/19/2014,ZTS,33.950001,34.52,33.889999,34.57,2922500
8/20/2014,ZTS,34.52,34.790001,34.450001,34.849998,2720500
8/21/2014,ZTS,34.77,34.889999,34.689999,34.98,2041800
8/22/2014,ZTS,34.82,34.889999,34.73,34.939999,2300500
8/25/2014,ZTS,35,34.900002,34.810001,35.029999,2417200
8/26/2014,ZTS,34.98,35.130001,34.84,35.209999,2956600
8/27/2014,ZTS,35.18,35.34,35.07,35.48,2746100
8/28/2014,ZTS,35.169998,35.330002,35.07,35.380001,3760400
8/29/2014,ZTS,35.330002,35.439999,35.009998,35.439999,1190900
9/2/2014,ZTS,35.439999,35.48,35.32,35.59,1654000
9/3/2014,ZTS,36.630001,35.759998,35.529999,36.650002,4220600
9/4/2014,ZTS,35.77,35.509998,35.389999,35.889999,2383100
9/5/2014,ZTS,35.610001,36.040001,35.450001,36.049999,1602900
9/8/2014,ZTS,36,36.279999,35.950001,36.310001,1913500
9/9/2014,ZTS,36.25,36.18,36.009998,36.299999,2832500
9/10/2014,ZTS,36.310001,36.240002,35.880001,36.34,2287400
9/11/2014,ZTS,36.150002,36.27,36.09,36.290001,1768900
9/12/2014,ZTS,36.209999,36.18,36.09,36.240002,1920000
9/15/2014,ZTS,36.25,36.27,36.130001,36.32,2164600
9/16/2014,ZTS,36.279999,36.490002,36.200001,36.549999,2253000
9/17/2014,ZTS,36.540001,36.650002,36.34,36.68,2525600
9/18/2014,ZTS,36.740002,36.700001,36.630001,37.080002,2336300
9/19/2014,ZTS,36.84,37.200001,36.84,37.310001,6105100
9/22/2014,ZTS,37.220001,36.619999,36.5,37.299999,4951100
9/23/2014,ZTS,36.310001,35.880001,35.849998,36.490002,4421800
9/24/2014,ZTS,35.990002,36.580002,35.950001,36.630001,4714100
9/25/2014,ZTS,36.57,36.299999,36.119999,36.59,2062000
9/26/2014,ZTS,36.360001,36.630001,36.189999,36.75,2124800
9/29/2014,ZTS,36.299999,36.790001,36.169998,36.810001,2075600
9/30/2014,ZTS,37.049999,36.950001,36.77,37.110001,3412900
10/1/2014,ZTS,36.869999,36.450001,36.23,37.009998,5508300
10/2/2014,ZTS,36.580002,36.91,36.459999,36.970001,3670200
10/3/2014,ZTS,36.869999,37.669998,36.869999,37.73,5948500
10/6/2014,ZTS,37.810001,37.66,37.599998,37.970001,2693400
10/7/2014,ZTS,37.400002,36.709999,36.619999,37.560001,8116900
10/8/2014,ZTS,36.799999,37.549999,36.630001,37.57,3565700
10/9/2014,ZTS,37.490002,37.02,36.900002,37.630001,4336700
10/10/2014,ZTS,37.02,36.68,36.639999,37.299999,3689300
10/13/2014,ZTS,36.669998,35.57,35.529999,36.669998,6676400
10/14/2014,ZTS,35.830002,35.869999,35.459999,36.16,3078700
10/15/2014,ZTS,35.360001,35.259998,34.16,35.389999,7155800
10/16/2014,ZTS,34.740002,35.07,34.18,35.52,4181300
10/17/2014,ZTS,35.400002,35.369999,34.950001,35.599998,3438500
10/20/2014,ZTS,35.369999,35.41,35.310001,35.689999,2543800
10/21/2014,ZTS,35.57,36.09,35.540001,36.18,4772800
10/22/2014,ZTS,36.060001,35.889999,35.880001,36.34,2263500
10/23/2014,ZTS,35.799999,36.110001,35.470001,36.450001,2925800
10/24/2014,ZTS,36.200001,36.580002,36.099998,36.599998,1419000
10/27/2014,ZTS,36.599998,36.57,36.490002,36.779999,2511400
10/28/2014,ZTS,36.66,37.009998,36.509998,37.02,1533400
10/29/2014,ZTS,36.880001,36.619999,36.310001,36.939999,2269900
10/30/2014,ZTS,36.630001,37.32,36.549999,37.400002,2137900
10/31/2014,ZTS,37.740002,37.16,37.049999,37.91,2589500
11/3/2014,ZTS,37.080002,37.720001,37.02,37.82,4071300
11/4/2014,ZTS,38.009998,39.119999,38.009998,39.119999,9723700
11/5/2014,ZTS,39.290001,39.27,38.759998,39.41,11878900
11/6/2014,ZTS,39.349998,39.709999,39.27,39.720001,4457100
11/7/2014,ZTS,39.650002,40.23,39.619999,40.299999,6819000
11/10/2014,ZTS,40.299999,40.16,40.029999,40.34,7530100
11/11/2014,ZTS,40.16,43.720001,39.919998,44.130001,20228500
11/12/2014,ZTS,43.900002,42.639999,42.57,43.959999,21414900
11/13/2014,ZTS,42.66,43.240002,42.610001,43.290001,6151300
11/14/2014,ZTS,43.189999,43.139999,42.860001,43.450001,2689500
11/17/2014,ZTS,43.860001,44.23,42.98,44.43,9537400
11/18/2014,ZTS,44.880001,44.189999,43.029999,44.939999,12180600
11/19/2014,ZTS,44.330002,43.400002,43.209999,44.380001,7031100
11/20/2014,ZTS,42.91,43.150002,42.709999,43.25,5091100
11/21/2014,ZTS,43.48,43.869999,42.849998,43.869999,5192500
11/24/2014,ZTS,44.09,44.580002,43.830002,44.93,4179400
11/25/2014,ZTS,44.580002,43.91,43.869999,44.720001,3589000
11/26/2014,ZTS,44.27,44.669998,43.869999,44.700001,2131400
11/28/2014,ZTS,44.75,44.93,44.75,45.09,1332200
12/1/2014,ZTS,45.200001,44.369999,44.259998,45.240002,3153000
12/2/2014,ZTS,44.369999,44.740002,44.279999,44.950001,2500600
12/3/2014,ZTS,44.740002,44.880001,44.389999,45.009998,2003600
12/4/2014,ZTS,44.790001,44,43.849998,44.900002,4294300
12/5/2014,ZTS,43.970001,43.98,43.830002,44.459999,3314000
12/8/2014,ZTS,44.200001,44.099998,43.869999,44.389999,5889300
12/9/2014,ZTS,43.18,43.82,42.740002,44.490002,5515000
12/10/2014,ZTS,43.849998,42.77,42.700001,44.200001,4393500
12/11/2014,ZTS,42.970001,42.880001,42.759998,43.5,4942200
12/12/2014,ZTS,42.720001,41.77,41.740002,43.09,4050300
12/15/2014,ZTS,42.25,41.740002,41.34,42.490002,5943600
12/16/2014,ZTS,41.650002,40.849998,40.830002,42.009998,4606400
12/17/2014,ZTS,41.080002,41.130001,40.830002,41.43,7627700
12/18/2014,ZTS,41.84,43.150002,41.790001,43.150002,6578100
12/19/2014,ZTS,43.029999,43.509998,42.630001,43.73,5601600
12/22/2014,ZTS,43.57,43.41,42.950001,43.779999,1913800
12/23/2014,ZTS,43.599998,42.970001,42.759998,43.73,2612500
12/24/2014,ZTS,43.060001,43.84,43,43.990002,1300600
12/26/2014,ZTS,43.799999,44.200001,43.799999,44.290001,1518000
12/29/2014,ZTS,44.02,44.009998,43.849998,44.23,2006700
12/30/2014,ZTS,43.98,43.349998,43.09,44.099998,2251100
12/31/2014,ZTS,43.459999,43.029999,43,43.880001,2131900
1/2/2015,ZTS,43.459999,43.310001,43.07,43.700001,1784200
1/5/2015,ZTS,43.25,43.049999,42.970001,43.630001,3112100
1/6/2015,ZTS,43.150002,42.630001,42.299999,43.360001,3977200
1/7/2015,ZTS,43,43.509998,42.98,43.560001,2481800
1/8/2015,ZTS,44.75,44.18,44,44.869999,3121300
1/9/2015,ZTS,44.060001,44.25,43.68,44.439999,2999100
1/12/2015,ZTS,44.34,43.419998,43.290001,44.34,2168300
1/13/2015,ZTS,43.889999,42.810001,42.57,44.220001,3668600
1/14/2015,ZTS,42.5,43.029999,42.290001,43.23,2475300
1/15/2015,ZTS,43.27,42.939999,42.900002,43.77,2719300
1/16/2015,ZTS,42.799999,44.220001,42.77,44.290001,2761600
1/20/2015,ZTS,44.200001,43.560001,43.220001,44.200001,3471000
1/21/2015,ZTS,43.57,44.25,43.439999,44.630001,1991900
1/22/2015,ZTS,44.349998,44.509998,43.650002,44.82,2914700
1/23/2015,ZTS,44.52,44.119999,43.970001,44.799999,2885500
1/26/2015,ZTS,44.040001,44.09,43.849998,44.310001,1926800
1/27/2015,ZTS,43.599998,43.299999,43.209999,43.900002,3008300
1/28/2015,ZTS,43.73,43.110001,43.07,44.290001,2425100
1/29/2015,ZTS,43.049999,43.32,42.560001,43.68,4927300
1/30/2015,ZTS,43.18,42.73,42.639999,43.560001,3146000
2/2/2015,ZTS,43.029999,43.380001,42.369999,43.380001,2136700
2/3/2015,ZTS,43.509998,43.5,43.200001,43.810001,4910800
2/4/2015,ZTS,43.860001,43.459999,43.220001,44.040001,5102900
2/5/2015,ZTS,43.549999,43.400002,43.119999,44.080002,3470900
2/6/2015,ZTS,43.439999,43.66,43.279999,44.240002,5408000
2/9/2015,ZTS,43.5,42.869999,42.66,43.66,4467100
2/10/2015,ZTS,43.130001,43.91,42.810001,44.009998,4111200
2/11/2015,ZTS,44.880001,45.77,44.880001,46.119999,7071100
2/12/2015,ZTS,47.240002,45.790001,45.259998,47.400002,6989600
2/13/2015,ZTS,44.740002,45.459999,44.360001,45.5,6413300
2/17/2015,ZTS,45.549999,46.200001,45.450001,46.240002,4055800
2/18/2015,ZTS,46.110001,45.849998,45.82,46.43,3276900
2/19/2015,ZTS,45.830002,45.650002,45.490002,46,2928800
2/20/2015,ZTS,45.700001,45.599998,45.110001,45.889999,3713000
2/23/2015,ZTS,45.709999,45.580002,45.209999,45.93,2664500
2/24/2015,ZTS,45.650002,45.400002,45.279999,45.790001,1869800
2/25/2015,ZTS,45.549999,45.720001,45.389999,45.970001,2958800
2/26/2015,ZTS,45.830002,46.619999,45.799999,46.700001,4903000
2/27/2015,ZTS,46.540001,46.09,46.040001,46.880001,5555500
3/2/2015,ZTS,46.09,47.310001,46.09,47.610001,5261700
3/3/2015,ZTS,47.279999,46.540001,46.34,47.34,2256200
3/4/2015,ZTS,46.400002,46.23,45.860001,46.490002,3293000
3/5/2015,ZTS,46.689999,46.459999,45.990002,46.830002,2327600
3/6/2015,ZTS,46.299999,45.779999,45.669998,46.529999,3486500
3/9/2015,ZTS,45.869999,46.290001,45.48,46.959999,3757800
3/10/2015,ZTS,46.130001,45.700001,45.68,46.279999,2189500
3/11/2015,ZTS,45.880001,46.009998,45.73,46.580002,3245000
3/12/2015,ZTS,46.310001,46.84,46.139999,46.869999,2276500
3/13/2015,ZTS,46.860001,46.450001,46.02,46.860001,2487100
3/16/2015,ZTS,46.709999,46.98,46.549999,47.029999,2519800
3/17/2015,ZTS,46.619999,47.150002,46.41,47.34,2906900
3/18/2015,ZTS,46.98,47.509998,46.669998,47.759998,3056000
3/19/2015,ZTS,47.459999,47.41,47.099998,47.740002,2000700
3/20/2015,ZTS,47.490002,47.34,47.099998,47.919998,4542700
3/23/2015,ZTS,47.549999,47.150002,47.040001,47.700001,4820100
3/24/2015,ZTS,47.240002,47.02,46.759998,47.610001,1938100
3/25/2015,ZTS,47.169998,46.27,46.220001,47.380001,4148400
3/26/2015,ZTS,46.02,46.110001,45.689999,46.389999,3550800
3/27/2015,ZTS,46.139999,46.220001,46,46.529999,2801700
3/30/2015,ZTS,46.470001,46.919998,46.419998,46.959999,2206900
3/31/2015,ZTS,46.759998,46.290001,46.290001,46.93,2768400
4/1/2015,ZTS,46.299999,46.27,45.959999,46.560001,4751300
4/2/2015,ZTS,46.450001,46.5,46.200001,46.66,3084000
4/6/2015,ZTS,46.150002,46.330002,46.009998,46.669998,2385300
4/7/2015,ZTS,46.400002,46.360001,46.330002,46.860001,2367100
4/8/2015,ZTS,46.369999,46.209999,46.119999,46.610001,2565400
4/9/2015,ZTS,46.299999,46.549999,46.16,46.740002,2720800
4/10/2015,ZTS,46.599998,47.169998,46.299999,47.290001,2278300
4/13/2015,ZTS,47.25,46.66,46.639999,47.439999,2009300
4/14/2015,ZTS,46.66,46.900002,46.02,46.990002,2672500
4/15/2015,ZTS,47.049999,47,46.91,47.220001,1578500
4/16/2015,ZTS,46.799999,47.139999,46.639999,47.169998,1585500
4/17/2015,ZTS,46.900002,46.77,46.459999,47.029999,2885100
4/20/2015,ZTS,46.889999,47.040001,46.709999,47.130001,2890200
4/21/2015,ZTS,47.279999,47.540001,47.099998,47.580002,3139000
4/22/2015,ZTS,47.450001,47.029999,46.93,47.52,2075700
4/23/2015,ZTS,46.939999,47.049999,46.57,47.099998,2113300
4/24/2015,ZTS,46.889999,47.91,46.73,47.990002,3449500
4/27/2015,ZTS,47.98,46.830002,46.740002,47.990002,2684100
4/28/2015,ZTS,46.720001,45.73,45.639999,46.82,4492400
4/29/2015,ZTS,45.5,45.220001,45.099998,45.939999,3997600
4/30/2015,ZTS,45.080002,44.419998,44.310001,45.450001,4330200
5/1/2015,ZTS,44.73,44.610001,44.389999,44.91,5835100
5/4/2015,ZTS,44.75,45.400002,44.709999,45.560001,4782900
5/5/2015,ZTS,47.130001,45.68,45.130001,47.439999,7681200
5/6/2015,ZTS,45.93,45.290001,45.189999,45.939999,4441400
5/7/2015,ZTS,45.330002,45.560001,45.029999,45.75,2427000
5/8/2015,ZTS,45.990002,45.900002,45.57,46.09,2548200
5/11/2015,ZTS,45.91,46.09,45.669998,46.349998,3405100
5/12/2015,ZTS,45.720001,45.580002,45.34,45.860001,2230400
5/13/2015,ZTS,45.619999,45.619999,45.419998,46,2159800
5/14/2015,ZTS,45.869999,46.279999,45.48,46.32,1959600
5/15/2015,ZTS,46.52,46.490002,46.43,46.91,2831500
5/18/2015,ZTS,46.450001,46.73,46.32,46.77,2890600
5/19/2015,ZTS,46.880001,47.450001,46.740002,47.689999,3845700
5/20/2015,ZTS,47.470001,47.279999,46.990002,47.810001,2206600
5/21/2015,ZTS,47.330002,47.799999,47.049999,47.889999,3599300
5/22/2015,ZTS,47.709999,47.630001,47.5,47.84,1832300
5/26/2015,ZTS,47.52,47.950001,47.509998,48.049999,3999500
5/27/2015,ZTS,47.98,49.450001,47.669998,49.48,5447800
5/28/2015,ZTS,49.290001,49.110001,48.400002,49.549999,4934000
5/29/2015,ZTS,49.439999,49.77,49.130001,49.959999,5617100
6/1/2015,ZTS,49.919998,49.779999,49.369999,50.369999,4496100
6/2/2015,ZTS,49.720001,49.580002,48.900002,49.970001,2680500
6/3/2015,ZTS,49.880001,49.549999,49.34,49.900002,1976000
6/4/2015,ZTS,49.049999,48.900002,48.849998,49.59,2080700
6/5/2015,ZTS,48.700001,49.009998,48.41,49.169998,2412000
6/8/2015,ZTS,48.75,48.799999,48.740002,49.220001,1906400
6/9/2015,ZTS,48.669998,49.240002,48.52,49.369999,2675500
6/10/2015,ZTS,49.41,49.689999,49,49.900002,2012100
6/11/2015,ZTS,49.799999,49.869999,49.599998,50.040001,2055700
6/12/2015,ZTS,49.630001,49.080002,49.009998,49.860001,2033300
6/15/2015,ZTS,48.84,49.27,48.709999,49.349998,3015000
6/16/2015,ZTS,49.299999,49.709999,48.900002,49.73,1817900
6/17/2015,ZTS,49.75,50.169998,49.709999,50.369999,2804400
6/18/2015,ZTS,50.290001,50.5,50.16,50.599998,3696100
6/19/2015,ZTS,50.360001,50.240002,50.200001,50.619999,2906800
6/22/2015,ZTS,50.599998,50.220001,50.07,50.700001,2040400
6/23/2015,ZTS,50.41,50.470001,50.240002,50.849998,2104100
6/24/2015,ZTS,50.25,49.709999,49.709999,50.299999,2561900
6/25/2015,ZTS,49.84,55.380001,49.57,55.380001,3228100
6/26/2015,ZTS,53.93,48.619999,48.259998,54,20823300
6/29/2015,ZTS,48.509998,47.07,47.040001,48.689999,5149400
6/30/2015,ZTS,47.669998,48.220001,47.209999,48.610001,4268800
7/1/2015,ZTS,48.75,48.43,47.830002,49.040001,5532100
7/2/2015,ZTS,48.599998,48.310001,47.889999,48.66,2070900
7/6/2015,ZTS,48.040001,48.400002,47.77,48.400002,3088100
7/7/2015,ZTS,48.540001,47.880001,47.099998,48.779999,5656200
7/8/2015,ZTS,47.349998,46.48,46.459999,47.43,3452800
7/9/2015,ZTS,47.110001,46.57,46.560001,47.369999,3409200
7/10/2015,ZTS,47,46.959999,46.82,47.189999,2917500
7/13/2015,ZTS,47.099998,47.040001,46.84,47.439999,3050000
7/14/2015,ZTS,47.040001,47.459999,46.279999,47.560001,5636300
7/15/2015,ZTS,47.5,47.110001,47.009998,47.630001,2099400
7/16/2015,ZTS,47.389999,48,47.389999,48.220001,3423500
7/17/2015,ZTS,48,47.799999,47.720001,48.299999,2324000
7/20/2015,ZTS,48.099998,48.98,48.02,49.029999,3364200
7/21/2015,ZTS,49.700001,49.119999,48.93,49.75,4412700
7/22/2015,ZTS,49.049999,50.02,49.02,50.060001,2937300
7/23/2015,ZTS,49.959999,49.849998,49.509998,50.389999,2457900
7/24/2015,ZTS,49.900002,49.490002,49.330002,50.299999,2081000
7/27/2015,ZTS,49.389999,49.48,48.77,49.57,1683500
7/28/2015,ZTS,49.52,48.849998,48.169998,49.57,4846300
7/29/2015,ZTS,49.099998,48.400002,47.869999,49.16,3629900
7/30/2015,ZTS,47.959999,48.549999,47.959999,48.720001,1576800
7/31/2015,ZTS,48.82,48.98,48.740002,49.450001,2539800
8/3/2015,ZTS,49.16,48.48,47.990002,49.490002,3559500
8/4/2015,ZTS,49.110001,48.849998,48.279999,50,4867300
8/5/2015,ZTS,48.950001,48.610001,48.52,49.119999,4118200
8/6/2015,ZTS,49.560001,48.279999,47.970001,50.25,3223400
8/7/2015,ZTS,48.119999,48.310001,47.439999,48.470001,3466000
8/10/2015,ZTS,48.5,48.389999,48.279999,49.09,3064500
8/11/2015,ZTS,48.07,48.209999,47.84,48.540001,1946700
8/12/2015,ZTS,47.900002,47.860001,46.880001,48.080002,3520300
8/13/2015,ZTS,47.82,47.66,47.599998,48.380001,2574800
8/14/2015,ZTS,47.650002,47.470001,46.939999,47.650002,2594500
8/17/2015,ZTS,47.299999,48.689999,47.259998,48.709999,1849600
8/18/2015,ZTS,48.59,47.73,47.689999,48.779999,2847800
8/19/2015,ZTS,47.450001,47.91,47.220001,48.18,2130700
8/20/2015,ZTS,47.360001,46.380001,46.279999,47.68,2515600
8/21/2015,ZTS,45.849998,45.02,45.009998,46.32,3775200
8/24/2015,ZTS,42.509998,43.529999,37.73,44.970001,5725500
8/25/2015,ZTS,44.59,42.560001,42.560001,44.84,3814300
8/26/2015,ZTS,43.549999,44.25,41.990002,44.330002,5873300
8/27/2015,ZTS,44.709999,45.860001,44.110001,46.150002,4602100
8/28/2015,ZTS,46.009998,45.779999,45.060001,46.130001,2711400
8/31/2015,ZTS,45.740002,44.869999,44.77,45.91,2580000
9/1/2015,ZTS,43.950001,43.98,43.779999,44.889999,4346100
9/2/2015,ZTS,44.52,45.119999,43.900002,45.16,2699700
9/3/2015,ZTS,45.32,44.529999,44.32,45.619999,2932500
9/4/2015,ZTS,43.970001,44.009998,43.529999,44.73,4195500
9/8/2015,ZTS,44.720001,44.889999,43.82,44.939999,4134900
9/9/2015,ZTS,45.18,43.950001,43.849998,45.259998,2964700
9/10/2015,ZTS,43.93,44.34,43.799999,44.93,2871200
9/11/2015,ZTS,44.599998,45,44.119999,45.130001,2476200
9/14/2015,ZTS,44.869999,44.470001,44.189999,45,2182200
9/15/2015,ZTS,44.700001,45.060001,44.48,45.130001,1999900
9/16/2015,ZTS,44.790001,44.509998,43.700001,44.849998,4242600
9/17/2015,ZTS,44.75,46.009998,44.75,46.630001,5470500
9/18/2015,ZTS,45.310001,45.119999,44.900002,45.700001,8078600
9/21/2015,ZTS,45.279999,44.5,44.110001,45.57,2502700
9/22/2015,ZTS,44.009998,44.23,43.740002,44.52,2368400
9/23/2015,ZTS,44.200001,44.32,43.990002,44.66,1802500
9/24/2015,ZTS,44.130001,43.59,43.009998,44.200001,3202000
9/25/2015,ZTS,44.110001,42.509998,41.880001,44.139999,3498000
9/28/2015,ZTS,42.27,39.959999,39.380001,42.299999,8954900
9/29/2015,ZTS,40.299999,39.650002,38.98,40.77,7328400
9/30/2015,ZTS,40.630001,41.18,40.349998,41.220001,4954100
10/1/2015,ZTS,41.07,41.290001,40.369999,41.34,4131800
10/2/2015,ZTS,40.630001,43.02,40.490002,43.040001,4036800
10/5/2015,ZTS,43.150002,42.849998,42.349998,43.389999,5467700
10/6/2015,ZTS,42.779999,41.389999,41.189999,43.099998,4622200
10/7/2015,ZTS,41.59,42.669998,41.23,42.709999,4157200
10/8/2015,ZTS,42.560001,43.220001,41.98,43.400002,4434600
10/9/2015,ZTS,43.110001,42.799999,42.77,43.310001,2863000
10/12/2015,ZTS,42.880001,42.709999,42.43,43.07,2848100
10/13/2015,ZTS,42.540001,42.32,42.189999,43.119999,3285500
10/14/2015,ZTS,42.34,42.380001,42.130001,42.959999,2940800
10/15/2015,ZTS,41.689999,43,41.580002,43.119999,2481500
10/16/2015,ZTS,43.209999,43.93,43.189999,44.139999,4120400
10/19/2015,ZTS,43.810001,43.779999,43.23,44.009998,1924800
10/20/2015,ZTS,43.66,43.09,42.830002,43.779999,2810000
10/21/2015,ZTS,43.380001,41.66,39.529999,43.560001,9647400
10/22/2015,ZTS,41.689999,40.799999,39.98,41.900002,8908000
10/23/2015,ZTS,41.16,42.540001,41.049999,43.18,7391500
10/26/2015,ZTS,42.439999,42.349998,41.990002,42.959999,2929300
10/27/2015,ZTS,42.509998,42.740002,42.290001,43.360001,4570300
10/28/2015,ZTS,42.689999,43.34,42.310001,43.790001,3219100
10/29/2015,ZTS,43.310001,43.549999,43.240002,43.91,3019000
10/30/2015,ZTS,43.380001,43.009998,42.889999,43.689999,3774400
11/2/2015,ZTS,43.540001,44.240002,43.169998,44.52,4298800
11/3/2015,ZTS,46.470001,46.630001,45.400002,46.900002,8007200
11/4/2015,ZTS,46.650002,46.549999,46.23,47.139999,7718100
11/5/2015,ZTS,46.560001,45.459999,44.919998,46.779999,5177500
11/6/2015,ZTS,45.400002,45.970001,44.830002,46.279999,3496200
11/9/2015,ZTS,45.779999,45.799999,44.959999,46.040001,3707900
11/10/2015,ZTS,45.849998,45.880001,45.259998,46.040001,2963200
11/11/2015,ZTS,45.919998,45.080002,45.060001,45.919998,2118900
11/12/2015,ZTS,45.009998,44.529999,44.459999,45.189999,2858600
11/13/2015,ZTS,44.369999,44.849998,44.200001,45.080002,3283700
11/16/2015,ZTS,45,45.299999,44.73,45.419998,3532300
11/17/2015,ZTS,45.029999,45.77,44.73,46.110001,3638700
11/18/2015,ZTS,45.810001,47.18,45.360001,47.200001,3378000
11/19/2015,ZTS,47.049999,46.900002,46.57,47.209999,2928500
11/20/2015,ZTS,47,47.32,46.860001,47.57,3679400
11/23/2015,ZTS,47.23,46.959999,46.610001,47.43,3265300
11/24/2015,ZTS,46.560001,46.93,46.299999,46.990002,1713500
11/25/2015,ZTS,46.799999,46.970001,46.66,47.23,2196800
11/27/2015,ZTS,47.139999,47.080002,46.91,47.23,1155100
11/30/2015,ZTS,47.080002,46.700001,46.459999,47.25,3481900
12/1/2015,ZTS,46.810001,47.009998,46.209999,47.130001,2956900
12/2/2015,ZTS,47.07,46.369999,46.07,47.18,2335100
12/3/2015,ZTS,46.48,45.200001,44.939999,46.540001,2465300
12/4/2015,ZTS,45.360001,46.459999,45.169998,46.5,2237600
12/7/2015,ZTS,46.470001,45.91,45.349998,46.830002,2108700
12/8/2015,ZTS,45.450001,45.939999,45.400002,46.200001,1335200
12/9/2015,ZTS,45.610001,45.209999,44.970001,46.18,1768000
12/10/2015,ZTS,45.16,46.099998,45.150002,46.490002,2462300
12/11/2015,ZTS,45.389999,45.830002,45.330002,46,4233700
12/14/2015,ZTS,45.849998,46.59,45.549999,46.639999,3895900
12/15/2015,ZTS,47.049999,46.970001,46.869999,47.650002,4154100
12/16/2015,ZTS,47.419998,47.09,46.16,47.549999,3441900
12/17/2015,ZTS,47.27,46.73,46.490002,47.57,2642300
12/18/2015,ZTS,46.599998,46.599998,46.490002,47.619999,5439700
12/21/2015,ZTS,46.830002,47.34,46.560001,47.369999,2467100
12/22/2015,ZTS,47.5,47.720001,47.389999,48.459999,2404600
12/23/2015,ZTS,47.84,47.98,47.610001,48.099998,2368400
12/24/2015,ZTS,47.860001,48.130001,47.630001,48.450001,965300
12/28/2015,ZTS,47.959999,47.900002,47.59,48.200001,928300
12/29/2015,ZTS,48.369999,48.330002,47.959999,48.619999,1483800
12/30/2015,ZTS,48.330002,48.259998,48.009998,48.650002,1453700
12/31/2015,ZTS,47.93,47.919998,47.810001,48.400002,1758000
1/4/2016,ZTS,46.939999,47.27,46.75,47.720001,2871700
1/5/2016,ZTS,47.509998,48.009998,47.279999,48.099998,3116700
1/6/2016,ZTS,47.27,48.02,47.259998,48.349998,4670500
1/7/2016,ZTS,46.990002,46.560001,46.290001,48,4324400
1/8/2016,ZTS,46.939999,45.880001,45.650002,47.57,4946100
1/11/2016,ZTS,46.099998,44.580002,43.830002,46.34,4306900
1/12/2016,ZTS,43.869999,44.970001,43.25,45.049999,7774900
1/13/2016,ZTS,45.25,43.25,43.029999,45.330002,4197600
1/14/2016,ZTS,43.34,44.130001,42.66,44.400002,4794900
1/15/2016,ZTS,43,43.380001,42.77,43.849998,4519100
1/19/2016,ZTS,44.110001,43.189999,42.73,44.720001,4595000
1/20/2016,ZTS,42.57,43.790001,42.41,44.279999,5212900
1/21/2016,ZTS,43.790001,43.080002,42.98,43.919998,3777400
1/22/2016,ZTS,43.59,43.400002,43.099998,43.82,3397500
1/25/2016,ZTS,43.25,43.200001,43.060001,43.77,2364200
1/26/2016,ZTS,43.299999,43.869999,43.150002,44.060001,3797500
1/27/2016,ZTS,43.669998,43.150002,42.799999,44.360001,3242500
1/28/2016,ZTS,43.400002,42.84,42.709999,43.580002,5660400
1/29/2016,ZTS,43.200001,43.049999,42.610001,43.360001,7032600
2/1/2016,ZTS,43,42.959999,42.509998,43.389999,4702400
2/2/2016,ZTS,42.43,41.720001,41.369999,42.529999,3441500
2/3/2016,ZTS,41.84,41.310001,40.450001,42,5145100
2/4/2016,ZTS,41.150002,41.540001,40.93,41.950001,3949800
2/5/2016,ZTS,41.32,40.91,40.610001,41.509998,4058100
2/8/2016,ZTS,40.400002,40.189999,39.59,40.709999,4314300
2/9/2016,ZTS,39.580002,39.860001,39.389999,40.959999,6277600
2/10/2016,ZTS,40.169998,39.330002,39.25,40.48,6629200
2/11/2016,ZTS,38.98,39.360001,38.259998,39.529999,8058200
2/12/2016,ZTS,39.810001,40.43,39.209999,40.48,6734700
2/16/2016,ZTS,41.66,40.43,39.73,41.869999,5614300
2/17/2016,ZTS,40.779999,41.799999,40.470001,42,7226900
2/18/2016,ZTS,41.560001,42.02,41.529999,42.369999,5350400
2/19/2016,ZTS,42.07,41.830002,41.400002,42.23,3844500
2/22/2016,ZTS,42.119999,42.77,41.790001,42.830002,3476600
2/23/2016,ZTS,42.580002,42.369999,42.290001,43.200001,2499000
2/24/2016,ZTS,41.939999,42.369999,41.25,42.419998,3086800
2/25/2016,ZTS,42.369999,42.900002,41.790001,42.919998,4135900
2/26/2016,ZTS,42.990002,42.360001,42.220001,43.34,2654300
2/29/2016,ZTS,42.099998,41.060001,41.049999,42.169998,3550500
3/1/2016,ZTS,41.490002,42.099998,40.880001,42.139999,5280700
3/2/2016,ZTS,41.91,41.720001,41.509998,42.18,2507700
3/3/2016,ZTS,41.720001,41.080002,40.700001,41.849998,4473700
3/4/2016,ZTS,41.080002,40.799999,40.619999,41.32,3557900
3/7/2016,ZTS,40.599998,41.200001,40.459999,41.43,3540500
3/8/2016,ZTS,40.84,40.23,40.16,41.139999,3266300
3/9/2016,ZTS,40.549999,40.459999,39.84,40.599998,4083700
3/10/2016,ZTS,39.919998,39.91,39.349998,40.610001,7999500
3/11/2016,ZTS,40.200001,41.869999,40.02,41.91,5890900
3/14/2016,ZTS,41.630001,41.310001,41.07,41.709999,3338500
3/15/2016,ZTS,41.060001,40.720001,39.970001,41.09,7034600
3/16/2016,ZTS,40.860001,40.459999,40.099998,40.860001,5147400
3/17/2016,ZTS,40.490002,39.720001,39.52,40.669998,7288100
3/18/2016,ZTS,39.919998,40.860001,39.799999,41.040001,5812800
3/21/2016,ZTS,40.91,41.619999,40.880001,42.029999,5461700
3/22/2016,ZTS,41.59,42.75,41.59,42.889999,7592600
3/23/2016,ZTS,42.799999,42.639999,42.150002,42.84,5261500
3/24/2016,ZTS,42.27,42.48,42.130001,43.060001,4796600
3/28/2016,ZTS,42.490002,42.18,41.970001,42.639999,2038300
3/29/2016,ZTS,42,43.119999,41.860001,43.139999,2763500
3/30/2016,ZTS,43.240002,44.02,43.23,44.380001,5311700
3/31/2016,ZTS,43.400002,44.330002,43.25,44.549999,6326700
4/1/2016,ZTS,44.02,44.990002,43.970001,45.060001,4549300
4/4/2016,ZTS,45.099998,45.759998,45.029999,46.040001,5400600
4/5/2016,ZTS,45.259998,45.849998,45.009998,45.98,6004300
4/6/2016,ZTS,45.799999,47.27,45.700001,47.599998,6180800
4/7/2016,ZTS,46.959999,47.189999,46.830002,47.240002,5865600
4/8/2016,ZTS,47.360001,46.939999,46.540001,47.459999,4872700
4/11/2016,ZTS,47,46.669998,46.48,47.040001,3962100
4/12/2016,ZTS,46.84,47.009998,46.599998,47.119999,3634800
4/13/2016,ZTS,47.150002,47.5,46.950001,47.5,3295700
4/14/2016,ZTS,47.27,47.669998,47.119999,47.959999,3065300
4/15/2016,ZTS,47.75,48.110001,47.57,48.139999,3189400
4/18/2016,ZTS,47.98,48.57,47.77,48.779999,3033300
4/19/2016,ZTS,48.689999,48.560001,48.360001,49.099998,2426200
4/20/2016,ZTS,48.560001,48.470001,47.889999,48.720001,2702100
4/21/2016,ZTS,48.419998,48.439999,48.040001,48.830002,2998900
4/22/2016,ZTS,48.540001,48.639999,48.18,48.950001,2117600
4/25/2016,ZTS,48.34,47.32,47.209999,48.360001,5239600
4/26/2016,ZTS,47.400002,47.610001,46.950001,47.759998,3360100
4/27/2016,ZTS,47.610001,47.459999,47.34,47.810001,2490100
4/28/2016,ZTS,47.23,47.189999,46.970001,47.639999,1888600
4/29/2016,ZTS,47.16,47.029999,46.619999,47.310001,3342300
5/2/2016,ZTS,47.200001,48.029999,46.869999,48.099998,3705400
5/3/2016,ZTS,47.889999,48.150002,47.619999,48.369999,4474600
5/4/2016,ZTS,47.91,47.049999,46.049999,48.040001,5430400
5/5/2016,ZTS,47.32,48.240002,47.029999,48.279999,3536200
5/6/2016,ZTS,47.310001,47.34,46.860001,47.73,3493800
5/9/2016,ZTS,47.380001,47.5,47.119999,48.029999,6012400
5/10/2016,ZTS,46.290001,46.560001,46.139999,46.639999,12371400
5/11/2016,ZTS,46.5,46,45.990002,46.849998,5596500
5/12/2016,ZTS,45.849998,46.25,45.560001,46.419998,6171400
5/13/2016,ZTS,46.349998,46.389999,46.029999,46.599998,3167500
5/16/2016,ZTS,46.139999,46.77,46.080002,46.939999,3694300
5/17/2016,ZTS,46.709999,46.5,46.23,46.919998,2562600
5/18/2016,ZTS,46.349998,46.959999,46.310001,47.220001,3498500
5/19/2016,ZTS,46.790001,46.43,45.919998,46.93,2189200
5/20/2016,ZTS,46.700001,47.060001,46.52,47.099998,5065200
5/23/2016,ZTS,47,46.400002,46.400002,47.040001,2356000
5/24/2016,ZTS,46.810001,47.290001,46.740002,47.360001,3450200
5/25/2016,ZTS,47.389999,47,46.880001,47.560001,4637700
5/26/2016,ZTS,46.889999,47.330002,46.77,47.470001,3116900
5/27/2016,ZTS,47.540001,47.18,47.099998,47.68,2021900
5/31/2016,ZTS,47.419998,47.419998,47.110001,47.709999,2804200
6/1/2016,ZTS,47.490002,47.849998,47.23,48,2140700
6/2/2016,ZTS,47.889999,48.130001,47.66,48.18,1750900
6/3/2016,ZTS,48.09,47.93,47.43,48.110001,2287000
6/6/2016,ZTS,47.93,48.41,47.830002,48.419998,2006600
6/7/2016,ZTS,48.080002,48.349998,47.889999,48.529999,2432500
6/8/2016,ZTS,48.369999,48.450001,48.209999,48.580002,1827200
6/9/2016,ZTS,48.360001,48.139999,47.919998,48.68,2121200
6/10/2016,ZTS,47.34,47.389999,46.950001,47.599998,4378900
6/13/2016,ZTS,47.169998,46.189999,46.150002,47.32,2829900
6/14/2016,ZTS,46.029999,47.189999,45.970001,47.23,4244700
6/15/2016,ZTS,47.189999,47.220001,47.130001,47.709999,3517900
6/16/2016,ZTS,47,47.259998,46.560001,47.360001,2366900
6/17/2016,ZTS,47.209999,46.439999,46.439999,47.259998,4010000
6/20/2016,ZTS,47.009998,46.91,46.830002,47.310001,2543500
6/21/2016,ZTS,47.130001,47.290001,46.68,47.369999,2698500
6/22/2016,ZTS,47.16,47.330002,46.84,47.790001,2640200
6/23/2016,ZTS,47.599998,47.900002,47.439999,47.900002,2291500
6/24/2016,ZTS,46.23,46.509998,46.18,47.360001,6423700
6/27/2016,ZTS,46.299999,45.419998,45.279999,46.59,5046800
6/28/2016,ZTS,45.900002,46.419998,45.68,46.419998,3628500
6/29/2016,ZTS,46.880001,47.240002,46.68,47.380001,3603900
6/30/2016,ZTS,47.189999,47.459999,46.970001,47.529999,3769000
7/1/2016,ZTS,47.5,47.450001,47.349998,47.98,2008300
7/5/2016,ZTS,47.18,47.5,46.84,47.630001,2655400
7/6/2016,ZTS,47.209999,48.09,47.009998,48.139999,3451600
7/7/2016,ZTS,48.099998,47.689999,47.459999,48.169998,2338000
7/8/2016,ZTS,47.84,48.5,47.790001,48.610001,2852000
7/11/2016,ZTS,48.580002,48.290001,48.279999,48.68,2011600
7/12/2016,ZTS,48.529999,48.869999,48.220001,48.919998,1824100
7/13/2016,ZTS,49.07,49.189999,48.939999,49.279999,2574300
7/14/2016,ZTS,49.619999,49.98,49.369999,50.060001,2617900
7/15/2016,ZTS,50.080002,49.68,49.52,50.27,2089100
7/18/2016,ZTS,49.689999,49.720001,49.580002,50.209999,2756800
7/19/2016,ZTS,49.5,49.369999,49,49.740002,2305700
7/20/2016,ZTS,49.52,50.25,49.459999,50.34,2530800
7/21/2016,ZTS,50.209999,50.139999,50.009998,50.389999,1710800
7/22/2016,ZTS,50.169998,50.259998,49.869999,50.360001,1308000
7/25/2016,ZTS,50.189999,49.990002,49.73,50.240002,2053700
7/26/2016,ZTS,50,49.919998,49.689999,50.049999,2582500
7/27/2016,ZTS,49.919998,49.849998,49.630001,50.060001,3930000
7/28/2016,ZTS,49.849998,50.060001,49.57,50.169998,2852900
7/29/2016,ZTS,49.990002,50.470001,49.970001,50.580002,3501500
8/1/2016,ZTS,50.470001,50.400002,50.369999,50.740002,3715300
8/2/2016,ZTS,50.220001,49.720001,49.290001,50.25,5500500
8/3/2016,ZTS,52.150002,51.209999,50.720001,52.18,5425500
8/4/2016,ZTS,51.529999,51.41,51.189999,51.990002,4520300
8/5/2016,ZTS,51.740002,51.09,51.02,51.740002,4222000
8/8/2016,ZTS,51.02,50.799999,50.48,51.060001,5174600
8/9/2016,ZTS,50.830002,50.93,50.639999,50.98,3666700
8/10/2016,ZTS,50.77,51.810001,50.610001,52,5086400
8/11/2016,ZTS,51.889999,52.07,51.639999,52.16,3056900
8/12/2016,ZTS,51.93,51.98,51.700001,52.099998,1980700
8/15/2016,ZTS,52.16,52.380001,52.080002,52.48,2280700
8/16/2016,ZTS,52.16,52.09,51.939999,52.459999,2696900
8/17/2016,ZTS,52.299999,52.299999,51.689999,52.369999,3027600
8/18/2016,ZTS,52.400002,52.290001,52.09,52.639999,1842500
8/19/2016,ZTS,52.060001,52.540001,52.060001,52.610001,2713900
8/22/2016,ZTS,52,51.23,51.110001,52.27,5297800
8/23/2016,ZTS,51.389999,51.25,51.23,51.639999,3518500
8/24/2016,ZTS,51.259998,50.630001,50.560001,51.419998,3262800
8/25/2016,ZTS,50.619999,50.470001,50.360001,51.029999,2919300
8/26/2016,ZTS,50.66,50.759998,50.470001,51.16,2707100
8/29/2016,ZTS,50.759998,50.759998,50.419998,50.959999,2370700
8/30/2016,ZTS,50.68,50.75,50.369999,50.900002,2878600
8/31/2016,ZTS,50.740002,51.099998,50.48,51.18,3446700
9/1/2016,ZTS,51.150002,51.110001,50.619999,51.150002,2695000
9/2/2016,ZTS,51.34,51.259998,51.080002,51.400002,2226500
9/6/2016,ZTS,51.41,51.290001,51.16,51.709999,3957400
9/7/2016,ZTS,51.439999,52.040001,51.389999,52.049999,3766400
9/8/2016,ZTS,52.029999,51.41,51.299999,52.099998,5517300
9/9/2016,ZTS,51.23,50.389999,50.380001,51.23,3173300
9/12/2016,ZTS,50.189999,51.150002,50.07,51.34,5678000
9/13/2016,ZTS,50.73,50.32,50.189999,50.919998,3880000
9/14/2016,ZTS,50.419998,50.549999,50.349998,50.830002,3544600
9/15/2016,ZTS,50.709999,50.720001,50.200001,50.93,3331000
9/16/2016,ZTS,50.869999,50.509998,50.299999,50.869999,8679600
9/19/2016,ZTS,50.650002,50.32,50.27,50.84,2429000
9/20/2016,ZTS,50.650002,50.599998,50.509998,50.75,1722800
9/21/2016,ZTS,50.599998,51.060001,50.419998,51.119999,2487000
9/22/2016,ZTS,51.200001,51.630001,51.150002,51.82,3172900
9/23/2016,ZTS,51.630001,51.509998,51.330002,51.77,2560500
9/26/2016,ZTS,51.400002,51.209999,51.060001,51.400002,3267000
9/27/2016,ZTS,51.200001,51.869999,50.889999,51.880001,3203400
9/28/2016,ZTS,51.98,51.75,51.220001,52.169998,2842300
9/29/2016,ZTS,51.740002,51.02,50.93,51.91,2877900
9/30/2016,ZTS,51.139999,52.009998,50.950001,52.119999,3971600
10/3/2016,ZTS,51.759998,52.360001,51.630001,52.43,2412700
10/4/2016,ZTS,52.43,52.310001,51.779999,52.610001,3189800
10/5/2016,ZTS,52.310001,52.18,51.950001,52.419998,2607500
10/6/2016,ZTS,51.939999,51.650002,51.400002,52.02,2702500
10/7/2016,ZTS,52.080002,51.849998,51.549999,52.209999,3323600
10/10/2016,ZTS,52,52.689999,52,53.139999,3118800
10/11/2016,ZTS,52.310001,50.959999,50.23,52.349998,7512200
10/12/2016,ZTS,51.029999,51.419998,50.790001,51.57,4602000
10/13/2016,ZTS,51.130001,51.02,50.650002,51.200001,2812200
10/14/2016,ZTS,51.16,50.18,50.18,51.169998,2485400
10/17/2016,ZTS,50.150002,50.029999,49.869999,50.290001,2644600
10/18/2016,ZTS,50.57,51.060001,50.509998,51.130001,2032600
10/19/2016,ZTS,51.389999,51.110001,50.82,51.389999,1605200
10/20/2016,ZTS,51.080002,51.299999,50.970001,51.41,1497800
10/21/2016,ZTS,50.98,50.939999,50.700001,51.169998,2032200
10/24/2016,ZTS,51.060001,51.029999,50.810001,51.189999,1674000
10/25/2016,ZTS,50.459999,49.990002,49.639999,50.459999,3556800
10/26/2016,ZTS,49.560001,48.77,48.73,49.639999,3930100
10/27/2016,ZTS,49.119999,48.77,48.66,49.25,2564500
10/28/2016,ZTS,48.490002,48.560001,47.900002,48.720001,3621800
10/31/2016,ZTS,48.689999,47.799999,47.759998,48.779999,4635800
11/1/2016,ZTS,47.610001,47.25,46.860001,47.900002,8722800
11/2/2016,ZTS,50.91,50.110001,48.830002,50.98,8106200
11/3/2016,ZTS,50.169998,48.950001,48.709999,50.220001,4550200
11/4/2016,ZTS,49.060001,49.939999,48.970001,50.220001,4234200
11/7/2016,ZTS,50.619999,49.98,49.82,50.84,9364500
11/8/2016,ZTS,49.720001,50.330002,49.349998,50.959999,3852200
11/9/2016,ZTS,51.889999,51,50.32,52.189999,5102900
11/10/2016,ZTS,51.650002,51.09,50.48,51.84,5661800
11/11/2016,ZTS,50.84,50.610001,50.130001,50.959999,3526600
11/14/2016,ZTS,50.849998,48.959999,48.900002,51,3681300
11/15/2016,ZTS,48.709999,49.150002,48.240002,49.189999,5996800
11/16/2016,ZTS,49.259998,48.84,48.77,49.639999,2941500
11/17/2016,ZTS,49.080002,49.209999,48.799999,49.560001,3645100
11/18/2016,ZTS,49.25,49.889999,49.23,50.110001,4747900
11/21/2016,ZTS,49.950001,50,49.75,50.150002,2730200
11/22/2016,ZTS,49.849998,49.630001,49.07,50,3018500
11/23/2016,ZTS,49.380001,50.18,48.869999,50.18,2056200
11/25/2016,ZTS,50.349998,50.18,50.060001,50.490002,804700
11/28/2016,ZTS,50,50.150002,49.790001,50.389999,2695200
11/29/2016,ZTS,50.029999,50.450001,50.029999,50.580002,2313600
11/30/2016,ZTS,50.610001,50.380001,50.27,50.82,3782100
12/1/2016,ZTS,50.41,49.16,48.619999,50.549999,4252000
12/2/2016,ZTS,49.32,49.099998,48.549999,49.360001,3182800
12/5/2016,ZTS,48.950001,49.82,48.950001,49.84,2578200
12/6/2016,ZTS,49.68,50.220001,49.549999,50.23,2573000
12/7/2016,ZTS,51.200001,51.259998,49.790001,51.380001,4037800
12/8/2016,ZTS,50.900002,51.68,50.66,51.700001,3217000
12/9/2016,ZTS,51.860001,51.889999,51.599998,52.48,2664300
12/12/2016,ZTS,51.82,50.919998,50.77,51.93,5021800
12/13/2016,ZTS,51.259998,51.049999,50.810001,51.43,5177700
12/14/2016,ZTS,51.029999,50.84,50.57,51.470001,2890500
12/15/2016,ZTS,52.169998,52.32,51.66,52.77,3995200
12/16/2016,ZTS,52.459999,52.459999,52.23,52.75,3959800
12/19/2016,ZTS,52.459999,52.389999,52.259998,53.060001,2137800
12/20/2016,ZTS,53.220001,53.099998,52.830002,53.48,2580800
12/21/2016,ZTS,53.330002,53.119999,52.73,53.41,2754600
12/22/2016,ZTS,52.669998,53.259998,52.669998,53.369999,1515800
12/23/2016,ZTS,53.200001,53.779999,53.18,53.779999,1942400
12/27/2016,ZTS,53.779999,53.720001,53.650002,54.150002,1345000
12/28/2016,ZTS,53.759998,53.439999,53.349998,53.849998,1241900
12/29/2016,ZTS,53.470001,53.619999,53.400002,53.779999,1046700
12/30/2016,ZTS,53.639999,53.529999,53.27,53.740002,1701200
